CLASSIFICAÇÃO;CNPJ;EMPRESA;CNPJ DATA;PORTE;COD. NATUREZA JURIDICA;CNAE;PORTARIA;DOU DATA;DESCRICAO;CAMPO;SECAO;DIVISAO;GRUPO;UF
EED;10.524.120/0001-41;ACRUX LTDA;17/11/2008;ME;206-2;71.12-0-00;2340;06/05/2024;Serviços de engenharia;ATIVIDADES PROFISSIONAIS, CIENTÍFICAS E TÉCNICAS;M;71;71.1;SP
EED;10.524.120/0001-41;ACRUX LTDA;17/11/2008;ME;206-2;46.69-9-99;2340;06/05/2024;"Comércio atacadista de máquinas, aparelhos e equipamentos não especificados anteriormente; partes e peças";"COMÉRCIO; REPARAÇÃO DE VEÍCULOS AUTOMOTORES E MOTOCICLETAS";G;46;46.6;SP
EED;10.524.120/0001-41;ACRUX LTDA;17/11/2008;ME;206-2;85.50-3-02;2340;06/05/2024;Atividades de apoio à educação;EDUCAÇÃO;P;85;85.5;SP
EED;10.524.120/0001-41;ACRUX LTDA;17/11/2008;ME;206-2;26.51-5-00;2340;06/05/2024;Fabricação de aparelhos e equipamentos de medida, teste e controle;INDÚSTRIAS DE TRANSFORMAÇÃO;C;26;26.5;SP
EED;10.524.120/0001-41;ACRUX LTDA;17/11/2008;ME;206-2;32.99-0-99;2340;06/05/2024;Fabricação de produtos diversos não especificados anteriormente;INDÚSTRIAS DE TRANSFORMAÇÃO;C;32;32.9;SP
EED;10.524.120/0001-41;ACRUX LTDA;17/11/2008;ME;206-2;30.41-5-00;2340;06/05/2024;Fabricação de aeronaves;INDÚSTRIAS DE TRANSFORMAÇÃO;C;30;30.4;SP
EED;13.941.765/0001-78;ACTIPLUS EFICIENCIA EM ENERGIA LTDA;27/06/2011;DEMAIS;206-2;46.84-2-99;2340;06/05/2024;Comércio atacadista de produtos químicos e petroquímicos, exceto agroquímicos;"COMÉRCIO; REPARAÇÃO DE VEÍCULOS AUTOMOTORES E MOTOCICLETAS";G;46;46.8;PR
EED;13.941.765/0001-78;ACTIPLUS EFICIENCIA EM ENERGIA LTDA;27/06/2011;DEMAIS;206-2;33.12-1-02;2340;06/05/2024;Manutenção e reparação de equipamentos eletrônicos e ópticos;INDÚSTRIAS DE TRANSFORMAÇÃO;C;33;33.1;PR
EED;13.941.765/0001-78;ACTIPLUS EFICIENCIA EM ENERGIA LTDA;27/06/2011;DEMAIS;206-2;74.90-1-99;2340;06/05/2024;Atividades profissionais, científicas e técnicas não especificadas anteriormente;ATIVIDADES PROFISSIONAIS, CIENTÍFICAS E TÉCNICAS;M;74;74.9;PR
EED;09.811.654/0001-70;ACUMULADORES MOURA S A;25/03/1986;DEMAIS;205-4;27.22-8-01;2340;06/05/2024;Fabricação de baterias e acumuladores para veículos automotores;INDÚSTRIAS DE TRANSFORMAÇÃO;C;27;27.2;PE
EED;09.811.654/0001-70;ACUMULADORES MOURA S A;25/03/1986;DEMAIS;205-4;07.29-4-05;2340;06/05/2024;Extração de minerais metálicos não-ferrosos não especificados anteriormente;INDÚSTRIAS EXTRATIVAS;B;7;07.2;PE
EED;09.811.654/0001-70;ACUMULADORES MOURA S A;25/03/1986;DEMAIS;205-4;22.29-3-02;2340;06/05/2024;Fabricação de artefatos de material plástico não especificados anteriormente;INDÚSTRIAS DE TRANSFORMAÇÃO;C;22;22.2;PE
EED;09.811.654/0001-70;ACUMULADORES MOURA S A;25/03/1986;DEMAIS;205-4;24.49-1-99;2340;06/05/2024;Metalurgia dos metais não-ferrosos e suas ligas não especificados anteriormente;INDÚSTRIAS DE TRANSFORMAÇÃO;C;24;24.4;PE
EED;09.811.654/0001-70;ACUMULADORES MOURA S A;25/03/1986;DEMAIS;205-4;25.99-3-99;2340;06/05/2024;Fabricação de produtos de metal não especificados anteriormente;INDÚSTRIAS DE TRANSFORMAÇÃO;C;25;25.9;PE
EED;09.811.654/0001-70;ACUMULADORES MOURA S A;25/03/1986;DEMAIS;205-4;27.10-4-01;2340;06/05/2024;Fabricação de geradores, transformadores e motores elétricos;INDÚSTRIAS DE TRANSFORMAÇÃO;C;27;27.1;PE
EED;09.811.654/0001-70;ACUMULADORES MOURA S A;25/03/1986;DEMAIS;205-4;27.10-4-02;2340;06/05/2024;Fabricação de geradores, transformadores e motores elétricos;INDÚSTRIAS DE TRANSFORMAÇÃO;C;27;27.1;PE
EED;09.811.654/0001-70;ACUMULADORES MOURA S A;25/03/1986;DEMAIS;205-4;27.21-0-00;2340;06/05/2024;Fabricação de pilhas, baterias e acumuladores elétricos, exceto para veículos automotores;INDÚSTRIAS DE TRANSFORMAÇÃO;C;27;27.2;PE
EED;09.811.654/0001-70;ACUMULADORES MOURA S A;25/03/1986;DEMAIS;205-4;33.13-9-02;2340;06/05/2024;Manutenção e reparação de máquinas e equipamentos elétricos;INDÚSTRIAS DE TRANSFORMAÇÃO;C;33;33.1;PE
EED;09.811.654/0001-70;ACUMULADORES MOURA S A;25/03/1986;DEMAIS;205-4;33.21-0-00 ;2340;06/05/2024;Instalação de máquinas e equipamentos industriais;INDÚSTRIAS DE TRANSFORMAÇÃO;C;33;33.2;PE
EED;09.811.654/0001-70;ACUMULADORES MOURA S A;25/03/1986;DEMAIS;205-4;45.20-0-03;2340;06/05/2024;Manutenção e reparação de veículos automotores;"COMÉRCIO; REPARAÇÃO DE VEÍCULOS AUTOMOTORES E MOTOCICLETAS";G;45;45.2;PE
EED;09.811.654/0001-70;ACUMULADORES MOURA S A;25/03/1986;DEMAIS;205-4;45.30-7-01;2340;06/05/2024;Comércio de peças e acessórios para veículos automotores;"COMÉRCIO; REPARAÇÃO DE VEÍCULOS AUTOMOTORES E MOTOCICLETAS";G;45;45.3;PE
EED;09.811.654/0001-70;ACUMULADORES MOURA S A;25/03/1986;DEMAIS;205-4;45.41-2-02;2340;06/05/2024;Comércio por atacado e a varejo de motocicletas, peças e acessórios;"COMÉRCIO; REPARAÇÃO DE VEÍCULOS AUTOMOTORES E MOTOCICLETAS";G;45;45.4;PE
EED;09.811.654/0001-70;ACUMULADORES MOURA S A;25/03/1986;DEMAIS;205-4;46.69-9-99 ;2340;06/05/2024;"Comércio atacadista de máquinas, aparelhos e equipamentos não especificados anteriormente; partes e peças";"COMÉRCIO; REPARAÇÃO DE VEÍCULOS AUTOMOTORES E MOTOCICLETAS";G;46;46.6;PE
EED;09.811.654/0001-70;ACUMULADORES MOURA S A;25/03/1986;DEMAIS;205-4;46.73-7-00;2340;06/05/2024;Comércio atacadista de material elétrico;"COMÉRCIO; REPARAÇÃO DE VEÍCULOS AUTOMOTORES E MOTOCICLETAS";G;46;46.7;PE
EED;09.811.654/0001-70;ACUMULADORES MOURA S A;25/03/1986;DEMAIS;205-4;46.89-3-01 ;2340;06/05/2024;Comércio atacadista especializado de outros produtos intermediários não especificados anteriormente;"COMÉRCIO; REPARAÇÃO DE VEÍCULOS AUTOMOTORES E MOTOCICLETAS";G;46;46.8;PE
EED;09.811.654/0001-70;ACUMULADORES MOURA S A;25/03/1986;DEMAIS;205-4;46.89-3-99;2340;06/05/2024;Comércio atacadista especializado de outros produtos intermediários não especificados anteriormente;"COMÉRCIO; REPARAÇÃO DE VEÍCULOS AUTOMOTORES E MOTOCICLETAS";G;46;46.8;PE
EED;09.811.654/0001-70;ACUMULADORES MOURA S A;25/03/1986;DEMAIS;205-4;46.93-1-00;2340;06/05/2024;Comércio atacadista de mercadorias em geral, sem predominância de alimentos ou de insumos agropecuários;"COMÉRCIO; REPARAÇÃO DE VEÍCULOS AUTOMOTORES E MOTOCICLETAS";G;46;46.9;PE
EED;09.811.654/0001-70;ACUMULADORES MOURA S A;25/03/1986;DEMAIS;205-4;52.11-7-99;2340;06/05/2024;Armazenamento;TRANSPORTE, ARMAZENAGEM E CORREIO;H;52;52.1;PE
EED;09.811.654/0001-70;ACUMULADORES MOURA S A;25/03/1986;DEMAIS;205-4;64.63-8-00;2340;06/05/2024;Outras sociedades de participação, exceto holdings;ATIVIDADES FINANCEIRAS, DE SEGUROS E SERVIÇOS RELACIONADOS;K;64;64.6;PE
EED;09.811.654/0001-70;ACUMULADORES MOURA S A;25/03/1986;DEMAIS;205-4;71.12-0-00;2340;06/05/2024;Serviços de engenharia;ATIVIDADES PROFISSIONAIS, CIENTÍFICAS E TÉCNICAS;M;71;71.1;PE
EED;09.811.654/0001-70;ACUMULADORES MOURA S A;25/03/1986;DEMAIS;205-4;71.20-1-00;2340;06/05/2024;Testes e análises técnicas;ATIVIDADES PROFISSIONAIS, CIENTÍFICAS E TÉCNICAS;M;71;71.2;PE
EED;09.811.654/0001-70;ACUMULADORES MOURA S A;25/03/1986;DEMAIS;205-4;77.40-3-00;2340;06/05/2024;Gestão de ativos intangíveis não-financeiros;ATIVIDADES ADMINISTRATIVAS E SERVIÇOS COMPLEMENTARES;N;77;77.4;PE
EED;09.811.654/0001-70;ACUMULADORES MOURA S A;25/03/1986;DEMAIS;205-4;82.11-3-00;2340;06/05/2024;Serviços combinados de escritório e apoio administrativo;ATIVIDADES ADMINISTRATIVAS E SERVIÇOS COMPLEMENTARES;N;82;82.1;PE
EED;09.811.654/0001-70;ACUMULADORES MOURA S A;25/03/1986;DEMAIS;205-4;85.99-6-04;2340;06/05/2024;Atividades de ensino não especificadas anteriormente;EDUCAÇÃO;P;85;85.9;PE
EED;01.598.794/0001-08;ADKL ZELLER ELETRO SISTEMAS LTDA;13/12/1996;DEMAIS;206-2;27.31-7-00;4075;04/12/2020;Fabricação de aparelhos e equipamentos para distribuição e controle de energia elétrica;INDÚSTRIAS DE TRANSFORMAÇÃO;C;27;27.3;RJ
EED;01.598.794/0001-08;ADKL ZELLER ELETRO SISTEMAS LTDA;13/12/1996;DEMAIS;206-2;43.21-5-00;4075;04/12/2020;Instalações elétricas;CONSTRUÇÃO;F;43;43.2;RJ
EED;01.598.794/0001-08;ADKL ZELLER ELETRO SISTEMAS LTDA;13/12/1996;DEMAIS;206-2;71.12-0-00;4075;04/12/2020;Serviços de engenharia;ATIVIDADES PROFISSIONAIS, CIENTÍFICAS E TÉCNICAS;M;71;71.1;RJ
EED;01.598.794/0001-08;ADKL ZELLER ELETRO SISTEMAS LTDA;13/12/1996;DEMAIS;206-2;46.73-7-00;4075;04/12/2020;Comércio atacadista de material elétrico;"COMÉRCIO; REPARAÇÃO DE VEÍCULOS AUTOMOTORES E MOTOCICLETAS";G;46;46.7;RJ
EED;01.598.794/0001-08;ADKL ZELLER ELETRO SISTEMAS LTDA;13/12/1996;DEMAIS;206-2;62.02-3-00;4075;04/12/2020;Desenvolvimento e licenciamento de programas de computador customizáveis;INFORMAÇÃO E COMUNICAÇÃO;J;62;62.0;RJ
EED;01.598.794/0001-08;ADKL ZELLER ELETRO SISTEMAS LTDA;13/12/1996;DEMAIS;206-2;85.99-6-04;4075;04/12/2020;Atividades de ensino não especificadas anteriormente;EDUCAÇÃO;P;85;85.9;RJ
EED;01.598.794/0001-08;ADKL ZELLER ELETRO SISTEMAS LTDA;13/12/1996;DEMAIS;206-2;43.99-1-01 ;4075;04/12/2020;Serviços especializados para construção não especificados anteriormente;CONSTRUÇÃO;F;43;43.9;RJ
EED;01.598.794/0001-08;ADKL ZELLER ELETRO SISTEMAS LTDA;13/12/1996;DEMAIS;206-2;42.21-9-04;4075;04/12/2020;Obras para geração e distribuição de energia elétrica e para telecomunicações;CONSTRUÇÃO;F;42;42.2;RJ
EED;01.598.794/0001-08;ADKL ZELLER ELETRO SISTEMAS LTDA;13/12/1996;DEMAIS;206-2;43.22-3-02;4075;04/12/2020;Instalações hidráulicas, de sistemas de ventilação e refrigeração;CONSTRUÇÃO;F;43;43.2;RJ
EED;01.598.794/0001-08;ADKL ZELLER ELETRO SISTEMAS LTDA;13/12/1996;DEMAIS;206-2;43.22-3-01;4075;04/12/2020;Instalações hidráulicas, de sistemas de ventilação e refrigeração;CONSTRUÇÃO;F;43;43.2;RJ
EED;01.598.794/0001-08;ADKL ZELLER ELETRO SISTEMAS LTDA;13/12/1996;DEMAIS;206-2;42.21-9-05;4075;04/12/2020;Obras para geração e distribuição de energia elétrica e para telecomunicações;CONSTRUÇÃO;F;42;42.2;RJ
EED;01.598.794/0001-08;ADKL ZELLER ELETRO SISTEMAS LTDA;13/12/1996;DEMAIS;206-2;42.92-8-01;4075;04/12/2020;Montagem de instalações industriais e de estruturas metálicas;CONSTRUÇÃO;F;42;42.9;RJ
EED;01.598.794/0001-08;ADKL ZELLER ELETRO SISTEMAS LTDA;13/12/1996;DEMAIS;206-2;43.29-1-99;4075;04/12/2020;Obras de instalações em construções não especificadas anteriormente;CONSTRUÇÃO;F;43;43.2;RJ
EED;23.350.687/0001-90;AEGIS LANTERNAS TATICAS;25/09/2015;ME;206-2;27.40-6-02;3216;12/06/2023;Fabricação de lâmpadas e outros equipamentos de iluminação;INDÚSTRIAS DE TRANSFORMAÇÃO;C;27;27.4;RS
EED;23.350.687/0001-90;AEGIS LANTERNAS TATICAS;25/09/2015;ME;206-2;47.42-3-00;3216;12/06/2023;Comércio varejista de material elétrico;"COMÉRCIO; REPARAÇÃO DE VEÍCULOS AUTOMOTORES E MOTOCICLETAS";G;47;47.4;RS
EED;23.350.687/0001-90;AEGIS LANTERNAS TATICAS;25/09/2015;ME;206-2;47.54-7-03;3216;12/06/2023;Comércio varejista especializado de móveis, colchoaria e artigos de iluminação;"COMÉRCIO; REPARAÇÃO DE VEÍCULOS AUTOMOTORES E MOTOCICLETAS";G;47;47.5;RS
EED;23.350.687/0001-90;AEGIS LANTERNAS TATICAS;25/09/2015;ME;206-2;47.59-8-99;3216;12/06/2023;Comércio varejista de artigos de uso doméstico não especificados anteriormente;"COMÉRCIO; REPARAÇÃO DE VEÍCULOS AUTOMOTORES E MOTOCICLETAS";G;47;47.5;RS
EED;23.350.687/0001-90;AEGIS LANTERNAS TATICAS;25/09/2015;ME;206-2;47.63-6-04;3216;12/06/2023;Comércio varejista de artigos recreativos e esportivos;"COMÉRCIO; REPARAÇÃO DE VEÍCULOS AUTOMOTORES E MOTOCICLETAS";G;47;47.6;RS
EED;23.350.687/0001-90;AEGIS LANTERNAS TATICAS;25/09/2015;ME;206-2;47.81-4-00;3216;12/06/2023;Comércio varejista de artigos do vestuário e acessórios;"COMÉRCIO; REPARAÇÃO DE VEÍCULOS AUTOMOTORES E MOTOCICLETAS";G;47;47.8;RS
EED;23.350.687/0001-90;AEGIS LANTERNAS TATICAS;25/09/2015;ME;206-2;47.89-0-99;3216;12/06/2023;Comércio varejista de outros produtos novos não especificados anteriormente;"COMÉRCIO; REPARAÇÃO DE VEÍCULOS AUTOMOTORES E MOTOCICLETAS";G;47;47.8;RS
EED;23.350.687/0001-90;AEGIS LANTERNAS TATICAS;25/09/2015;ME;206-2;95.29-1-99;3216;12/06/2023;Reparação e manutenção de objetos e equipamentos pessoais e domésticos não especificados anteriormente;OUTRAS ATIVIDADES DE SERVIÇOS;S;95;95.2;RS
ED;88.031.539/0001-59;AEL SISTEMAS SA ;28/01/1982;DEMAIS;205-4;26.10-8-00;2056;15/08/2014;Fabricação de componentes eletrônicos;INDÚSTRIAS DE TRANSFORMAÇÃO;C;26;26.1;RS
ED;88.031.539/0001-59;AEL SISTEMAS SA ;28/01/1982;DEMAIS;205-4;26.31-1-00;2056;15/08/2014;Fabricação de equipamentos transmissores de comunicação;INDÚSTRIAS DE TRANSFORMAÇÃO;C;26;26.3;RS
ED;88.031.539/0001-59;AEL SISTEMAS SA ;28/01/1982;DEMAIS;205-4;26.51-5-00;2056;15/08/2014;Fabricação de aparelhos e equipamentos de medida, teste e controle;INDÚSTRIAS DE TRANSFORMAÇÃO;C;26;26.5;RS
ED;88.031.539/0001-59;AEL SISTEMAS SA ;28/01/1982;DEMAIS;205-4;32.50-7-01;2056;15/08/2014;Fabricação de instrumentos e materiais para uso médico e odontológico e de artigos ópticos;INDÚSTRIAS DE TRANSFORMAÇÃO;C;32;32.5;RS
ED;88.031.539/0001-59;AEL SISTEMAS SA ;28/01/1982;DEMAIS;205-4;46.52-4-00;2056;15/08/2014;Comércio atacadista de componentes eletrônicos e equipamentos de telefonia e comunicação;"COMÉRCIO; REPARAÇÃO DE VEÍCULOS AUTOMOTORES E MOTOCICLETAS";G;46;46.5;RS
ED;88.031.539/0001-59;AEL SISTEMAS SA ;28/01/1982;DEMAIS;205-4;62.01-5-01;2056;15/08/2014;Desenvolvimento de programas de computador sob encomenda;INFORMAÇÃO E COMUNICAÇÃO;J;62;62.0;RS
ED;88.031.539/0001-59;AEL SISTEMAS SA ;28/01/1982;DEMAIS;205-4;64.63-8-00;2056;15/08/2014;Outras sociedades de participação, exceto holdings;ATIVIDADES FINANCEIRAS, DE SEGUROS E SERVIÇOS RELACIONADOS;K;64;64.6;RS
ED;88.031.539/0001-59;AEL SISTEMAS SA ;28/01/1982;DEMAIS;205-4;72.10-0-00;2056;15/08/2014;Pesquisa e desenvolvimento experimental em ciências físicas e naturais;ATIVIDADES PROFISSIONAIS, CIENTÍFICAS E TÉCNICAS;M;72;72.1;RS
ED;88.031.539/0001-59;AEL SISTEMAS SA ;28/01/1982;DEMAIS;205-4;77.39-0-99;2056;15/08/2014;Aluguel de máquinas e equipamentos não especificados anteriormente;ATIVIDADES ADMINISTRATIVAS E SERVIÇOS COMPLEMENTARES;N;77;77.3;RS
ED;03.535.330/0002-50;AEQ ALIANCA ELETROQUIMICA LTDA;27/07/2011;DEMAIS;206-2;25.50-1-01;4777;05/12/2019;Fabricação de equipamento bélico pesado, armas de fogo e munições;INDÚSTRIAS DE TRANSFORMAÇÃO;C;25;25.5;PR
ED;03.535.330/0002-50;AEQ ALIANCA ELETROQUIMICA LTDA;27/07/2011;DEMAIS;206-2;20.92-4-01;4777;05/12/2019;Fabricação de explosivos;INDÚSTRIAS DE TRANSFORMAÇÃO;C;20;20.9;PR
EED;47.880.781/0001-10;AERO CONCEPTS SISTEMAS ESPACIAIS E DEFESA LTDA;08/09/2022;DEMAIS;206-2;71.12-0-00;4787;26/09/2023;Serviços de engenharia;ATIVIDADES PROFISSIONAIS, CIENTÍFICAS E TÉCNICAS;M;71;71.1;SP
EED;47.880.781/0001-10;AERO CONCEPTS SISTEMAS ESPACIAIS E DEFESA LTDA;08/09/2022;DEMAIS;206-2;25.11-0-00;4787;26/09/2023;Fabricação de estruturas metálicas;INDÚSTRIAS DE TRANSFORMAÇÃO;C;25;25.1;SP
EED;47.880.781/0001-10;AERO CONCEPTS SISTEMAS ESPACIAIS E DEFESA LTDA;08/09/2022;DEMAIS;206-2;25.50-1-01;4787;26/09/2023;Fabricação de equipamento bélico pesado, armas de fogo e munições;INDÚSTRIAS DE TRANSFORMAÇÃO;C;25;25.5;SP
EED;47.880.781/0001-10;AERO CONCEPTS SISTEMAS ESPACIAIS E DEFESA LTDA;08/09/2022;DEMAIS;206-2;26.51-5-00;4787;26/09/2023;Fabricação de aparelhos e equipamentos de medida, teste e controle;INDÚSTRIAS DE TRANSFORMAÇÃO;C;26;26.5;SP
EED;47.880.781/0001-10;AERO CONCEPTS SISTEMAS ESPACIAIS E DEFESA LTDA;08/09/2022;DEMAIS;206-2;28.11-9-00;4787;26/09/2023;Fabricação de motores e turbinas, exceto para aviões e veículos rodoviários;INDÚSTRIAS DE TRANSFORMAÇÃO;C;28;28.1;SP
EED;47.880.781/0001-10;AERO CONCEPTS SISTEMAS ESPACIAIS E DEFESA LTDA;08/09/2022;DEMAIS;206-2;28.14-3-02;4787;26/09/2023;Fabricação de compressores;INDÚSTRIAS DE TRANSFORMAÇÃO;C;28;28.1;SP
EED;47.880.781/0001-10;AERO CONCEPTS SISTEMAS ESPACIAIS E DEFESA LTDA;08/09/2022;DEMAIS;206-2;30.41-5-00;4787;26/09/2023;Fabricação de aeronaves;INDÚSTRIAS DE TRANSFORMAÇÃO;C;30;30.4;SP
EED;47.880.781/0001-10;AERO CONCEPTS SISTEMAS ESPACIAIS E DEFESA LTDA;08/09/2022;DEMAIS;206-2;30.42-3-00;4787;26/09/2023;Fabricação de turbinas, motores e outros componentes e peças para aeronaves;INDÚSTRIAS DE TRANSFORMAÇÃO;C;30;30.4;SP
EED;47.880.781/0001-10;AERO CONCEPTS SISTEMAS ESPACIAIS E DEFESA LTDA;08/09/2022;DEMAIS;206-2;33.16-3-01;4787;26/09/2023;Manutenção e reparação de aeronaves;INDÚSTRIAS DE TRANSFORMAÇÃO;C;33;33.1;SP
EED;47.880.781/0001-10;AERO CONCEPTS SISTEMAS ESPACIAIS E DEFESA LTDA;08/09/2022;DEMAIS;206-2;33.21-0-00;4787;26/09/2023;Instalação de máquinas e equipamentos industriais;INDÚSTRIAS DE TRANSFORMAÇÃO;C;33;33.2;SP
EED;47.880.781/0001-10;AERO CONCEPTS SISTEMAS ESPACIAIS E DEFESA LTDA;08/09/2022;DEMAIS;206-2;43.99-1-01;4787;26/09/2023;Serviços especializados para construção não especificados anteriormente;CONSTRUÇÃO;F;43;43.9;SP
EED;47.880.781/0001-10;AERO CONCEPTS SISTEMAS ESPACIAIS E DEFESA LTDA;08/09/2022;DEMAIS;206-2;46.69-9-01;4787;26/09/2023;"Comércio atacadista de máquinas, aparelhos e equipamentos não especificados anteriormente; partes e peças";"COMÉRCIO; REPARAÇÃO DE VEÍCULOS AUTOMOTORES E MOTOCICLETAS";G;46;46.6;SP
EED;47.880.781/0001-10;AERO CONCEPTS SISTEMAS ESPACIAIS E DEFESA LTDA;08/09/2022;DEMAIS;206-2;46.69-9-99;4787;26/09/2023;"Comércio atacadista de máquinas, aparelhos e equipamentos não especificados anteriormente; partes e peças";"COMÉRCIO; REPARAÇÃO DE VEÍCULOS AUTOMOTORES E MOTOCICLETAS";G;46;46.6;SP
EED;47.880.781/0001-10;AERO CONCEPTS SISTEMAS ESPACIAIS E DEFESA LTDA;08/09/2022;DEMAIS;206-2;51.30-7-00;4787;26/09/2023;Transporte espacial;TRANSPORTE, ARMAZENAGEM E CORREIO;H;51;51.3;SP
EED;47.880.781/0001-10;AERO CONCEPTS SISTEMAS ESPACIAIS E DEFESA LTDA;08/09/2022;DEMAIS;206-2;61.30-2-00;4787;26/09/2023;Telecomunicações por satélite;INFORMAÇÃO E COMUNICAÇÃO;J;61;61.3;SP
EED;47.880.781/0001-10;AERO CONCEPTS SISTEMAS ESPACIAIS E DEFESA LTDA;08/09/2022;DEMAIS;206-2;61.90-6-99;4787;26/09/2023;Outras atividades de telecomunicações;INFORMAÇÃO E COMUNICAÇÃO;J;61;61.9;SP
EED;47.880.781/0001-10;AERO CONCEPTS SISTEMAS ESPACIAIS E DEFESA LTDA;08/09/2022;DEMAIS;206-2;62.01-5-01;4787;26/09/2023;Desenvolvimento de programas de computador sob encomenda;INFORMAÇÃO E COMUNICAÇÃO;J;62;62.0;SP
EED;47.880.781/0001-10;AERO CONCEPTS SISTEMAS ESPACIAIS E DEFESA LTDA;08/09/2022;DEMAIS;206-2;63.99-2-00;4787;26/09/2023;Outras atividades de prestação de serviços de informação não especificadas anteriormente;INFORMAÇÃO E COMUNICAÇÃO;J;63;63.9;SP
EED;47.880.781/0001-10;AERO CONCEPTS SISTEMAS ESPACIAIS E DEFESA LTDA;08/09/2022;DEMAIS;206-2;64.62-0-00;4787;26/09/2023;Holdings de instituições não-financeiras;ATIVIDADES FINANCEIRAS, DE SEGUROS E SERVIÇOS RELACIONADOS;K;64;64.6;SP
EED;47.880.781/0001-10;AERO CONCEPTS SISTEMAS ESPACIAIS E DEFESA LTDA;08/09/2022;DEMAIS;206-2;68.10-2-01 ;4787;26/09/2023;Atividades imobiliárias de imóveis próprios;ATIVIDADES IMOBILIÁRIAS;L;68;68.1;SP
EED;47.880.781/0001-10;AERO CONCEPTS SISTEMAS ESPACIAIS E DEFESA LTDA;08/09/2022;DEMAIS;206-2;68.10-2-02;4787;26/09/2023;Atividades imobiliárias de imóveis próprios;ATIVIDADES IMOBILIÁRIAS;L;68;68.1;SP
EED;47.880.781/0001-10;AERO CONCEPTS SISTEMAS ESPACIAIS E DEFESA LTDA;08/09/2022;DEMAIS;206-2;71.19-7-01;4787;26/09/2023;Atividades técnicas relacionadas à arquitetura e engenharia;ATIVIDADES PROFISSIONAIS, CIENTÍFICAS E TÉCNICAS;M;71;71.1;SP
EED;47.880.781/0001-10;AERO CONCEPTS SISTEMAS ESPACIAIS E DEFESA LTDA;08/09/2022;DEMAIS;206-2;71.20-1-00;4787;26/09/2023;Testes e análises técnicas;ATIVIDADES PROFISSIONAIS, CIENTÍFICAS E TÉCNICAS;M;71;71.2;SP
EED;47.880.781/0001-10;AERO CONCEPTS SISTEMAS ESPACIAIS E DEFESA LTDA;08/09/2022;DEMAIS;206-2;72.10-0-00;4787;26/09/2023;Pesquisa e desenvolvimento experimental em ciências físicas e naturais;ATIVIDADES PROFISSIONAIS, CIENTÍFICAS E TÉCNICAS;M;72;72.1;SP
EED;47.880.781/0001-10;AERO CONCEPTS SISTEMAS ESPACIAIS E DEFESA LTDA;08/09/2022;DEMAIS;206-2;84.22-1-00;4787;26/09/2023;Defesa;ADMINISTRAÇÃO PÚBLICA, DEFESA E SEGURIDADE SOCIAL;O;84;84.2;SP
EED;92.833.110/0001-52;AEROMOT-AERONAVES E MOTORES SA;31/07/1967;DEMAIS;205-4;33.16-3-01;4779;05/12/2019;Manutenção e reparação de aeronaves;INDÚSTRIAS DE TRANSFORMAÇÃO;C;33;33.1;RS
EED;92.833.110/0001-52;AEROMOT-AERONAVES E MOTORES SA;31/07/1967;DEMAIS;205-4;30.41-5-00;4779;05/12/2019;Fabricação de aeronaves;INDÚSTRIAS DE TRANSFORMAÇÃO;C;30;30.4;RS
EED;92.833.110/0001-52;AEROMOT-AERONAVES E MOTORES SA;31/07/1967;DEMAIS;205-4;30.42-3-00;4779;05/12/2019;Fabricação de turbinas, motores e outros componentes e peças para aeronaves;INDÚSTRIAS DE TRANSFORMAÇÃO;C;30;30.4;RS
EED;92.833.110/0001-52;AEROMOT-AERONAVES E MOTORES SA;31/07/1967;DEMAIS;205-4;45.30-7-03;4779;05/12/2019;Comércio de peças e acessórios para veículos automotores;"COMÉRCIO; REPARAÇÃO DE VEÍCULOS AUTOMOTORES E MOTOCICLETAS";G;45;45.3;RS
EED;92.833.110/0001-52;AEROMOT-AERONAVES E MOTORES SA;31/07/1967;DEMAIS;205-4;46.14-1-00;4779;05/12/2019;Representantes comerciais e agentes do comércio de máquinas, equipamentos, embarcações e aeronaves;"COMÉRCIO; REPARAÇÃO DE VEÍCULOS AUTOMOTORES E MOTOCICLETAS";G;46;46.1;RS
EED;92.833.110/0001-52;AEROMOT-AERONAVES E MOTORES SA;31/07/1967;DEMAIS;205-4;52.11-7-99 ;4779;05/12/2019;Armazenamento;TRANSPORTE, ARMAZENAGEM E CORREIO;H;52;52.1;RS
EED;92.833.110/0001-52;AEROMOT-AERONAVES E MOTORES SA;31/07/1967;DEMAIS;205-4;74.20-0-02;4779;05/12/2019;Atividades fotográficas e similares;ATIVIDADES PROFISSIONAIS, CIENTÍFICAS E TÉCNICAS;M;74;74.2;RS
EED;03.506.772/0001-98;AEROTRON INDUSTRIA E COMERCIO LTDA ;17/11/1999;DEMAIS;206-2;71.12-0-00;707;13/06/2016;Serviços de engenharia;ATIVIDADES PROFISSIONAIS, CIENTÍFICAS E TÉCNICAS;M;71;71.1;MG
EED;03.506.772/0001-98;AEROTRON INDUSTRIA E COMERCIO LTDA ;17/11/1999;DEMAIS;206-2;28.69-1-00;707;13/06/2016;Fabricação de máquinas e equipamentos para uso industrial específico não especificados anteriormente;INDÚSTRIAS DE TRANSFORMAÇÃO;C;28;28.6;MG
EED;03.506.772/0001-98;AEROTRON INDUSTRIA E COMERCIO LTDA ;17/11/1999;DEMAIS;206-2;33.16-3-01;707;13/06/2016;Manutenção e reparação de aeronaves;INDÚSTRIAS DE TRANSFORMAÇÃO;C;33;33.1;MG
EED;03.506.772/0001-98;AEROTRON INDUSTRIA E COMERCIO LTDA ;17/11/1999;DEMAIS;206-2;46.14-1-00;707;13/06/2016;Representantes comerciais e agentes do comércio de máquinas, equipamentos, embarcações e aeronaves;"COMÉRCIO; REPARAÇÃO DE VEÍCULOS AUTOMOTORES E MOTOCICLETAS";G;46;46.1;MG
EED;03.506.772/0001-98;AEROTRON INDUSTRIA E COMERCIO LTDA ;17/11/1999;DEMAIS;206-2;46.69-9-99;707;13/06/2016;"Comércio atacadista de máquinas, aparelhos e equipamentos não especificados anteriormente; partes e peças";"COMÉRCIO; REPARAÇÃO DE VEÍCULOS AUTOMOTORES E MOTOCICLETAS";G;46;46.6;MG
EED;03.711.334/0001-61;AGAEFE INDUSTRIA DE EQUIPAMENTOS LTDA;17/03/2000;DEMAIS;206-2;15.39-4-00;6133;18/12/2023;Fabricação de calçados de materiais não especificados anteriormente;INDÚSTRIAS DE TRANSFORMAÇÃO;C;15;15.3;MG
EED;03.711.334/0001-61;AGAEFE INDUSTRIA DE EQUIPAMENTOS LTDA;17/03/2000;DEMAIS;206-2;14.13-4-01;6133;18/12/2023;Confecção de roupas profissionais;INDÚSTRIAS DE TRANSFORMAÇÃO;C;14;14.1;MG
EED;03.711.334/0001-61;AGAEFE INDUSTRIA DE EQUIPAMENTOS LTDA;17/03/2000;DEMAIS;206-2;15.29-7-00 ;6133;18/12/2023;Fabricação de artefatos de couro não especificados anteriormente;INDÚSTRIAS DE TRANSFORMAÇÃO;C;15;15.2;MG
EED;03.711.334/0001-61;AGAEFE INDUSTRIA DE EQUIPAMENTOS LTDA;17/03/2000;DEMAIS;206-2;15.31-9-01;6133;18/12/2023;Fabricação de calçados de couro;INDÚSTRIAS DE TRANSFORMAÇÃO;C;15;15.3;MG
EED;03.711.334/0001-61;AGAEFE INDUSTRIA DE EQUIPAMENTOS LTDA;17/03/2000;DEMAIS;206-2;15.32-7-00;6133;18/12/2023;Fabricação de tênis de qualquer material;INDÚSTRIAS DE TRANSFORMAÇÃO;C;15;15.3;MG
EED;03.711.334/0001-61;AGAEFE INDUSTRIA DE EQUIPAMENTOS LTDA;17/03/2000;DEMAIS;206-2;15.33-5-00;6133;18/12/2023;Fabricação de calçados de material sintético;INDÚSTRIAS DE TRANSFORMAÇÃO;C;15;15.3;MG
EED;03.711.334/0001-61;AGAEFE INDUSTRIA DE EQUIPAMENTOS LTDA;17/03/2000;DEMAIS;206-2;15.40-8-00;6133;18/12/2023;Fabricação de partes para calçados, de qualquer material;INDÚSTRIAS DE TRANSFORMAÇÃO;C;15;15.4;MG
EED;03.711.334/0001-61;AGAEFE INDUSTRIA DE EQUIPAMENTOS LTDA;17/03/2000;DEMAIS;206-2;32.92-2-02;6133;18/12/2023;Fabricação de equipamentos e acessórios para segurança e proteção pessoal e profissional;INDÚSTRIAS DE TRANSFORMAÇÃO;C;32;32.9;MG
EED;03.711.334/0001-61;AGAEFE INDUSTRIA DE EQUIPAMENTOS LTDA;17/03/2000;DEMAIS;206-2;46.41-9-01;6133;18/12/2023;Comércio atacadista de tecidos, artefatos de tecidos e de armarinho;"COMÉRCIO; REPARAÇÃO DE VEÍCULOS AUTOMOTORES E MOTOCICLETAS";G;46;46.4;MG
EED;03.711.334/0001-61;AGAEFE INDUSTRIA DE EQUIPAMENTOS LTDA;17/03/2000;DEMAIS;206-2;46.42-7-02;6133;18/12/2023;Comércio atacadista de artigos do vestuário e acessórios;"COMÉRCIO; REPARAÇÃO DE VEÍCULOS AUTOMOTORES E MOTOCICLETAS";G;46;46.4;MG
EED;03.711.334/0001-61;AGAEFE INDUSTRIA DE EQUIPAMENTOS LTDA;17/03/2000;DEMAIS;206-2;46.43-5-01;6133;18/12/2023;Comércio atacadista de calçados e artigos de viagem;"COMÉRCIO; REPARAÇÃO DE VEÍCULOS AUTOMOTORES E MOTOCICLETAS";G;46;46.4;MG
EED;03.711.334/0001-61;AGAEFE INDUSTRIA DE EQUIPAMENTOS LTDA;17/03/2000;DEMAIS;206-2;46.89-3-99;6133;18/12/2023;Comércio atacadista especializado de outros produtos intermediários não especificados anteriormente;"COMÉRCIO; REPARAÇÃO DE VEÍCULOS AUTOMOTORES E MOTOCICLETAS";G;46;46.8;MG
EED;03.711.334/0001-61;AGAEFE INDUSTRIA DE EQUIPAMENTOS LTDA;17/03/2000;DEMAIS;206-2;47.55-5-01;6133;18/12/2023;Comércio varejista especializado de tecidos e artigos de cama, mesa e banho;"COMÉRCIO; REPARAÇÃO DE VEÍCULOS AUTOMOTORES E MOTOCICLETAS";G;47;47.5;MG
EED;03.711.334/0001-61;AGAEFE INDUSTRIA DE EQUIPAMENTOS LTDA;17/03/2000;DEMAIS;206-2;47.81-4-00;6133;18/12/2023;Comércio varejista de artigos do vestuário e acessórios;"COMÉRCIO; REPARAÇÃO DE VEÍCULOS AUTOMOTORES E MOTOCICLETAS";G;47;47.8;MG
EED;03.711.334/0001-61;AGAEFE INDUSTRIA DE EQUIPAMENTOS LTDA;17/03/2000;DEMAIS;206-2;47.82-2-01;6133;18/12/2023;Comércio varejista de calçados e artigos de viagem;"COMÉRCIO; REPARAÇÃO DE VEÍCULOS AUTOMOTORES E MOTOCICLETAS";G;47;47.8;MG
EED;88.610.324/0001-92;AGRALE SOCIEDADE ANONIMA;01/08/1966;DEMAIS;205-4;28.31-3-00;1346;28/05/2014;Fabricação de tratores agrícolas;INDÚSTRIAS DE TRANSFORMAÇÃO;C;28;28.3;RS
EED;88.610.324/0001-92;AGRALE SOCIEDADE ANONIMA;01/08/1966;DEMAIS;205-4;46.23-1-06;1346;28/05/2014;Comércio atacadista de animais vivos, alimentos para animais e matérias-primas agrícolas, exceto café e soja;"COMÉRCIO; REPARAÇÃO DE VEÍCULOS AUTOMOTORES E MOTOCICLETAS";G;46;46.2;RS
EED;04.246.702/0001-00;AIR NAV ENGENHARIA CONSULTORIA E PARTICIPACOES LTDA;24/01/2001;EPP;206-2;71.12-0-00;2340;06/05/2024;Serviços de engenharia;ATIVIDADES PROFISSIONAIS, CIENTÍFICAS E TÉCNICAS;M;71;71.1;RJ
EED;04.246.702/0001-00;AIR NAV ENGENHARIA CONSULTORIA E PARTICIPACOES LTDA;24/01/2001;EPP;206-2;46.19-2-00;2340;06/05/2024;Representantes comerciais e agentes do comércio de mercadorias em geral não especializado;"COMÉRCIO; REPARAÇÃO DE VEÍCULOS AUTOMOTORES E MOTOCICLETAS";G;46;46.1;RJ
EED;04.246.702/0001-00;AIR NAV ENGENHARIA CONSULTORIA E PARTICIPACOES LTDA;24/01/2001;EPP;206-2;41.20-4-00;2340;06/05/2024;Construção de edifícios;CONSTRUÇÃO;F;41;41.2;RJ
EED;04.246.702/0001-00;AIR NAV ENGENHARIA CONSULTORIA E PARTICIPACOES LTDA;24/01/2001;EPP;206-2;95.12-6-00;2340;06/05/2024;Reparação e manutenção de equipamentos de comunicação;OUTRAS ATIVIDADES DE SERVIÇOS;S;95;95.1;RJ
EED;04.246.702/0001-00;AIR NAV ENGENHARIA CONSULTORIA E PARTICIPACOES LTDA;24/01/2001;EPP;206-2;95.21-5-00;2340;06/05/2024;Reparação e manutenção de equipamentos eletroeletrônicos de uso pessoal e doméstico;OUTRAS ATIVIDADES DE SERVIÇOS;S;95;95.2;RJ
EED;04.246.702/0001-00;AIR NAV ENGENHARIA CONSULTORIA E PARTICIPACOES LTDA;24/01/2001;EPP;206-2;43.21-5-00;2340;06/05/2024;Instalações elétricas;CONSTRUÇÃO;F;43;43.2;RJ
EED;04.246.702/0001-00;AIR NAV ENGENHARIA CONSULTORIA E PARTICIPACOES LTDA;24/01/2001;EPP;206-2;41.10-7-00;2340;06/05/2024;Incorporação de empreendimentos imobiliários;CONSTRUÇÃO;F;41;41.1;RJ
EED;07.933.461/0001-66;AIRSHIP DO BRASIL INDUSTRIA E SERVICOS AEREOS ESPECIALIZADOS SA ;19/07/2005;DEMAIS;205-4;30.41-5-00;90;11/01/2018;Fabricação de aeronaves;INDÚSTRIAS DE TRANSFORMAÇÃO;C;30;30.4;SP
EED;07.933.461/0001-66;AIRSHIP DO BRASIL INDUSTRIA E SERVICOS AEREOS ESPECIALIZADOS SA ;19/07/2005;DEMAIS;205-4;64.62-0-00;90;11/01/2018;Holdings de instituições não-financeiras;ATIVIDADES FINANCEIRAS, DE SEGUROS E SERVIÇOS RELACIONADOS;K;64;64.6;SP
EED;07.933.461/0001-66;AIRSHIP DO BRASIL INDUSTRIA E SERVICOS AEREOS ESPECIALIZADOS SA ;19/07/2005;DEMAIS;205-4;68.10-2-02;90;11/01/2018;Atividades imobiliárias de imóveis próprios;ATIVIDADES IMOBILIÁRIAS;L;68;68.1;SP
EED;07.933.461/0001-66;AIRSHIP DO BRASIL INDUSTRIA E SERVICOS AEREOS ESPECIALIZADOS SA ;19/07/2005;DEMAIS;205-4;30.42-3-00 ;90;11/01/2018;Fabricação de turbinas, motores e outros componentes e peças para aeronaves;INDÚSTRIAS DE TRANSFORMAÇÃO;C;30;30.4;SP
EED;07.933.461/0001-66;AIRSHIP DO BRASIL INDUSTRIA E SERVICOS AEREOS ESPECIALIZADOS SA ;19/07/2005;DEMAIS;205-4;85.99-6-02;90;11/01/2018;Atividades de ensino não especificadas anteriormente;EDUCAÇÃO;P;85;85.9;SP
EED;07.933.461/0001-66;AIRSHIP DO BRASIL INDUSTRIA E SERVICOS AEREOS ESPECIALIZADOS SA ;19/07/2005;DEMAIS;205-4;33.16-3-01;90;11/01/2018;Manutenção e reparação de aeronaves;INDÚSTRIAS DE TRANSFORMAÇÃO;C;33;33.1;SP
EED;07.933.461/0001-66;AIRSHIP DO BRASIL INDUSTRIA E SERVICOS AEREOS ESPECIALIZADOS SA ;19/07/2005;DEMAIS;205-4;46.69-9-99;90;11/01/2018;"Comércio atacadista de máquinas, aparelhos e equipamentos não especificados anteriormente; partes e peças";"COMÉRCIO; REPARAÇÃO DE VEÍCULOS AUTOMOTORES E MOTOCICLETAS";G;46;46.6;SP
EED;07.933.461/0001-66;AIRSHIP DO BRASIL INDUSTRIA E SERVICOS AEREOS ESPECIALIZADOS SA ;19/07/2005;DEMAIS;205-4;73.12-2-00;90;11/01/2018;Agenciamento de espaços para publicidade, exceto em veículos de comunicação;ATIVIDADES PROFISSIONAIS, CIENTÍFICAS E TÉCNICAS;M;73;73.1;SP
EED;07.933.461/0001-66;AIRSHIP DO BRASIL INDUSTRIA E SERVICOS AEREOS ESPECIALIZADOS SA ;19/07/2005;DEMAIS;205-4;72.10-0-00;90;11/01/2018;Pesquisa e desenvolvimento experimental em ciências físicas e naturais;ATIVIDADES PROFISSIONAIS, CIENTÍFICAS E TÉCNICAS;M;72;72.1;SP
EED;07.933.461/0001-66;AIRSHIP DO BRASIL INDUSTRIA E SERVICOS AEREOS ESPECIALIZADOS SA ;19/07/2005;DEMAIS;205-4;71.19-7-99;90;11/01/2018;Atividades técnicas relacionadas à arquitetura e engenharia;ATIVIDADES PROFISSIONAIS, CIENTÍFICAS E TÉCNICAS;M;71;71.1;SP
EED;07.933.461/0001-66;AIRSHIP DO BRASIL INDUSTRIA E SERVICOS AEREOS ESPECIALIZADOS SA ;19/07/2005;DEMAIS;205-4;01.61-0-01;90;11/01/2018;Atividades de apoio à agricultura;AGRICULTURA, PECUÁRIA E SERVIÇOS RELACIONADOS;A;1;01.6;SP
EED;07.933.461/0001-66;AIRSHIP DO BRASIL INDUSTRIA E SERVICOS AEREOS ESPECIALIZADOS SA ;19/07/2005;DEMAIS;205-4;01.61-0-03;90;11/01/2018;Atividades de apoio à agricultura;AGRICULTURA, PECUÁRIA E SERVIÇOS RELACIONADOS;A;1;01.6;SP
EED;07.933.461/0001-66;AIRSHIP DO BRASIL INDUSTRIA E SERVICOS AEREOS ESPECIALIZADOS SA ;19/07/2005;DEMAIS;205-4;59.11-1-01;90;11/01/2018;Atividades de produção cinematográfica, de vídeos e de programas de televisão;INFORMAÇÃO E COMUNICAÇÃO;J;59;59.1;SP
EED;07.933.461/0001-66;AIRSHIP DO BRASIL INDUSTRIA E SERVICOS AEREOS ESPECIALIZADOS SA ;19/07/2005;DEMAIS;205-4;71.19-7-02;90;11/01/2018;Atividades técnicas relacionadas à arquitetura e engenharia;ATIVIDADES PROFISSIONAIS, CIENTÍFICAS E TÉCNICAS;M;71;71.1;SP
EED;07.933.461/0001-66;AIRSHIP DO BRASIL INDUSTRIA E SERVICOS AEREOS ESPECIALIZADOS SA ;19/07/2005;DEMAIS;205-4;71.19-7-01;90;11/01/2018;Atividades técnicas relacionadas à arquitetura e engenharia;ATIVIDADES PROFISSIONAIS, CIENTÍFICAS E TÉCNICAS;M;71;71.1;SP
EED;07.933.461/0001-66;AIRSHIP DO BRASIL INDUSTRIA E SERVICOS AEREOS ESPECIALIZADOS SA ;19/07/2005;DEMAIS;205-4;33.16-3-02;90;11/01/2018;Manutenção e reparação de aeronaves;INDÚSTRIAS DE TRANSFORMAÇÃO;C;33;33.1;SP
EED;65.047.250/0001-22;AKAER ENGENHARIA SA;27/03/1992;DEMAIS;205-4;25.12-8-00;1346;28/05/2014;Fabricação de esquadrias de metal;INDÚSTRIAS DE TRANSFORMAÇÃO;C;25;25.1;SP
EED;65.047.250/0001-22;AKAER ENGENHARIA SA;27/03/1992;DEMAIS;205-4;25.39-0-01;1346;28/05/2014;Serviços de usinagem, solda, tratamento e revestimento em metais;INDÚSTRIAS DE TRANSFORMAÇÃO;C;25;25.3;SP
EED;65.047.250/0001-22;AKAER ENGENHARIA SA;27/03/1992;DEMAIS;205-4;25.43-8-00;1346;28/05/2014;Fabricação de ferramentas;INDÚSTRIAS DE TRANSFORMAÇÃO;C;25;25.4;SP
EED;65.047.250/0001-22;AKAER ENGENHARIA SA;27/03/1992;DEMAIS;205-4;27.21-0-00;1346;28/05/2014;Fabricação de pilhas, baterias e acumuladores elétricos, exceto para veículos automotores;INDÚSTRIAS DE TRANSFORMAÇÃO;C;27;27.2;SP
EED;65.047.250/0001-22;AKAER ENGENHARIA SA;27/03/1992;DEMAIS;205-4;27.22-8-01;1346;28/05/2014;Fabricação de baterias e acumuladores para veículos automotores;INDÚSTRIAS DE TRANSFORMAÇÃO;C;27;27.2;SP
EED;65.047.250/0001-22;AKAER ENGENHARIA SA;27/03/1992;DEMAIS;205-4;28.40-2-00;1346;28/05/2014;Fabricação de máquinas-ferramenta;INDÚSTRIAS DE TRANSFORMAÇÃO;C;28;28.4;SP
EED;65.047.250/0001-22;AKAER ENGENHARIA SA;27/03/1992;DEMAIS;205-4;28.69-1-00;1346;28/05/2014;Fabricação de máquinas e equipamentos para uso industrial específico não especificados anteriormente;INDÚSTRIAS DE TRANSFORMAÇÃO;C;28;28.6;SP
EED;65.047.250/0001-22;AKAER ENGENHARIA SA;27/03/1992;DEMAIS;205-4;29.30-1-01;1346;28/05/2014;Fabricação de cabines, carrocerias e reboques para veículos automotores;INDÚSTRIAS DE TRANSFORMAÇÃO;C;29;29.3;SP
EED;65.047.250/0001-22;AKAER ENGENHARIA SA;27/03/1992;DEMAIS;205-4;29.41-7-00;1346;28/05/2014;Fabricação de peças e acessórios para o sistema motor de veículos automotores;INDÚSTRIAS DE TRANSFORMAÇÃO;C;29;29.4;SP
EED;65.047.250/0001-22;AKAER ENGENHARIA SA;27/03/1992;DEMAIS;205-4;29.45-0-00 ;1346;28/05/2014;Fabricação de material elétrico e eletrônico para veículos automotores, exceto baterias;INDÚSTRIAS DE TRANSFORMAÇÃO;C;29;29.4;SP
EED;65.047.250/0001-22;AKAER ENGENHARIA SA;27/03/1992;DEMAIS;205-4;30.41-5-00;1346;28/05/2014;Fabricação de aeronaves;INDÚSTRIAS DE TRANSFORMAÇÃO;C;30;30.4;SP
EED;65.047.250/0001-22;AKAER ENGENHARIA SA;27/03/1992;DEMAIS;205-4;30.42-3-00;1346;28/05/2014;Fabricação de turbinas, motores e outros componentes e peças para aeronaves;INDÚSTRIAS DE TRANSFORMAÇÃO;C;30;30.4;SP
EED;65.047.250/0001-22;AKAER ENGENHARIA SA;27/03/1992;DEMAIS;205-4;33.14-7-13;1346;28/05/2014;Manutenção e reparação de máquinas e equipamentos da indústria mecânica;INDÚSTRIAS DE TRANSFORMAÇÃO;C;33;33.1;SP
EED;65.047.250/0001-22;AKAER ENGENHARIA SA;27/03/1992;DEMAIS;205-4;33.16-3-01;1346;28/05/2014;Manutenção e reparação de aeronaves;INDÚSTRIAS DE TRANSFORMAÇÃO;C;33;33.1;SP
EED;65.047.250/0001-22;AKAER ENGENHARIA SA;27/03/1992;DEMAIS;205-4;33.16-3-02;1346;28/05/2014;Manutenção e reparação de aeronaves;INDÚSTRIAS DE TRANSFORMAÇÃO;C;33;33.1;SP
EED;65.047.250/0001-22;AKAER ENGENHARIA SA;27/03/1992;DEMAIS;205-4;33.21-0-00;1346;28/05/2014;Instalação de máquinas e equipamentos industriais;INDÚSTRIAS DE TRANSFORMAÇÃO;C;33;33.2;SP
EED;65.047.250/0001-22;AKAER ENGENHARIA SA;27/03/1992;DEMAIS;205-4;43.21-5-00;1346;28/05/2014;Instalações elétricas;CONSTRUÇÃO;F;43;43.2;SP
EED;65.047.250/0001-22;AKAER ENGENHARIA SA;27/03/1992;DEMAIS;205-4;43.99-1-02;1346;28/05/2014;Serviços especializados para construção não especificados anteriormente;CONSTRUÇÃO;F;43;43.9;SP
EED;65.047.250/0001-22;AKAER ENGENHARIA SA;27/03/1992;DEMAIS;205-4;46.63-0-00;1346;28/05/2014;"Comércio atacadista de máquinas e equipamentos para uso industrial; partes e peças";"COMÉRCIO; REPARAÇÃO DE VEÍCULOS AUTOMOTORES E MOTOCICLETAS";G;46;46.6;SP
EED;65.047.250/0001-22;AKAER ENGENHARIA SA;27/03/1992;DEMAIS;205-4;46.69-9-99;1346;28/05/2014;"Comércio atacadista de máquinas, aparelhos e equipamentos não especificados anteriormente; partes e peças";"COMÉRCIO; REPARAÇÃO DE VEÍCULOS AUTOMOTORES E MOTOCICLETAS";G;46;46.6;SP
EED;65.047.250/0001-22;AKAER ENGENHARIA SA;27/03/1992;DEMAIS;205-4;63.99-2-00;1346;28/05/2014;Outras atividades de prestação de serviços de informação não especificadas anteriormente;INFORMAÇÃO E COMUNICAÇÃO;J;63;63.9;SP
EED;65.047.250/0001-22;AKAER ENGENHARIA SA;27/03/1992;DEMAIS;205-4;64.62-0-00;1346;28/05/2014;Holdings de instituições não-financeiras;ATIVIDADES FINANCEIRAS, DE SEGUROS E SERVIÇOS RELACIONADOS;K;64;64.6;SP
EED;65.047.250/0001-22;AKAER ENGENHARIA SA;27/03/1992;DEMAIS;205-4;71.20-1-00;1346;28/05/2014;Testes e análises técnicas;ATIVIDADES PROFISSIONAIS, CIENTÍFICAS E TÉCNICAS;M;71;71.2;SP
EED;65.047.250/0001-22;AKAER ENGENHARIA SA;27/03/1992;DEMAIS;205-4;72.10-0-00;1346;28/05/2014;Pesquisa e desenvolvimento experimental em ciências físicas e naturais;ATIVIDADES PROFISSIONAIS, CIENTÍFICAS E TÉCNICAS;M;72;72.1;SP
EED;65.047.250/0001-22;AKAER ENGENHARIA SA;27/03/1992;DEMAIS;205-4;82.99-7-99;1346;28/05/2014;Atividades de serviços prestados principalmente às empresas não especificadas anteriormente;ATIVIDADES ADMINISTRATIVAS E SERVIÇOS COMPLEMENTARES;N;82;82.9;SP
EED;30.898.800/0001-32;ALBATROSS INDUSTRIA AERONAUTICA LTDA;10/07/2018;DEMAIS;206-2;71.12-0-00;5576;12/12/2024;Serviços de engenharia;ATIVIDADES PROFISSIONAIS, CIENTÍFICAS E TÉCNICAS;M;71;71.1;PR
EED;30.898.800/0001-32;ALBATROSS INDUSTRIA AERONAUTICA LTDA;10/07/2018;DEMAIS;206-2;26.32-9-00;5576;12/12/2024;Fabricação de aparelhos telefônicos e de outros equipamentos de comunicação;INDÚSTRIAS DE TRANSFORMAÇÃO;C;26;26.3;PR
EED;30.898.800/0001-32;ALBATROSS INDUSTRIA AERONAUTICA LTDA;10/07/2018;DEMAIS;206-2;95.12-6-00;5576;12/12/2024;Reparação e manutenção de equipamentos de comunicação;OUTRAS ATIVIDADES DE SERVIÇOS;S;95;95.1;PR
EED;30.898.800/0001-32;ALBATROSS INDUSTRIA AERONAUTICA LTDA;10/07/2018;DEMAIS;206-2;33.29-5-99;5576;12/12/2024;Instalação de equipamentos não especificados anteriormente;INDÚSTRIAS DE TRANSFORMAÇÃO;C;33;33.2;PR
EED;04.571.587/0001-40;ALEGRA INDUSTRIA E COMERCIO LTDA;21/06/2001;DEMAIS;206-2;30.11-3-02;6133;18/12/2023;Construção de embarcações e estruturas flutuantes;INDÚSTRIAS DE TRANSFORMAÇÃO;C;30;30.1;AM
EED;04.571.587/0001-40;ALEGRA INDUSTRIA E COMERCIO LTDA;21/06/2001;DEMAIS;206-2;47.63-6-05;6133;18/12/2023;Comércio varejista de artigos recreativos e esportivos;"COMÉRCIO; REPARAÇÃO DE VEÍCULOS AUTOMOTORES E MOTOCICLETAS";G;47;47.6;AM
EED;04.571.587/0001-40;ALEGRA INDUSTRIA E COMERCIO LTDA;21/06/2001;DEMAIS;206-2;33.17-1-01;6133;18/12/2023;Manutenção e reparação de embarcações;INDÚSTRIAS DE TRANSFORMAÇÃO;C;33;33.1;AM
EED;04.571.587/0001-40;ALEGRA INDUSTRIA E COMERCIO LTDA;21/06/2001;DEMAIS;206-2;33.17-1-02;6133;18/12/2023;Manutenção e reparação de embarcações;INDÚSTRIAS DE TRANSFORMAÇÃO;C;33;33.1;AM
EED;04.571.587/0001-40;ALEGRA INDUSTRIA E COMERCIO LTDA;21/06/2001;DEMAIS;206-2;33.21-0-00;6133;18/12/2023;Instalação de máquinas e equipamentos industriais;INDÚSTRIAS DE TRANSFORMAÇÃO;C;33;33.2;AM
EED;04.571.587/0001-40;ALEGRA INDUSTRIA E COMERCIO LTDA;21/06/2001;DEMAIS;206-2;33.14-7-01;6133;18/12/2023;Manutenção e reparação de máquinas e equipamentos da indústria mecânica;INDÚSTRIAS DE TRANSFORMAÇÃO;C;33;33.1;AM
EED;04.571.587/0001-40;ALEGRA INDUSTRIA E COMERCIO LTDA;21/06/2001;DEMAIS;206-2;33.11-2-00;6133;18/12/2023;Manutenção e reparação de tanques, reservatórios metálicos e caldeiras, exceto para veículos;INDÚSTRIAS DE TRANSFORMAÇÃO;C;33;33.1;AM
EED;04.571.587/0001-40;ALEGRA INDUSTRIA E COMERCIO LTDA;21/06/2001;DEMAIS;206-2;33.13-9-99;6133;18/12/2023;Manutenção e reparação de máquinas e equipamentos elétricos;INDÚSTRIAS DE TRANSFORMAÇÃO;C;33;33.1;AM
EED;04.571.587/0001-40;ALEGRA INDUSTRIA E COMERCIO LTDA;21/06/2001;DEMAIS;206-2;33.19-8-00;6133;18/12/2023;Manutenção e reparação de equipamentos e produtos não especificados anteriormente;INDÚSTRIAS DE TRANSFORMAÇÃO;C;33;33.1;AM
EED;13.364.958/0001-03;ALTAVE INDUSTRIA COMERCIO E EXPORTACAO DE AERONAVES SA ;02/03/2011;DEMAIS;205-4;30.41-5-00;3547;21/09/2018;Fabricação de aeronaves;INDÚSTRIAS DE TRANSFORMAÇÃO;C;30;30.4;SP
EED;13.364.958/0001-03;ALTAVE INDUSTRIA COMERCIO E EXPORTACAO DE AERONAVES SA ;02/03/2011;DEMAIS;205-4;46.69-9-99;3547;21/09/2018;"Comércio atacadista de máquinas, aparelhos e equipamentos não especificados anteriormente; partes e peças";"COMÉRCIO; REPARAÇÃO DE VEÍCULOS AUTOMOTORES E MOTOCICLETAS";G;46;46.6;SP
EED;13.364.958/0001-03;ALTAVE INDUSTRIA COMERCIO E EXPORTACAO DE AERONAVES SA ;02/03/2011;DEMAIS;205-4;95.12-6-00;3547;21/09/2018;Reparação e manutenção de equipamentos de comunicação;OUTRAS ATIVIDADES DE SERVIÇOS;S;95;95.1;SP
EED;13.364.958/0001-03;ALTAVE INDUSTRIA COMERCIO E EXPORTACAO DE AERONAVES SA ;02/03/2011;DEMAIS;205-4;77.39-0-99;3547;21/09/2018;Aluguel de máquinas e equipamentos não especificados anteriormente;ATIVIDADES ADMINISTRATIVAS E SERVIÇOS COMPLEMENTARES;N;77;77.3;SP
EED;13.364.958/0001-03;ALTAVE INDUSTRIA COMERCIO E EXPORTACAO DE AERONAVES SA ;02/03/2011;DEMAIS;205-4;62.01-5-01;3547;21/09/2018;Desenvolvimento de programas de computador sob encomenda;INFORMAÇÃO E COMUNICAÇÃO;J;62;62.0;SP
EED;13.364.958/0001-03;ALTAVE INDUSTRIA COMERCIO E EXPORTACAO DE AERONAVES SA ;02/03/2011;DEMAIS;205-4;62.09-1-00;3547;21/09/2018;Suporte técnico, manutenção e outros serviços em tecnologia da informação;INFORMAÇÃO E COMUNICAÇÃO;J;62;62.0;SP
EED;18.910.028/0001-21;AMAZONIA AZUL TECNOLOGIAS DE DEFESA SA AMAZUL;18/09/2013;DEMAIS;201-1;72.10-0-00;1635;27/06/2014;Pesquisa e desenvolvimento experimental em ciências físicas e naturais;ATIVIDADES PROFISSIONAIS, CIENTÍFICAS E TÉCNICAS;M;72;72.1;SP
EED;10.834.525/0001-86;AMS KEPLER ENGENHARIA DE SISTEMAS LTDA MATRIZ;19/05/2009;DEMAIS;206-2;62.01-5-01;1346;28/05/2014;Desenvolvimento de programas de computador sob encomenda;INFORMAÇÃO E COMUNICAÇÃO;J;62;62.0;RJ
EED;10.834.525/0001-86;AMS KEPLER ENGENHARIA DE SISTEMAS LTDA MATRIZ;19/05/2009;DEMAIS;206-2;62.04-0-00;1346;28/05/2014;Consultoria em tecnologia da informação;INFORMAÇÃO E COMUNICAÇÃO;J;62;62.0;RJ
EED;10.834.525/0001-86;AMS KEPLER ENGENHARIA DE SISTEMAS LTDA MATRIZ;19/05/2009;DEMAIS;206-2;71.12-0-00;1346;28/05/2014;Serviços de engenharia;ATIVIDADES PROFISSIONAIS, CIENTÍFICAS E TÉCNICAS;M;71;71.1;RJ
EED;10.834.525/0001-86;AMS KEPLER ENGENHARIA DE SISTEMAS LTDA MATRIZ;19/05/2009;DEMAIS;206-2;71.19-7-01 ;1346;28/05/2014;Atividades técnicas relacionadas à arquitetura e engenharia;ATIVIDADES PROFISSIONAIS, CIENTÍFICAS E TÉCNICAS;M;71;71.1;RJ
EED;10.834.525/0001-86;AMS KEPLER ENGENHARIA DE SISTEMAS LTDA MATRIZ;19/05/2009;DEMAIS;206-2;72.10-0-00;1346;28/05/2014;Pesquisa e desenvolvimento experimental em ciências físicas e naturais;ATIVIDADES PROFISSIONAIS, CIENTÍFICAS E TÉCNICAS;M;72;72.1;RJ
EED;06.220.344/0001-92;ANATIN TINTAS LTDA;31/03/2004;EPP;206-2;20.71-1-00;1588;16/04/2020;Fabricação de tintas, vernizes, esmaltes e lacas;INDÚSTRIAS DE TRANSFORMAÇÃO;C;20;20.7;SP
EED;06.220.344/0001-92;ANATIN TINTAS LTDA;31/03/2004;EPP;206-2;46.79-6-01;1588;16/04/2020;Comércio atacadista especializado de materiais de construção não especificados anteriormente e de materiais de construção em geral;"COMÉRCIO; REPARAÇÃO DE VEÍCULOS AUTOMOTORES E MOTOCICLETAS";G;46;46.7;SP
ED;15.867.253/0001-34;ANSCHUETZ DO BRASIL SISTEMAS MARITIMOS LTDA;03/07/2012;DEMAIS;206-2;47.89-0-99;5575;05/12/2024;Comércio varejista de outros produtos novos não especificados anteriormente;"COMÉRCIO; REPARAÇÃO DE VEÍCULOS AUTOMOTORES E MOTOCICLETAS";G;47;47.8;RJ
ED;15.867.253/0001-34;ANSCHUETZ DO BRASIL SISTEMAS MARITIMOS LTDA;03/07/2012;DEMAIS;206-2;33.12-1-02;5575;05/12/2024;Manutenção e reparação de equipamentos eletrônicos e ópticos;INDÚSTRIAS DE TRANSFORMAÇÃO;C;33;33.1;RJ
ED;15.867.253/0001-34;ANSCHUETZ DO BRASIL SISTEMAS MARITIMOS LTDA;03/07/2012;DEMAIS;206-2;33.14-7-10;5575;05/12/2024;Manutenção e reparação de máquinas e equipamentos da indústria mecânica;INDÚSTRIAS DE TRANSFORMAÇÃO;C;33;33.1;RJ
ED;15.867.253/0001-34;ANSCHUETZ DO BRASIL SISTEMAS MARITIMOS LTDA;03/07/2012;DEMAIS;206-2;64.63-8-00;5575;05/12/2024;Outras sociedades de participação, exceto holdings;ATIVIDADES FINANCEIRAS, DE SEGUROS E SERVIÇOS RELACIONADOS;K;64;64.6;RJ
ED;33.966.391/0001-52;ARES AEROESPACIAL E DEFESA SA ;22/12/1969;DEMAIS;205-4;25.99-3-99;250;30/01/2015;Fabricação de produtos de metal não especificados anteriormente;INDÚSTRIAS DE TRANSFORMAÇÃO;C;25;25.9;RJ
ED;33.966.391/0001-52;ARES AEROESPACIAL E DEFESA SA ;22/12/1969;DEMAIS;205-4;25.50-1-01;250;30/01/2015;Fabricação de equipamento bélico pesado, armas de fogo e munições;INDÚSTRIAS DE TRANSFORMAÇÃO;C;25;25.5;RJ
ED;33.966.391/0001-52;ARES AEROESPACIAL E DEFESA SA ;22/12/1969;DEMAIS;205-4;26.70-1-01 ;250;30/01/2015;Fabricação de equipamentos e instrumentos ópticos, fotográficos e cinematográficos;INDÚSTRIAS DE TRANSFORMAÇÃO;C;26;26.7;RJ
ED;33.966.391/0001-52;ARES AEROESPACIAL E DEFESA SA ;22/12/1969;DEMAIS;205-4;27.90-2-99;250;30/01/2015;Fabricação de equipamentos e aparelhos elétricos não especificados anteriormente;INDÚSTRIAS DE TRANSFORMAÇÃO;C;27;27.9;RJ
ED;33.966.391/0001-52;ARES AEROESPACIAL E DEFESA SA ;22/12/1969;DEMAIS;205-4;30.50-4-00;250;30/01/2015;Fabricação de veículos militares de combate;INDÚSTRIAS DE TRANSFORMAÇÃO;C;30;30.5;RJ
ED;33.966.391/0001-52;ARES AEROESPACIAL E DEFESA SA ;22/12/1969;DEMAIS;205-4;33.12-1-04;250;30/01/2015;Manutenção e reparação de equipamentos eletrônicos e ópticos;INDÚSTRIAS DE TRANSFORMAÇÃO;C;33;33.1;RJ
ED;33.966.391/0001-52;ARES AEROESPACIAL E DEFESA SA ;22/12/1969;DEMAIS;205-4;33.13-9-99;250;30/01/2015;Manutenção e reparação de máquinas e equipamentos elétricos;INDÚSTRIAS DE TRANSFORMAÇÃO;C;33;33.1;RJ
ED;33.966.391/0001-52;ARES AEROESPACIAL E DEFESA SA ;22/12/1969;DEMAIS;205-4;45.20-0-01;250;30/01/2015;Manutenção e reparação de veículos automotores;"COMÉRCIO; REPARAÇÃO DE VEÍCULOS AUTOMOTORES E MOTOCICLETAS";G;45;45.2;RJ
ED;33.966.391/0001-52;ARES AEROESPACIAL E DEFESA SA ;22/12/1969;DEMAIS;205-4;62.01-5-01;250;30/01/2015;Desenvolvimento de programas de computador sob encomenda;INFORMAÇÃO E COMUNICAÇÃO;J;62;62.0;RJ
ED;33.966.391/0001-52;ARES AEROESPACIAL E DEFESA SA ;22/12/1969;DEMAIS;205-4;71.12-0-00;250;30/01/2015;Serviços de engenharia;ATIVIDADES PROFISSIONAIS, CIENTÍFICAS E TÉCNICAS;M;71;71.1;RJ
ED;33.966.391/0001-52;ARES AEROESPACIAL E DEFESA SA ;22/12/1969;DEMAIS;205-4;74.90-1-99 ;250;30/01/2015;Atividades profissionais, científicas e técnicas não especificadas anteriormente;ATIVIDADES PROFISSIONAIS, CIENTÍFICAS E TÉCNICAS;M;74;74.9;RJ
EED;06.941.284/0001-05;ARMTEC TECNOLOGIA EM ROBOTICA LTDA;21/07/2004;ME;206-2;28.29-1-99;1346;28/05/2014;Fabricação de máquinas e equipamentos de uso geral não especificados anteriormente;INDÚSTRIAS DE TRANSFORMAÇÃO;C;28;28.2;CE
EED;06.941.284/0001-05;ARMTEC TECNOLOGIA EM ROBOTICA LTDA;21/07/2004;ME;206-2;95.11-8-00;1346;28/05/2014;Reparação e manutenção de computadores e de equipamentos periféricos;OUTRAS ATIVIDADES DE SERVIÇOS;S;95;95.1;CE
EED;06.941.284/0001-05;ARMTEC TECNOLOGIA EM ROBOTICA LTDA;21/07/2004;ME;206-2;33.12-1-02;1346;28/05/2014;Manutenção e reparação de equipamentos eletrônicos e ópticos;INDÚSTRIAS DE TRANSFORMAÇÃO;C;33;33.1;CE
EED;06.941.284/0001-05;ARMTEC TECNOLOGIA EM ROBOTICA LTDA;21/07/2004;ME;206-2;33.13-9-99;1346;28/05/2014;Manutenção e reparação de máquinas e equipamentos elétricos;INDÚSTRIAS DE TRANSFORMAÇÃO;C;33;33.1;CE
EED;06.941.284/0001-05;ARMTEC TECNOLOGIA EM ROBOTICA LTDA;21/07/2004;ME;206-2;33.14-7-02;1346;28/05/2014;Manutenção e reparação de máquinas e equipamentos da indústria mecânica;INDÚSTRIAS DE TRANSFORMAÇÃO;C;33;33.1;CE
EED;06.941.284/0001-05;ARMTEC TECNOLOGIA EM ROBOTICA LTDA;21/07/2004;ME;206-2;33.14-7-10;1346;28/05/2014;Manutenção e reparação de máquinas e equipamentos da indústria mecânica;INDÚSTRIAS DE TRANSFORMAÇÃO;C;33;33.1;CE
EED;06.941.284/0001-05;ARMTEC TECNOLOGIA EM ROBOTICA LTDA;21/07/2004;ME;206-2;33.14-7-99;1346;28/05/2014;Manutenção e reparação de máquinas e equipamentos da indústria mecânica;INDÚSTRIAS DE TRANSFORMAÇÃO;C;33;33.1;CE
EED;06.941.284/0001-05;ARMTEC TECNOLOGIA EM ROBOTICA LTDA;21/07/2004;ME;206-2;33.19-8-00;1346;28/05/2014;Manutenção e reparação de equipamentos e produtos não especificados anteriormente;INDÚSTRIAS DE TRANSFORMAÇÃO;C;33;33.1;CE
EED;06.941.284/0001-05;ARMTEC TECNOLOGIA EM ROBOTICA LTDA;21/07/2004;ME;206-2;33.21-0-00;1346;28/05/2014;Instalação de máquinas e equipamentos industriais;INDÚSTRIAS DE TRANSFORMAÇÃO;C;33;33.2;CE
EED;06.941.284/0001-05;ARMTEC TECNOLOGIA EM ROBOTICA LTDA;21/07/2004;ME;206-2;33.29-5-99;1346;28/05/2014;Instalação de equipamentos não especificados anteriormente;INDÚSTRIAS DE TRANSFORMAÇÃO;C;33;33.2;CE
EED;06.941.284/0001-05;ARMTEC TECNOLOGIA EM ROBOTICA LTDA;21/07/2004;ME;206-2;77.39-0-99;1346;28/05/2014;Aluguel de máquinas e equipamentos não especificados anteriormente;ATIVIDADES ADMINISTRATIVAS E SERVIÇOS COMPLEMENTARES;N;77;77.3;CE
EED;06.941.284/0001-05;ARMTEC TECNOLOGIA EM ROBOTICA LTDA;21/07/2004;ME;206-2;62.01-5-01;1346;28/05/2014;Desenvolvimento de programas de computador sob encomenda;INFORMAÇÃO E COMUNICAÇÃO;J;62;62.0;CE
EED;06.941.284/0001-05;ARMTEC TECNOLOGIA EM ROBOTICA LTDA;21/07/2004;ME;206-2;62.04-0-00;1346;28/05/2014;Consultoria em tecnologia da informação;INFORMAÇÃO E COMUNICAÇÃO;J;62;62.0;CE
EED;06.941.284/0001-05;ARMTEC TECNOLOGIA EM ROBOTICA LTDA;21/07/2004;ME;206-2;71.12-0-00;1346;28/05/2014;Serviços de engenharia;ATIVIDADES PROFISSIONAIS, CIENTÍFICAS E TÉCNICAS;M;71;71.1;CE
EED;06.941.284/0001-05;ARMTEC TECNOLOGIA EM ROBOTICA LTDA;21/07/2004;ME;206-2;72.20-7-00;1346;28/05/2014;Pesquisa e desenvolvimento experimental em ciências sociais e humanas;ATIVIDADES PROFISSIONAIS, CIENTÍFICAS E TÉCNICAS;M;72;72.2;CE
EED;06.941.284/0001-05;ARMTEC TECNOLOGIA EM ROBOTICA LTDA;21/07/2004;ME;206-2;72.10-0-00;1346;28/05/2014;Pesquisa e desenvolvimento experimental em ciências físicas e naturais;ATIVIDADES PROFISSIONAIS, CIENTÍFICAS E TÉCNICAS;M;72;72.1;CE
EED;01.137.391/0001-53;AS AVIONICS SERVICES SA;27/03/1996;DEMAIS;205-4;30.42-3-00;1346;28/05/2014;Fabricação de turbinas, motores e outros componentes e peças para aeronaves;INDÚSTRIAS DE TRANSFORMAÇÃO;C;30;30.4;SP
EED;01.137.391/0001-53;AS AVIONICS SERVICES SA;27/03/1996;DEMAIS;205-4;33.12-1-02;1346;28/05/2014;Manutenção e reparação de equipamentos eletrônicos e ópticos;INDÚSTRIAS DE TRANSFORMAÇÃO;C;33;33.1;SP
EED;01.137.391/0001-53;AS AVIONICS SERVICES SA;27/03/1996;DEMAIS;205-4;33.16-3-01;1346;28/05/2014;Manutenção e reparação de aeronaves;INDÚSTRIAS DE TRANSFORMAÇÃO;C;33;33.1;SP
EED;01.137.391/0001-53;AS AVIONICS SERVICES SA;27/03/1996;DEMAIS;205-4;46.14-1-00;1346;28/05/2014;Representantes comerciais e agentes do comércio de máquinas, equipamentos, embarcações e aeronaves;"COMÉRCIO; REPARAÇÃO DE VEÍCULOS AUTOMOTORES E MOTOCICLETAS";G;46;46.1;SP
EED;01.137.391/0001-53;AS AVIONICS SERVICES SA;27/03/1996;DEMAIS;205-4;46.69-9-99;1346;28/05/2014;"Comércio atacadista de máquinas, aparelhos e equipamentos não especificados anteriormente; partes e peças";"COMÉRCIO; REPARAÇÃO DE VEÍCULOS AUTOMOTORES E MOTOCICLETAS";G;46;46.6;SP
EED;01.137.391/0001-53;AS AVIONICS SERVICES SA;27/03/1996;DEMAIS;205-4;64.63-8-00;1346;28/05/2014;Outras sociedades de participação, exceto holdings;ATIVIDADES FINANCEIRAS, DE SEGUROS E SERVIÇOS RELACIONADOS;K;64;64.6;SP
EED;01.137.391/0001-53;AS AVIONICS SERVICES SA;27/03/1996;DEMAIS;205-4;71.12-0-00;1346;28/05/2014;Serviços de engenharia;ATIVIDADES PROFISSIONAIS, CIENTÍFICAS E TÉCNICAS;M;71;71.1;SP
EED;26.714.175/0001-54;ASTER SUPORTE MARITIMO LTDA;14/12/2016;ME;206-2;33.17-1-01;6133;18/12/2023;Manutenção e reparação de embarcações;INDÚSTRIAS DE TRANSFORMAÇÃO;C;33;33.1;PE
EED;26.714.175/0001-54;ASTER SUPORTE MARITIMO LTDA;14/12/2016;ME;206-2;47.42-3-00;6133;18/12/2023;Comércio varejista de material elétrico;"COMÉRCIO; REPARAÇÃO DE VEÍCULOS AUTOMOTORES E MOTOCICLETAS";G;47;47.4;PE
EED;26.714.175/0001-54;ASTER SUPORTE MARITIMO LTDA;14/12/2016;ME;206-2;47.89-0-99;6133;18/12/2023;Comércio varejista de outros produtos novos não especificados anteriormente;"COMÉRCIO; REPARAÇÃO DE VEÍCULOS AUTOMOTORES E MOTOCICLETAS";G;47;47.8;PE
EED;26.714.175/0001-54;ASTER SUPORTE MARITIMO LTDA;14/12/2016;ME;206-2;74.90-1-02;6133;18/12/2023;Atividades profissionais, científicas e técnicas não especificadas anteriormente;ATIVIDADES PROFISSIONAIS, CIENTÍFICAS E TÉCNICAS;M;74;74.9;PE
EED;04.678.283/0001-86;ASTRO ABC INDUSTRIA E COMERCIO LIMITADA;06/09/2001;DEMAIS;206-2;32.92-2-02;3898;21/09/2021;Fabricação de equipamentos e acessórios para segurança e proteção pessoal e profissional;INDÚSTRIAS DE TRANSFORMAÇÃO;C;32;32.9;SP
EED;04.678.283/0001-86;ASTRO ABC INDUSTRIA E COMERCIO LIMITADA;06/09/2001;DEMAIS;206-2;14.12-6-01;3898;21/09/2021;Confecção de peças do vestuário, exceto roupas íntimas;INDÚSTRIAS DE TRANSFORMAÇÃO;C;14;14.1;SP
EED;04.678.283/0001-86;ASTRO ABC INDUSTRIA E COMERCIO LIMITADA;06/09/2001;DEMAIS;206-2;14.13-4-01;3898;21/09/2021;Confecção de roupas profissionais;INDÚSTRIAS DE TRANSFORMAÇÃO;C;14;14.1;SP
EED;04.678.283/0001-86;ASTRO ABC INDUSTRIA E COMERCIO LIMITADA;06/09/2001;DEMAIS;206-2;15.29-7-00;3898;21/09/2021;Fabricação de artefatos de couro não especificados anteriormente;INDÚSTRIAS DE TRANSFORMAÇÃO;C;15;15.2;SP
EED;04.678.283/0001-86;ASTRO ABC INDUSTRIA E COMERCIO LIMITADA;06/09/2001;DEMAIS;206-2;46.42-7-02;3898;21/09/2021;Comércio atacadista de artigos do vestuário e acessórios;"COMÉRCIO; REPARAÇÃO DE VEÍCULOS AUTOMOTORES E MOTOCICLETAS";G;46;46.4;SP
EED;04.678.283/0001-86;ASTRO ABC INDUSTRIA E COMERCIO LIMITADA;06/09/2001;DEMAIS;206-2;47.63-6-02;3898;21/09/2021;Comércio varejista de artigos recreativos e esportivos;"COMÉRCIO; REPARAÇÃO DE VEÍCULOS AUTOMOTORES E MOTOCICLETAS";G;47;47.6;SP
EED;04.678.283/0001-86;ASTRO ABC INDUSTRIA E COMERCIO LIMITADA;06/09/2001;DEMAIS;206-2;47.63-6-04;3898;21/09/2021;Comércio varejista de artigos recreativos e esportivos;"COMÉRCIO; REPARAÇÃO DE VEÍCULOS AUTOMOTORES E MOTOCICLETAS";G;47;47.6;SP
ED;53.867.255/0001-12;ASVAC BOMBAS LTDA;28/09/1984;EPP;206-2 ;33.14-7-02;2339;06/05/2024;Manutenção e reparação de máquinas e equipamentos da indústria mecânica;INDÚSTRIAS DE TRANSFORMAÇÃO;C;33;33.1;SP
ED;53.867.255/0001-12;ASVAC BOMBAS LTDA;28/09/1984;EPP;206-2 ;33.14-7-04;2339;06/05/2024;Manutenção e reparação de máquinas e equipamentos da indústria mecânica;INDÚSTRIAS DE TRANSFORMAÇÃO;C;33;33.1;SP
ED;53.867.255/0001-12;ASVAC BOMBAS LTDA;28/09/1984;EPP;206-2 ;33.14-7-05;2339;06/05/2024;Manutenção e reparação de máquinas e equipamentos da indústria mecânica;INDÚSTRIAS DE TRANSFORMAÇÃO;C;33;33.1;SP
ED;53.867.255/0001-12;ASVAC BOMBAS LTDA;28/09/1984;EPP;206-2 ;33.14-7-07;2339;06/05/2024;Manutenção e reparação de máquinas e equipamentos da indústria mecânica;INDÚSTRIAS DE TRANSFORMAÇÃO;C;33;33.1;SP
ED;53.867.255/0001-12;ASVAC BOMBAS LTDA;28/09/1984;EPP;206-2 ;33.14-7-09;2339;06/05/2024;Manutenção e reparação de máquinas e equipamentos da indústria mecânica;INDÚSTRIAS DE TRANSFORMAÇÃO;C;33;33.1;SP
ED;53.867.255/0001-12;ASVAC BOMBAS LTDA;28/09/1984;EPP;206-2 ;46.63-0-00;2339;06/05/2024;"Comércio atacadista de máquinas e equipamentos para uso industrial; partes e peças";"COMÉRCIO; REPARAÇÃO DE VEÍCULOS AUTOMOTORES E MOTOCICLETAS";G;46;46.6;SP
ED;53.867.255/0001-12;ASVAC BOMBAS LTDA;28/09/1984;EPP;206-2 ;71.20-1-00;2339;06/05/2024;Testes e análises técnicas;ATIVIDADES PROFISSIONAIS, CIENTÍFICAS E TÉCNICAS;M;71;71.2;SP
EED;02.502.905/0001-95;ATC SYSTEMS REPRESENTACOES LTDA;05/05/1998;DEMAIS;206-2;62.09-1-00;5576;12/12/2024;Suporte técnico, manutenção e outros serviços em tecnologia da informação;INFORMAÇÃO E COMUNICAÇÃO;J;62;62.0;RJ
EED;02.502.905/0001-95;ATC SYSTEMS REPRESENTACOES LTDA;05/05/1998;DEMAIS;206-2;46.14-1-00;5576;12/12/2024;Representantes comerciais e agentes do comércio de máquinas, equipamentos, embarcações e aeronaves;"COMÉRCIO; REPARAÇÃO DE VEÍCULOS AUTOMOTORES E MOTOCICLETAS";G;46;46.1;RJ
EED;02.502.905/0001-95;ATC SYSTEMS REPRESENTACOES LTDA;05/05/1998;DEMAIS;206-2;52.40-1-99;5576;12/12/2024;Atividades auxiliares dos transportes aéreos;TRANSPORTE, ARMAZENAGEM E CORREIO;H;52;52.4;RJ
EED;02.502.905/0001-95;ATC SYSTEMS REPRESENTACOES LTDA;05/05/1998;DEMAIS;206-2;52.50-8-04;5576;12/12/2024;Atividades relacionadas à organização do transporte de carga;TRANSPORTE, ARMAZENAGEM E CORREIO;H;52;52.5;RJ
EED;02.502.905/0001-95;ATC SYSTEMS REPRESENTACOES LTDA;05/05/1998;DEMAIS;206-2;62.01-5-01;5576;12/12/2024;Desenvolvimento de programas de computador sob encomenda;INFORMAÇÃO E COMUNICAÇÃO;J;62;62.0;RJ
EED;02.502.905/0001-95;ATC SYSTEMS REPRESENTACOES LTDA;05/05/1998;DEMAIS;206-2;62.02-3-00;5576;12/12/2024;Desenvolvimento e licenciamento de programas de computador customizáveis;INFORMAÇÃO E COMUNICAÇÃO;J;62;62.0;RJ
EED;02.502.905/0001-95;ATC SYSTEMS REPRESENTACOES LTDA;05/05/1998;DEMAIS;206-2;62.04-0-00;5576;12/12/2024;Consultoria em tecnologia da informação;INFORMAÇÃO E COMUNICAÇÃO;J;62;62.0;RJ
EED;02.502.905/0001-95;ATC SYSTEMS REPRESENTACOES LTDA;05/05/1998;DEMAIS;206-2;64.63-8-00;5576;12/12/2024;Outras sociedades de participação, exceto holdings;ATIVIDADES FINANCEIRAS, DE SEGUROS E SERVIÇOS RELACIONADOS;K;64;64.6;RJ
EED;02.502.905/0001-95;ATC SYSTEMS REPRESENTACOES LTDA;05/05/1998;DEMAIS;206-2;69.11-7-03;5576;12/12/2024;Atividades jurídicas, exceto cartórios;ATIVIDADES PROFISSIONAIS, CIENTÍFICAS E TÉCNICAS;M;69;69.1;RJ
EED;02.502.905/0001-95;ATC SYSTEMS REPRESENTACOES LTDA;05/05/1998;DEMAIS;206-2;71.12-0-00;5576;12/12/2024;Serviços de engenharia;ATIVIDADES PROFISSIONAIS, CIENTÍFICAS E TÉCNICAS;M;71;71.1;RJ
EED;02.502.905/0001-95;ATC SYSTEMS REPRESENTACOES LTDA;05/05/1998;DEMAIS;206-2;71.19-7-03;5576;12/12/2024;Atividades técnicas relacionadas à arquitetura e engenharia;ATIVIDADES PROFISSIONAIS, CIENTÍFICAS E TÉCNICAS;M;71;71.1;RJ
EED;02.502.905/0001-95;ATC SYSTEMS REPRESENTACOES LTDA;05/05/1998;DEMAIS;206-2;74.90-1-04;5576;12/12/2024;Atividades profissionais, científicas e técnicas não especificadas anteriormente;ATIVIDADES PROFISSIONAIS, CIENTÍFICAS E TÉCNICAS;M;74;74.9;RJ
EED;02.502.905/0001-95;ATC SYSTEMS REPRESENTACOES LTDA;05/05/1998;DEMAIS;206-2;77.33-1-00;5576;12/12/2024;Aluguel de máquinas e equipamentos para escritório;ATIVIDADES ADMINISTRATIVAS E SERVIÇOS COMPLEMENTARES;N;77;77.3;RJ
EED;02.502.905/0001-95;ATC SYSTEMS REPRESENTACOES LTDA;05/05/1998;DEMAIS;206-2;85.99-6-03;5576;12/12/2024;Atividades de ensino não especificadas anteriormente;EDUCAÇÃO;P;85;85.9;RJ
EED;02.502.905/0001-95;ATC SYSTEMS REPRESENTACOES LTDA;05/05/1998;DEMAIS;206-2;95.11-8-00;5576;12/12/2024;Reparação e manutenção de computadores e de equipamentos periféricos;OUTRAS ATIVIDADES DE SERVIÇOS;S;95;95.1;RJ
EED;11.262.624/0001-01;ATECH NEGOCIOS EM TECNOLOGIAS SA;22/10/2009;DEMAIS;205-4;62.01-5-01;1346;28/05/2014;Desenvolvimento de programas de computador sob encomenda;INFORMAÇÃO E COMUNICAÇÃO;J;62;62.0;SP
EED;11.262.624/0001-01;ATECH NEGOCIOS EM TECNOLOGIAS SA;22/10/2009;DEMAIS;205-4;26.51-5-00;1346;28/05/2014;Fabricação de aparelhos e equipamentos de medida, teste e controle;INDÚSTRIAS DE TRANSFORMAÇÃO;C;26;26.5;SP
EED;11.262.624/0001-01;ATECH NEGOCIOS EM TECNOLOGIAS SA;22/10/2009;DEMAIS;205-4;33.12-1-02;1346;28/05/2014;Manutenção e reparação de equipamentos eletrônicos e ópticos;INDÚSTRIAS DE TRANSFORMAÇÃO;C;33;33.1;SP
EED;11.262.624/0001-01;ATECH NEGOCIOS EM TECNOLOGIAS SA;22/10/2009;DEMAIS;205-4;33.29-5-99;1346;28/05/2014;Instalação de equipamentos não especificados anteriormente;INDÚSTRIAS DE TRANSFORMAÇÃO;C;33;33.2;SP
EED;11.262.624/0001-01;ATECH NEGOCIOS EM TECNOLOGIAS SA;22/10/2009;DEMAIS;205-4;47.51-2-01;1346;28/05/2014;Comércio varejista especializado de equipamentos e suprimentos de informática;"COMÉRCIO; REPARAÇÃO DE VEÍCULOS AUTOMOTORES E MOTOCICLETAS";G;47;47.5;SP
EED;11.262.624/0001-01;ATECH NEGOCIOS EM TECNOLOGIAS SA;22/10/2009;DEMAIS;205-4;47.89-0-99;1346;28/05/2014;Comércio varejista de outros produtos novos não especificados anteriormente;"COMÉRCIO; REPARAÇÃO DE VEÍCULOS AUTOMOTORES E MOTOCICLETAS";G;47;47.8;SP
EED;11.262.624/0001-01;ATECH NEGOCIOS EM TECNOLOGIAS SA;22/10/2009;DEMAIS;205-4;62.02-3-00;1346;28/05/2014;Desenvolvimento e licenciamento de programas de computador customizáveis;INFORMAÇÃO E COMUNICAÇÃO;J;62;62.0;SP
EED;11.262.624/0001-01;ATECH NEGOCIOS EM TECNOLOGIAS SA;22/10/2009;DEMAIS;205-4;62.03-1-00;1346;28/05/2014;Desenvolvimento e licenciamento de programas de computador não-customizáveis;INFORMAÇÃO E COMUNICAÇÃO;J;62;62.0;SP
EED;11.262.624/0001-01;ATECH NEGOCIOS EM TECNOLOGIAS SA;22/10/2009;DEMAIS;205-4;70.20-4-00;1346;28/05/2014;Atividades de consultoria em gestão empresarial;ATIVIDADES PROFISSIONAIS, CIENTÍFICAS E TÉCNICAS;M;70;70.2;SP
EED;11.262.624/0001-01;ATECH NEGOCIOS EM TECNOLOGIAS SA;22/10/2009;DEMAIS;205-4;71.19-7-99;1346;28/05/2014;Atividades técnicas relacionadas à arquitetura e engenharia;ATIVIDADES PROFISSIONAIS, CIENTÍFICAS E TÉCNICAS;M;71;71.1;SP
EED;11.262.624/0001-01;ATECH NEGOCIOS EM TECNOLOGIAS SA;22/10/2009;DEMAIS;205-4;85.99-6-04;1346;28/05/2014;Atividades de ensino não especificadas anteriormente;EDUCAÇÃO;P;85;85.9;SP
EED;08.057.011/0001-10;ATM MANUTENCAO DE AERONAVES E TURBINAS LTDA;26/05/2006;DEMAIS;206-2;33.16-3-01;3898;21/09/2021;Manutenção e reparação de aeronaves;INDÚSTRIAS DE TRANSFORMAÇÃO;C;33;33.1;MS
EED;08.057.011/0001-10;ATM MANUTENCAO DE AERONAVES E TURBINAS LTDA;26/05/2006;DEMAIS;206-2;33.12-1-02;3898;21/09/2021;Manutenção e reparação de equipamentos eletrônicos e ópticos;INDÚSTRIAS DE TRANSFORMAÇÃO;C;33;33.1;MS
EED;08.057.011/0001-10;ATM MANUTENCAO DE AERONAVES E TURBINAS LTDA;26/05/2006;DEMAIS;206-2;33.16-3-02;3898;21/09/2021;Manutenção e reparação de aeronaves;INDÚSTRIAS DE TRANSFORMAÇÃO;C;33;33.1;MS
EED;08.057.011/0001-10;ATM MANUTENCAO DE AERONAVES E TURBINAS LTDA;26/05/2006;DEMAIS;206-2;46.69-9-99;3898;21/09/2021;"Comércio atacadista de máquinas, aparelhos e equipamentos não especificados anteriormente; partes e peças";"COMÉRCIO; REPARAÇÃO DE VEÍCULOS AUTOMOTORES E MOTOCICLETAS";G;46;46.6;MS
EED;08.057.011/0001-10;ATM MANUTENCAO DE AERONAVES E TURBINAS LTDA;26/05/2006;DEMAIS;206-2;52.40-1-99;3898;21/09/2021;Atividades auxiliares dos transportes aéreos;TRANSPORTE, ARMAZENAGEM E CORREIO;H;52;52.4;MS
EED;08.057.011/0001-10;ATM MANUTENCAO DE AERONAVES E TURBINAS LTDA;26/05/2006;DEMAIS;206-2;71.12-0-00;3898;21/09/2021;Serviços de engenharia;ATIVIDADES PROFISSIONAIS, CIENTÍFICAS E TÉCNICAS;M;71;71.1;MS
EED;08.057.011/0001-10;ATM MANUTENCAO DE AERONAVES E TURBINAS LTDA;26/05/2006;DEMAIS;206-2;82.19-9-99;3898;21/09/2021;Fotocópias, preparação de documentos e outros serviços especializados de apoio administrativo;ATIVIDADES ADMINISTRATIVAS E SERVIÇOS COMPLEMENTARES;N;82;82.1;MS
EED;08.057.011/0001-10;ATM MANUTENCAO DE AERONAVES E TURBINAS LTDA;26/05/2006;DEMAIS;206-2;95.29-1-05;3898;21/09/2021;Reparação e manutenção de objetos e equipamentos pessoais e domésticos não especificados anteriormente;OUTRAS ATIVIDADES DE SERVIÇOS;S;95;95.2;MS
EED;17.625.177/0001-86;AVANTSEC - PRESTACAO DE SERVICOS E COMERCIO DE PRODUTOS DE INFORMATICA LTDA;20/02/2013;DEMAIS;206-2;47.51-2-01;3216;12/06/2023;Comércio varejista especializado de equipamentos e suprimentos de informática;"COMÉRCIO; REPARAÇÃO DE VEÍCULOS AUTOMOTORES E MOTOCICLETAS";G;47;47.5;DF
EED;17.625.177/0001-86;AVANTSEC - PRESTACAO DE SERVICOS E COMERCIO DE PRODUTOS DE INFORMATICA LTDA;20/02/2013;DEMAIS;206-2;62.02-3-00;3216;12/06/2023;Desenvolvimento e licenciamento de programas de computador customizáveis;INFORMAÇÃO E COMUNICAÇÃO;J;62;62.0;DF
EED;17.625.177/0001-86;AVANTSEC - PRESTACAO DE SERVICOS E COMERCIO DE PRODUTOS DE INFORMATICA LTDA;20/02/2013;DEMAIS;206-2;62.03-1-00;3216;12/06/2023;Desenvolvimento e licenciamento de programas de computador não-customizáveis;INFORMAÇÃO E COMUNICAÇÃO;J;62;62.0;DF
EED;17.625.177/0001-86;AVANTSEC - PRESTACAO DE SERVICOS E COMERCIO DE PRODUTOS DE INFORMATICA LTDA;20/02/2013;DEMAIS;206-2;62.09-1-00;3216;12/06/2023;Suporte técnico, manutenção e outros serviços em tecnologia da informação;INFORMAÇÃO E COMUNICAÇÃO;J;62;62.0;DF
EED;17.625.177/0001-86;AVANTSEC - PRESTACAO DE SERVICOS E COMERCIO DE PRODUTOS DE INFORMATICA LTDA;20/02/2013;DEMAIS;206-2;85.99-6-03;3216;12/06/2023;Atividades de ensino não especificadas anteriormente;EDUCAÇÃO;P;85;85.9;DF
EED;17.625.177/0001-86;AVANTSEC - PRESTACAO DE SERVICOS E COMERCIO DE PRODUTOS DE INFORMATICA LTDA;20/02/2013;DEMAIS;206-2;85.99-6-04;3216;12/06/2023;Atividades de ensino não especificadas anteriormente;EDUCAÇÃO;P;85;85.9;DF
EED;17.625.177/0001-86;AVANTSEC - PRESTACAO DE SERVICOS E COMERCIO DE PRODUTOS DE INFORMATICA LTDA;20/02/2013;DEMAIS;206-2;95.11-8-00;3216;12/06/2023;Reparação e manutenção de computadores e de equipamentos periféricos;OUTRAS ATIVIDADES DE SERVIÇOS;S;95;95.1;DF
EED;17.625.177/0001-86;AVANTSEC - PRESTACAO DE SERVICOS E COMERCIO DE PRODUTOS DE INFORMATICA LTDA;20/02/2013;DEMAIS;206-2;26.10-8-00;3216;12/06/2023;Fabricação de componentes eletrônicos;INDÚSTRIAS DE TRANSFORMAÇÃO;C;26;26.1;DF
EED;17.625.177/0001-86;AVANTSEC - PRESTACAO DE SERVICOS E COMERCIO DE PRODUTOS DE INFORMATICA LTDA;20/02/2013;DEMAIS;206-2;74.90-1-04;3216;12/06/2023;Atividades profissionais, científicas e técnicas não especificadas anteriormente;ATIVIDADES PROFISSIONAIS, CIENTÍFICAS E TÉCNICAS;M;74;74.9;DF
EED;0.435.091/0001-98;AVIBRAS DIVISAO AEREA E NAVAL SA;15/02/1995;DEMAIS;205-4;25.50-1-01;1346;28/05/2014;Fabricação de equipamento bélico pesado, armas de fogo e munições;INDÚSTRIAS DE TRANSFORMAÇÃO;C;25;25.5;SP
EED;0.435.091/0001-98;AVIBRAS DIVISAO AEREA E NAVAL SA;15/02/1995;DEMAIS;205-4;30.50-4-00;1346;28/05/2014;Fabricação de veículos militares de combate;INDÚSTRIAS DE TRANSFORMAÇÃO;C;30;30.5;SP
EED;0.435.091/0001-98;AVIBRAS DIVISAO AEREA E NAVAL SA;15/02/1995;DEMAIS;205-4;30.41-5-00;1346;28/05/2014;Fabricação de aeronaves;INDÚSTRIAS DE TRANSFORMAÇÃO;C;30;30.4;SP
EED;0.435.091/0001-98;AVIBRAS DIVISAO AEREA E NAVAL SA;15/02/1995;DEMAIS;205-4;62.01-5-01;1346;28/05/2014;Desenvolvimento de programas de computador sob encomenda;INFORMAÇÃO E COMUNICAÇÃO;J;62;62.0;SP
EED;0.435.091/0001-98;AVIBRAS DIVISAO AEREA E NAVAL SA;15/02/1995;DEMAIS;205-4;72.10-0-00;1346;28/05/2014;Pesquisa e desenvolvimento experimental em ciências físicas e naturais;ATIVIDADES PROFISSIONAIS, CIENTÍFICAS E TÉCNICAS;M;72;72.1;SP
EED;0.435.091/0001-98;AVIBRAS DIVISAO AEREA E NAVAL SA;15/02/1995;DEMAIS;205-4;71.12-0-00;1346;28/05/2014;Serviços de engenharia;ATIVIDADES PROFISSIONAIS, CIENTÍFICAS E TÉCNICAS;M;71;71.1;SP
EED;0.435.091/0001-98;AVIBRAS DIVISAO AEREA E NAVAL SA;15/02/1995;DEMAIS;205-4;45.20-0-01;1346;28/05/2014;Manutenção e reparação de veículos automotores;"COMÉRCIO; REPARAÇÃO DE VEÍCULOS AUTOMOTORES E MOTOCICLETAS";G;45;45.2;SP
EED;0.435.091/0001-98;AVIBRAS DIVISAO AEREA E NAVAL SA;15/02/1995;DEMAIS;205-4;33.16-3-01;1346;28/05/2014;Manutenção e reparação de aeronaves;INDÚSTRIAS DE TRANSFORMAÇÃO;C;33;33.1;SP
EED;0.435.091/0001-98;AVIBRAS DIVISAO AEREA E NAVAL SA;15/02/1995;DEMAIS;205-4;33.11-2-00;1346;28/05/2014;Manutenção e reparação de tanques, reservatórios metálicos e caldeiras, exceto para veículos;INDÚSTRIAS DE TRANSFORMAÇÃO;C;33;33.1;SP
EED;0.435.091/0001-98;AVIBRAS DIVISAO AEREA E NAVAL SA;15/02/1995;DEMAIS;205-4;85.99-6-99;1346;28/05/2014;Atividades de ensino não especificadas anteriormente;EDUCAÇÃO;P;85;85.9;SP
EED;0.435.091/0001-98;AVIBRAS DIVISAO AEREA E NAVAL SA;15/02/1995;DEMAIS;205-4;28.53-4-00;1346;28/05/2014;Fabricação de tratores, exceto agrícolas;INDÚSTRIAS DE TRANSFORMAÇÃO;C;28;28.5;SP
EED;0.435.091/0001-98;AVIBRAS DIVISAO AEREA E NAVAL SA;15/02/1995;DEMAIS;205-4;20.32-1-00;1346;28/05/2014;Fabricação de resinas termofixas;INDÚSTRIAS DE TRANSFORMAÇÃO;C;20;20.3;SP
EED;0.435.091/0001-98;AVIBRAS DIVISAO AEREA E NAVAL SA;15/02/1995;DEMAIS;205-4;20.92-4-01;1346;28/05/2014;Fabricação de explosivos;INDÚSTRIAS DE TRANSFORMAÇÃO;C;20;20.9;SP
EED;0.435.091/0001-98;AVIBRAS DIVISAO AEREA E NAVAL SA;15/02/1995;DEMAIS;205-4;25.39-0-02;1346;28/05/2014;Serviços de usinagem, solda, tratamento e revestimento em metais;INDÚSTRIAS DE TRANSFORMAÇÃO;C;25;25.3;SP
EED;0.435.091/0001-98;AVIBRAS DIVISAO AEREA E NAVAL SA;15/02/1995;DEMAIS;205-4;46.14-1-00;1346;28/05/2014;Representantes comerciais e agentes do comércio de máquinas, equipamentos, embarcações e aeronaves;"COMÉRCIO; REPARAÇÃO DE VEÍCULOS AUTOMOTORES E MOTOCICLETAS";G;46;46.1;SP
EED;0.435.091/0001-98;AVIBRAS DIVISAO AEREA E NAVAL SA;15/02/1995;DEMAIS;205-4;64.63-8-00;1346;28/05/2014;Outras sociedades de participação, exceto holdings;ATIVIDADES FINANCEIRAS, DE SEGUROS E SERVIÇOS RELACIONADOS;K;64;64.6;SP
EED;60.181.468/0005-85;AVIBRAS INDUSTRIA AEROESPACIAL SA;25/05/1979;DEMAIS;205-4;25.50-1-01;1346;28/05/2014;Fabricação de equipamento bélico pesado, armas de fogo e munições;INDÚSTRIAS DE TRANSFORMAÇÃO;C;25;25.5;SP
EED;60.181.468/0005-85;AVIBRAS INDUSTRIA AEROESPACIAL SA;25/05/1979;DEMAIS;205-4;30.50-4-00;1346;28/05/2014;Fabricação de veículos militares de combate;INDÚSTRIAS DE TRANSFORMAÇÃO;C;30;30.5;SP
EED;60.181.468/0005-85;AVIBRAS INDUSTRIA AEROESPACIAL SA;25/05/1979;DEMAIS;205-4;30.41-5-00;1346;28/05/2014;Fabricação de aeronaves;INDÚSTRIAS DE TRANSFORMAÇÃO;C;30;30.4;SP
EED;60.181.468/0005-85;AVIBRAS INDUSTRIA AEROESPACIAL SA;25/05/1979;DEMAIS;205-4;62.01-5-01;1346;28/05/2014;Desenvolvimento de programas de computador sob encomenda;INFORMAÇÃO E COMUNICAÇÃO;J;62;62.0;SP
EED;60.181.468/0005-85;AVIBRAS INDUSTRIA AEROESPACIAL SA;25/05/1979;DEMAIS;205-4;72.10-0-00;1346;28/05/2014;Pesquisa e desenvolvimento experimental em ciências físicas e naturais;ATIVIDADES PROFISSIONAIS, CIENTÍFICAS E TÉCNICAS;M;72;72.1;SP
EED;60.181.468/0005-85;AVIBRAS INDUSTRIA AEROESPACIAL SA;25/05/1979;DEMAIS;205-4;71.12-0-00;1346;28/05/2014;Serviços de engenharia;ATIVIDADES PROFISSIONAIS, CIENTÍFICAS E TÉCNICAS;M;71;71.1;SP
EED;60.181.468/0005-85;AVIBRAS INDUSTRIA AEROESPACIAL SA;25/05/1979;DEMAIS;205-4;45.20-0-01;1346;28/05/2014;Manutenção e reparação de veículos automotores;"COMÉRCIO; REPARAÇÃO DE VEÍCULOS AUTOMOTORES E MOTOCICLETAS";G;45;45.2;SP
EED;60.181.468/0005-85;AVIBRAS INDUSTRIA AEROESPACIAL SA;25/05/1979;DEMAIS;205-4;33.16-3-01;1346;28/05/2014;Manutenção e reparação de aeronaves;INDÚSTRIAS DE TRANSFORMAÇÃO;C;33;33.1;SP
EED;60.181.468/0005-85;AVIBRAS INDUSTRIA AEROESPACIAL SA;25/05/1979;DEMAIS;205-4;33.11-2-00;1346;28/05/2014;Manutenção e reparação de tanques, reservatórios metálicos e caldeiras, exceto para veículos;INDÚSTRIAS DE TRANSFORMAÇÃO;C;33;33.1;SP
EED;60.181.468/0005-85;AVIBRAS INDUSTRIA AEROESPACIAL SA;25/05/1979;DEMAIS;205-4;85.99-6-99;1346;28/05/2014;Atividades de ensino não especificadas anteriormente;EDUCAÇÃO;P;85;85.9;SP
EED;60.181.468/0005-85;AVIBRAS INDUSTRIA AEROESPACIAL SA;25/05/1979;DEMAIS;205-4;28.53-4-00;1346;28/05/2014;Fabricação de tratores, exceto agrícolas;INDÚSTRIAS DE TRANSFORMAÇÃO;C;28;28.5;SP
EED;60.181.468/0005-85;AVIBRAS INDUSTRIA AEROESPACIAL SA;25/05/1979;DEMAIS;205-4;20.32-1-00;1346;28/05/2014;Fabricação de resinas termofixas;INDÚSTRIAS DE TRANSFORMAÇÃO;C;20;20.3;SP
EED;60.181.468/0005-85;AVIBRAS INDUSTRIA AEROESPACIAL SA;25/05/1979;DEMAIS;205-4;20.92-4-01;1346;28/05/2014;Fabricação de explosivos;INDÚSTRIAS DE TRANSFORMAÇÃO;C;20;20.9;SP
EED;60.181.468/0005-85;AVIBRAS INDUSTRIA AEROESPACIAL SA;25/05/1979;DEMAIS;205-4;25.39-0-02;1346;28/05/2014;Serviços de usinagem, solda, tratamento e revestimento em metais;INDÚSTRIAS DE TRANSFORMAÇÃO;C;25;25.3;SP
EED;60.181.468/0005-85;AVIBRAS INDUSTRIA AEROESPACIAL SA;25/05/1979;DEMAIS;205-4;46.14-1-00;1346;28/05/2014;Representantes comerciais e agentes do comércio de máquinas, equipamentos, embarcações e aeronaves;"COMÉRCIO; REPARAÇÃO DE VEÍCULOS AUTOMOTORES E MOTOCICLETAS";G;46;46.1;SP
EED;60.181.468/0005-85;AVIBRAS INDUSTRIA AEROESPACIAL SA;25/05/1979;DEMAIS;205-4;64.63-8-00;1346;28/05/2014;Outras sociedades de participação, exceto holdings;ATIVIDADES FINANCEIRAS, DE SEGUROS E SERVIÇOS RELACIONADOS;K;64;64.6;SP
ED;11.267.488/0001-34;AVIO DO BRASIL FABRICACAO E MANUTENCAO DE MOTORES E PECAS PARA AERONAVES LTDA;19/10/2009;DEMAIS;206-2;33.16-3-01;2056;15/08/2014;Manutenção e reparação de aeronaves;INDÚSTRIAS DE TRANSFORMAÇÃO;C;33;33.1;RJ
ED;11.267.488/0001-34;AVIO DO BRASIL FABRICACAO E MANUTENCAO DE MOTORES E PECAS PARA AERONAVES LTDA;19/10/2009;DEMAIS;206-2;33.16-3-02;2056;15/08/2014;Manutenção e reparação de aeronaves;INDÚSTRIAS DE TRANSFORMAÇÃO;C;33;33.1;RJ
EED;05.677.041/0001-30;AZANONATEC INDUSTRIA E COMERCIO LTDA;29/05/2003;ME;206-2;31.02-1-00;5576;12/12/2024;Fabricação de móveis com predominância de metal;INDÚSTRIAS DE TRANSFORMAÇÃO;C;31;31.2;RS
EED;05.677.041/0001-30;AZANONATEC INDUSTRIA E COMERCIO LTDA;29/05/2003;ME;206-2;26.10-8-00;5576;12/12/2024;Fabricação de componentes eletrônicos;INDÚSTRIAS DE TRANSFORMAÇÃO;C;26;26.1;RS
EED;05.677.041/0001-30;AZANONATEC INDUSTRIA E COMERCIO LTDA;29/05/2003;ME;206-2;46.51-6-01;5576;12/12/2024;Comércio atacadista de computadores, periféricos e suprimentos de informática;"COMÉRCIO; REPARAÇÃO DE VEÍCULOS AUTOMOTORES E MOTOCICLETAS";G;46;46.5;RS
EED;05.677.041/0001-30;AZANONATEC INDUSTRIA E COMERCIO LTDA;29/05/2003;ME;206-2;62.02-3-00;5576;12/12/2024;Desenvolvimento e licenciamento de programas de computador customizáveis;INFORMAÇÃO E COMUNICAÇÃO;J;62;62.0;RS
EED;05.677.041/0001-30;AZANONATEC INDUSTRIA E COMERCIO LTDA;29/05/2003;ME;206-2;95.11-8-00;5576;12/12/2024;Reparação e manutenção de computadores e de equipamentos periféricos;OUTRAS ATIVIDADES DE SERVIÇOS;S;95;95.1;RS
EED;05.677.041/0001-30;AZANONATEC INDUSTRIA E COMERCIO LTDA;29/05/2003;ME;206-2;95.21-5-00;5576;12/12/2024;Reparação e manutenção de equipamentos eletroeletrônicos de uso pessoal e doméstico;OUTRAS ATIVIDADES DE SERVIÇOS;S;95;95.2;RS
EED;03.452.655/0001-99;BCA TEXTIL LTDA;15/10/1999;DEMAIS;206-2;13.54-5-00;1346;28/05/2014;Fabricação de tecidos especiais, inclusive artefatos;INDÚSTRIAS DE TRANSFORMAÇÃO;C;13;13.5;SP
EED;03.452.655/0001-99;BCA TEXTIL LTDA;15/10/1999;DEMAIS;206-2;32.92-2-02;1346;28/05/2014;Fabricação de equipamentos e acessórios para segurança e proteção pessoal e profissional;INDÚSTRIAS DE TRANSFORMAÇÃO;C;32;32.9;SP
EED;03.452.655/0001-99;BCA TEXTIL LTDA;15/10/1999;DEMAIS;206-2;13.23-5-00;1346;28/05/2014;Tecelagem de fios de fibras artificiais e sintéticas;INDÚSTRIAS DE TRANSFORMAÇÃO;C;13;13.2;SP
EED;03.452.655/0001-99;BCA TEXTIL LTDA;15/10/1999;DEMAIS;206-2;13.59-6-00;1346;28/05/2014;Fabricação de outros produtos têxteis não especificados anteriormente;INDÚSTRIAS DE TRANSFORMAÇÃO;C;13;13.5;SP
EED;03.452.655/0001-99;BCA TEXTIL LTDA;15/10/1999;DEMAIS;206-2;30.42-3-00;1346;28/05/2014;Fabricação de turbinas, motores e outros componentes e peças para aeronaves;INDÚSTRIAS DE TRANSFORMAÇÃO;C;30;30.4;SP
EED;03.452.655/0001-99;BCA TEXTIL LTDA;15/10/1999;DEMAIS;206-2;45.20-0-07;1346;28/05/2014;Manutenção e reparação de veículos automotores;"COMÉRCIO; REPARAÇÃO DE VEÍCULOS AUTOMOTORES E MOTOCICLETAS";G;45;45.2;SP
EED;03.452.655/0001-99;BCA TEXTIL LTDA;15/10/1999;DEMAIS;206-2;43.29-1-99;1346;28/05/2014;Obras de instalações em construções não especificadas anteriormente;CONSTRUÇÃO;F;43;43.2;SP
EED;03.452.655/0001-99;BCA TEXTIL LTDA;15/10/1999;DEMAIS;206-2;71.12-0-00;1346;28/05/2014;Serviços de engenharia;ATIVIDADES PROFISSIONAIS, CIENTÍFICAS E TÉCNICAS;M;71;71.1;SP
EED;84.512.037/0001-99;BDS CONFECCOES LTDA;17/01/1994;DEMAIS;206-2;14.13-4-01;2912;03/07/2019;Confecção de roupas profissionais;INDÚSTRIAS DE TRANSFORMAÇÃO;C;14;14.1;AM 
EED;84.512.037/0001-99;BDS CONFECCOES LTDA;17/01/1994;DEMAIS;206-2;14.13-4-03 ;2912;03/07/2019;Confecção de roupas profissionais;INDÚSTRIAS DE TRANSFORMAÇÃO;C;14;14.1;AM 
EED;84.512.037/0001-99;BDS CONFECCOES LTDA;17/01/1994;DEMAIS;206-2;32.92-2-01;2912;03/07/2019;Fabricação de equipamentos e acessórios para segurança e proteção pessoal e profissional;INDÚSTRIAS DE TRANSFORMAÇÃO;C;32;32.9;AM 
EED;40.807.222/0001-35;BELICA MILITAR LTDA;10/02/2021;EPP;206-2;46.49-4-99;2340;06/05/2024;Comércio atacadista de equipamentos e artigos de uso pessoal e doméstico não especificados anteriormente;"COMÉRCIO; REPARAÇÃO DE VEÍCULOS AUTOMOTORES E MOTOCICLETAS";G;46;46.4;SC
EED;40.807.222/0001-35;BELICA MILITAR LTDA;10/02/2021;EPP;206-2;22.22-6-00;2340;06/05/2024;Fabricação de embalagens de material plástico;INDÚSTRIAS DE TRANSFORMAÇÃO;C;22;22.2;SC
EED;40.807.222/0001-35;BELICA MILITAR LTDA;10/02/2021;EPP;206-2;22.29-3-01;2340;06/05/2024;Fabricação de artefatos de material plástico não especificados anteriormente;INDÚSTRIAS DE TRANSFORMAÇÃO;C;22;22.2;SC
EED;40.807.222/0001-35;BELICA MILITAR LTDA;10/02/2021;EPP;206-2;32.30-2-00;2340;06/05/2024;Fabricação de artefatos para pesca e esporte;INDÚSTRIAS DE TRANSFORMAÇÃO;C;32;32.3;SC
EED;40.807.222/0001-35;BELICA MILITAR LTDA;10/02/2021;EPP;206-2;32.92-2-02;2340;06/05/2024;Fabricação de equipamentos e acessórios para segurança e proteção pessoal e profissional;INDÚSTRIAS DE TRANSFORMAÇÃO;C;32;32.9;SC
EED;40.807.222/0001-35;BELICA MILITAR LTDA;10/02/2021;EPP;206-2;47.63-6-04;2340;06/05/2024;Comércio varejista de artigos recreativos e esportivos;"COMÉRCIO; REPARAÇÃO DE VEÍCULOS AUTOMOTORES E MOTOCICLETAS";G;47;47.6;SC
EED;14.813.219/0001-14;BEMBRAS INTEGRACAO E ENGENHARIA LTDA;02/12/2011;EPP;206-2;46.18-4-99;6133;18/12/2023;Representantes comerciais e agentes do comércio especializado em produtos não especificados anteriormente;"COMÉRCIO; REPARAÇÃO DE VEÍCULOS AUTOMOTORES E MOTOCICLETAS";G;46;46.1;SP
EED;14.813.219/0001-14;BEMBRAS INTEGRACAO E ENGENHARIA LTDA;02/12/2011;EPP;206-2;33.19-8-00;6133;18/12/2023;Manutenção e reparação de equipamentos e produtos não especificados anteriormente;INDÚSTRIAS DE TRANSFORMAÇÃO;C;33;33.1;SP
EED;14.813.219/0001-14;BEMBRAS INTEGRACAO E ENGENHARIA LTDA;02/12/2011;EPP;206-2;41.10-7-00;6133;18/12/2023;Incorporação de empreendimentos imobiliários;CONSTRUÇÃO;F;41;41.1;SP
EED;14.813.219/0001-14;BEMBRAS INTEGRACAO E ENGENHARIA LTDA;02/12/2011;EPP;206-2;41.20-4-00;6133;18/12/2023;Construção de edifícios;CONSTRUÇÃO;F;41;41.2;SP
EED;14.813.219/0001-14;BEMBRAS INTEGRACAO E ENGENHARIA LTDA;02/12/2011;EPP;206-2;47.89-0-08;6133;18/12/2023;Comércio varejista de outros produtos novos não especificados anteriormente;"COMÉRCIO; REPARAÇÃO DE VEÍCULOS AUTOMOTORES E MOTOCICLETAS";G;47;47.8;SP
EED;14.813.219/0001-14;BEMBRAS INTEGRACAO E ENGENHARIA LTDA;02/12/2011;EPP;206-2;47.89-0-99;6133;18/12/2023;Comércio varejista de outros produtos novos não especificados anteriormente;"COMÉRCIO; REPARAÇÃO DE VEÍCULOS AUTOMOTORES E MOTOCICLETAS";G;47;47.8;SP
EED;14.813.219/0001-14;BEMBRAS INTEGRACAO E ENGENHARIA LTDA;02/12/2011;EPP;206-2;52.23-1-00;6133;18/12/2023;Estacionamento de veículos;TRANSPORTE, ARMAZENAGEM E CORREIO;H;52;52.2;SP
EED;14.813.219/0001-14;BEMBRAS INTEGRACAO E ENGENHARIA LTDA;02/12/2011;EPP;206-2;61.10-8-03;6133;18/12/2023;Telecomunicações por fio;INFORMAÇÃO E COMUNICAÇÃO;J;61;61.1;SP
EED;14.813.219/0001-14;BEMBRAS INTEGRACAO E ENGENHARIA LTDA;02/12/2011;EPP;206-2;61.90-6-99;6133;18/12/2023;Outras atividades de telecomunicações;INFORMAÇÃO E COMUNICAÇÃO;J;61;61.9;SP
EED;14.813.219/0001-14;BEMBRAS INTEGRACAO E ENGENHARIA LTDA;02/12/2011;EPP;206-2;62.02-3-00;6133;18/12/2023;Desenvolvimento e licenciamento de programas de computador customizáveis;INFORMAÇÃO E COMUNICAÇÃO;J;62;62.0;SP
EED;14.813.219/0001-14;BEMBRAS INTEGRACAO E ENGENHARIA LTDA;02/12/2011;EPP;206-2;62.03-1-00;6133;18/12/2023;Desenvolvimento e licenciamento de programas de computador não-customizáveis;INFORMAÇÃO E COMUNICAÇÃO;J;62;62.0;SP
EED;14.813.219/0001-14;BEMBRAS INTEGRACAO E ENGENHARIA LTDA;02/12/2011;EPP;206-2;62.04-0-00;6133;18/12/2023;Consultoria em tecnologia da informação;INFORMAÇÃO E COMUNICAÇÃO;J;62;62.0;SP
EED;14.813.219/0001-14;BEMBRAS INTEGRACAO E ENGENHARIA LTDA;02/12/2011;EPP;206-2;62.09-1-00;6133;18/12/2023;Suporte técnico, manutenção e outros serviços em tecnologia da informação;INFORMAÇÃO E COMUNICAÇÃO;J;62;62.0;SP
EED;14.813.219/0001-14;BEMBRAS INTEGRACAO E ENGENHARIA LTDA;02/12/2011;EPP;206-2;71.12-0-00;6133;18/12/2023;Serviços de engenharia;ATIVIDADES PROFISSIONAIS, CIENTÍFICAS E TÉCNICAS;M;71;71.1;SP
EED;14.813.219/0001-14;BEMBRAS INTEGRACAO E ENGENHARIA LTDA;02/12/2011;EPP;206-2;74.90-1-99;6133;18/12/2023;Atividades profissionais, científicas e técnicas não especificadas anteriormente;ATIVIDADES PROFISSIONAIS, CIENTÍFICAS E TÉCNICAS;M;74;74.9;SP
EED;14.813.219/0001-14;BEMBRAS INTEGRACAO E ENGENHARIA LTDA;02/12/2011;EPP;206-2;77.39-0-99;6133;18/12/2023;Aluguel de máquinas e equipamentos não especificados anteriormente;ATIVIDADES ADMINISTRATIVAS E SERVIÇOS COMPLEMENTARES;N;77;77.3;SP
EED;14.813.219/0001-14;BEMBRAS INTEGRACAO E ENGENHARIA LTDA;02/12/2011;EPP;206-2;80.20-0-01;6133;18/12/2023;Atividades de monitoramento de sistemas de segurança;ATIVIDADES ADMINISTRATIVAS E SERVIÇOS COMPLEMENTARES;N;80;80.2;SP
EED;14.813.219/0001-14;BEMBRAS INTEGRACAO E ENGENHARIA LTDA;02/12/2011;EPP;206-2;82.99-7-99;6133;18/12/2023;Atividades de serviços prestados principalmente às empresas não especificadas anteriormente;ATIVIDADES ADMINISTRATIVAS E SERVIÇOS COMPLEMENTARES;N;82;82.9;SP
EED;14.813.219/0001-14;BEMBRAS INTEGRACAO E ENGENHARIA LTDA;02/12/2011;EPP;206-2;85.99-6-04;6133;18/12/2023;Atividades de ensino não especificadas anteriormente;EDUCAÇÃO;P;85;85.9;SP
EED;19.435.137/0001-05;BEN BUREAU DE ENGENHARIA & NEGOCIOS LTDA;19/12/2013;ME;206-2;42.91-0-00;2340;06/05/2024;Obras portuárias, marítimas e fluviais;CONSTRUÇÃO;F;42;42.9;SP
EED;19.435.137/0001-05;BEN BUREAU DE ENGENHARIA & NEGOCIOS LTDA;19/12/2013;ME;206-2;71.12-0-00;2340;06/05/2024;Serviços de engenharia;ATIVIDADES PROFISSIONAIS, CIENTÍFICAS E TÉCNICAS;M;71;71.1;SP
EED;19.435.137/0001-05;BEN BUREAU DE ENGENHARIA & NEGOCIOS LTDA;19/12/2013;ME;206-2;71.19-7-01;2340;06/05/2024;Atividades técnicas relacionadas à arquitetura e engenharia;ATIVIDADES PROFISSIONAIS, CIENTÍFICAS E TÉCNICAS;M;71;71.1;SP
EED;19.435.137/0001-05;BEN BUREAU DE ENGENHARIA & NEGOCIOS LTDA;19/12/2013;ME;206-2;72.10-0-00;2340;06/05/2024;Pesquisa e desenvolvimento experimental em ciências físicas e naturais;ATIVIDADES PROFISSIONAIS, CIENTÍFICAS E TÉCNICAS;M;72;72.1;SP
EED;19.435.137/0001-05;BEN BUREAU DE ENGENHARIA & NEGOCIOS LTDA;19/12/2013;ME;206-2;71.19-7-03;2340;06/05/2024;Atividades técnicas relacionadas à arquitetura e engenharia;ATIVIDADES PROFISSIONAIS, CIENTÍFICAS E TÉCNICAS;M;71;71.1;SP
EED;19.435.137/0001-05;BEN BUREAU DE ENGENHARIA & NEGOCIOS LTDA;19/12/2013;ME;206-2;71.20-1-00;2340;06/05/2024;Testes e análises técnicas;ATIVIDADES PROFISSIONAIS, CIENTÍFICAS E TÉCNICAS;M;71;71.2;SP
EED;19.435.137/0001-05;BEN BUREAU DE ENGENHARIA & NEGOCIOS LTDA;19/12/2013;ME;206-2;42.92-8-02;2340;06/05/2024;Montagem de instalações industriais e de estruturas metálicas;CONSTRUÇÃO;F;42;42.9;SP
EED;19.435.137/0001-05;BEN BUREAU DE ENGENHARIA & NEGOCIOS LTDA;19/12/2013;ME;206-2;41.20-4-00;2340;06/05/2024;Construção de edifícios;CONSTRUÇÃO;F;41;41.2;SP
EED;07.259.712/0001-79;BERKANA TECNOLOGIA EM SEGURANCA LTDA;24/02/2005;DEMAIS;206-2;46.52-4-00;5893;15/12/2022;Comércio atacadista de componentes eletrônicos e equipamentos de telefonia e comunicação;"COMÉRCIO; REPARAÇÃO DE VEÍCULOS AUTOMOTORES E MOTOCICLETAS";G;46;46.5;SP
EED;07.259.712/0001-79;BERKANA TECNOLOGIA EM SEGURANCA LTDA;24/02/2005;DEMAIS;206-2;32.92-2-02;5893;15/12/2022;Fabricação de equipamentos e acessórios para segurança e proteção pessoal e profissional;INDÚSTRIAS DE TRANSFORMAÇÃO;C;32;32.9;SP
EED;07.259.712/0001-79;BERKANA TECNOLOGIA EM SEGURANCA LTDA;24/02/2005;DEMAIS;206-2;33.19-8-00 ;5893;15/12/2022;Manutenção e reparação de equipamentos e produtos não especificados anteriormente;INDÚSTRIAS DE TRANSFORMAÇÃO;C;33;33.1;SP
EED;07.259.712/0001-79;BERKANA TECNOLOGIA EM SEGURANCA LTDA;24/02/2005;DEMAIS;206-2;45.11-1-03;5893;15/12/2022;Comércio a varejo e por atacado de veículos automotores;"COMÉRCIO; REPARAÇÃO DE VEÍCULOS AUTOMOTORES E MOTOCICLETAS";G;45;45.1;SP
EED;07.259.712/0001-79;BERKANA TECNOLOGIA EM SEGURANCA LTDA;24/02/2005;DEMAIS;206-2;45.20-0-07;5893;15/12/2022;Manutenção e reparação de veículos automotores;"COMÉRCIO; REPARAÇÃO DE VEÍCULOS AUTOMOTORES E MOTOCICLETAS";G;45;45.2;SP
EED;07.259.712/0001-79;BERKANA TECNOLOGIA EM SEGURANCA LTDA;24/02/2005;DEMAIS;206-2;46.18-4-99;5893;15/12/2022;Representantes comerciais e agentes do comércio especializado em produtos não especificados anteriormente;"COMÉRCIO; REPARAÇÃO DE VEÍCULOS AUTOMOTORES E MOTOCICLETAS";G;46;46.1;SP
EED;45.320.792/0001-10;BIZU TECNOLOGIAS AEROESPACIAIS E SERVICOS LTDA;16/02/2022;ME;206-2;71.19-7-99;4514;27/09/2024;Atividades técnicas relacionadas à arquitetura e engenharia;ATIVIDADES PROFISSIONAIS, CIENTÍFICAS E TÉCNICAS;M;71;71.1;SP
EED;45.320.792/0001-10;BIZU TECNOLOGIAS AEROESPACIAIS E SERVICOS LTDA;16/02/2022;ME;206-2;28.69-1-00;4514;27/09/2024;Fabricação de máquinas e equipamentos para uso industrial específico não especificados anteriormente;INDÚSTRIAS DE TRANSFORMAÇÃO;C;28;28.6;SP
EED;45.320.792/0001-10;BIZU TECNOLOGIAS AEROESPACIAIS E SERVICOS LTDA;16/02/2022;ME;206-2;47.61-0-01;4514;27/09/2024;Comércio varejista de livros, jornais, revistas e papelaria;"COMÉRCIO; REPARAÇÃO DE VEÍCULOS AUTOMOTORES E MOTOCICLETAS";G;47;47.6;SP
EED;45.320.792/0001-10;BIZU TECNOLOGIAS AEROESPACIAIS E SERVICOS LTDA;16/02/2022;ME;206-2;47.89-0-99;4514;27/09/2024;Comércio varejista de outros produtos novos não especificados anteriormente;"COMÉRCIO; REPARAÇÃO DE VEÍCULOS AUTOMOTORES E MOTOCICLETAS";G;47;47.8;SP
EED;45.320.792/0001-10;BIZU TECNOLOGIAS AEROESPACIAIS E SERVICOS LTDA;16/02/2022;ME;206-2;51.30-7-00;4514;27/09/2024;Transporte espacial;TRANSPORTE, ARMAZENAGEM E CORREIO;H;51;51.3;SP
EED;45.320.792/0001-10;BIZU TECNOLOGIAS AEROESPACIAIS E SERVICOS LTDA;16/02/2022;ME;206-2;71.12-0-00;4514;27/09/2024;Serviços de engenharia;ATIVIDADES PROFISSIONAIS, CIENTÍFICAS E TÉCNICAS;M;71;71.1;SP
EED;31.412.230/0001-91;BLACK MARINE EMBARCACOES E EQUIPAMENTOS NAUTICOS LTDA;03/09/2018;EPP;206-2;30.11-3-02;6133;18/12/2023;Construção de embarcações e estruturas flutuantes;INDÚSTRIAS DE TRANSFORMAÇÃO;C;30;30.1;SC
EED;31.412.230/0001-91;BLACK MARINE EMBARCACOES E EQUIPAMENTOS NAUTICOS LTDA;03/09/2018;EPP;206-2;22.29-3-02;6133;18/12/2023;Fabricação de artefatos de material plástico não especificados anteriormente;INDÚSTRIAS DE TRANSFORMAÇÃO;C;22;22.2;SC
EED;31.412.230/0001-91;BLACK MARINE EMBARCACOES E EQUIPAMENTOS NAUTICOS LTDA;03/09/2018;EPP;206-2;33.17-1-01;6133;18/12/2023;Manutenção e reparação de embarcações;INDÚSTRIAS DE TRANSFORMAÇÃO;C;33;33.1;SC
EED;31.412.230/0001-91;BLACK MARINE EMBARCACOES E EQUIPAMENTOS NAUTICOS LTDA;03/09/2018;EPP;206-2;42.22-7-01;6133;18/12/2023;Construção de redes de abastecimento de água, coleta de esgoto e construções correlatas;CONSTRUÇÃO;F;42;42.2;SC
EED;31.412.230/0001-91;BLACK MARINE EMBARCACOES E EQUIPAMENTOS NAUTICOS LTDA;03/09/2018;EPP;206-2;42.22-7-02;6133;18/12/2023;Construção de redes de abastecimento de água, coleta de esgoto e construções correlatas;CONSTRUÇÃO;F;42;42.2;SC
EED;31.412.230/0001-91;BLACK MARINE EMBARCACOES E EQUIPAMENTOS NAUTICOS LTDA;03/09/2018;EPP;206-2;42.23-5-00;6133;18/12/2023;Construção de redes de transportes por dutos, exceto para água e esgoto;CONSTRUÇÃO;F;42;42.2;SC
EED;31.412.230/0001-91;BLACK MARINE EMBARCACOES E EQUIPAMENTOS NAUTICOS LTDA;03/09/2018;EPP;206-2;46.14-1-00;6133;18/12/2023;Representantes comerciais e agentes do comércio de máquinas, equipamentos, embarcações e aeronaves;"COMÉRCIO; REPARAÇÃO DE VEÍCULOS AUTOMOTORES E MOTOCICLETAS";G;46;46.1;SC
EED;31.412.230/0001-91;BLACK MARINE EMBARCACOES E EQUIPAMENTOS NAUTICOS LTDA;03/09/2018;EPP;206-2;77.19-5-01;6133;18/12/2023;Locação de meios de transporte, exceto automóveis, sem condutor;ATIVIDADES ADMINISTRATIVAS E SERVIÇOS COMPLEMENTARES;N;77;77.1;SC
EED;31.412.230/0001-91;BLACK MARINE EMBARCACOES E EQUIPAMENTOS NAUTICOS LTDA;03/09/2018;EPP;206-2;93.29-8-99;6133;18/12/2023;Atividades de recreação e lazer não especificadas anteriormente;ARTES, CULTURA, ESPORTE E RECREAÇÃO;R;93;93.2;SC
EED;02.227.843/0001-50;BLUEPEX TECNOLOGIA SA;07/10/1997;DEMAIS;205-4;62.03-1-00;2639;08/10/2014;Desenvolvimento e licenciamento de programas de computador não-customizáveis;INFORMAÇÃO E COMUNICAÇÃO;J;62;62.0;SP
EED;02.227.843/0001-50;BLUEPEX TECNOLOGIA SA;07/10/1997;DEMAIS;205-4;63.11-9-00;2640;09/10/2014;Tratamento de dados, provedores de serviços de aplicação e serviços de hospedagem na internet;INFORMAÇÃO E COMUNICAÇÃO;J;63;63.1;SP
EED;02.227.843/0001-50;BLUEPEX TECNOLOGIA SA;07/10/1997;DEMAIS;205-4;26.21-3-00;2641;10/10/2014;Fabricação de equipamentos de informática;INDÚSTRIAS DE TRANSFORMAÇÃO;C;26;26.2;SP
EED;02.227.843/0001-50;BLUEPEX TECNOLOGIA SA;07/10/1997;DEMAIS;205-4;47.51-2-01;2642;11/10/2014;Comércio varejista especializado de equipamentos e suprimentos de informática;"COMÉRCIO; REPARAÇÃO DE VEÍCULOS AUTOMOTORES E MOTOCICLETAS";G;47;47.5;SP
EED;02.227.843/0001-50;BLUEPEX TECNOLOGIA SA;07/10/1997;DEMAIS;205-4;95.11-8-00;2643;12/10/2014;Reparação e manutenção de computadores e de equipamentos periféricos;OUTRAS ATIVIDADES DE SERVIÇOS;S;95;95.1;SP
EED;02.227.843/0001-50;BLUEPEX TECNOLOGIA SA;07/10/1997;DEMAIS;205-4;46.18-4-99;2644;13/10/2014;Representantes comerciais e agentes do comércio especializado em produtos não especificados anteriormente;"COMÉRCIO; REPARAÇÃO DE VEÍCULOS AUTOMOTORES E MOTOCICLETAS";G;46;46.1;SP
EED;02.227.843/0001-50;BLUEPEX TECNOLOGIA SA;07/10/1997;DEMAIS;205-4;62.02-3-00;2645;14/10/2014;Desenvolvimento e licenciamento de programas de computador customizáveis;INFORMAÇÃO E COMUNICAÇÃO;J;62;62.0;SP
EED;02.227.843/0001-50;BLUEPEX TECNOLOGIA SA;07/10/1997;DEMAIS;205-4;77.33-1-00;2646;15/10/2014;Aluguel de máquinas e equipamentos para escritório;ATIVIDADES ADMINISTRATIVAS E SERVIÇOS COMPLEMENTARES;N;77;77.3;SP
EED;02.227.843/0001-50;BLUEPEX TECNOLOGIA SA;07/10/1997;DEMAIS;205-4;85.99-6-04;2647;16/10/2014;Atividades de ensino não especificadas anteriormente;EDUCAÇÃO;P;85;85.9;SP
EED;02.227.843/0001-50;BLUEPEX TECNOLOGIA SA;07/10/1997;DEMAIS;205-4;43.21-5-00;2648;17/10/2014;Instalações elétricas;CONSTRUÇÃO;F;43;43.2;SP
EED;02.227.843/0001-50;BLUEPEX TECNOLOGIA SA;07/10/1997;DEMAIS;205-4;62.09-1-00;2649;18/10/2014;Suporte técnico, manutenção e outros serviços em tecnologia da informação;INFORMAÇÃO E COMUNICAÇÃO;J;62;62.0;SP
EED;02.227.843/0001-50;BLUEPEX TECNOLOGIA SA;07/10/1997;DEMAIS;205-4;77.40-3-00 ;2650;19/10/2014;Gestão de ativos intangíveis não-financeiros;ATIVIDADES ADMINISTRATIVAS E SERVIÇOS COMPLEMENTARES;N;77;77.4;SP
EED;83.082.867/0001-60;BOMBAS TRIGLAU INDUSTRIA E COMERCIO LTDA;13/06/1977;EPP;206-2;28.12-7-00;1635;27/06/2014;Fabricação de equipamentos hidráulicos e pneumáticos, exceto válvulas;INDÚSTRIAS DE TRANSFORMAÇÃO;C;28;28.1;SC
EED;83.082.867/0001-60;BOMBAS TRIGLAU INDUSTRIA E COMERCIO LTDA;13/06/1977;EPP;206-2;47.63-6-05;1635;27/06/2014;Comércio varejista de artigos recreativos e esportivos;"COMÉRCIO; REPARAÇÃO DE VEÍCULOS AUTOMOTORES E MOTOCICLETAS";G;47;47.6;SC
EED;83.082.867/0001-60;BOMBAS TRIGLAU INDUSTRIA E COMERCIO LTDA;13/06/1977;EPP;206-2;47.44-0-05;1635;27/06/2014;Comércio varejista de ferragens, madeira e materiais de construção;"COMÉRCIO; REPARAÇÃO DE VEÍCULOS AUTOMOTORES E MOTOCICLETAS";G;47;47.4;SC
EED;83.082.867/0001-60;BOMBAS TRIGLAU INDUSTRIA E COMERCIO LTDA;13/06/1977;EPP;206-2;25.42-0-00;1635;27/06/2014;Fabricação de artigos de serralheria, exceto esquadrias;INDÚSTRIAS DE TRANSFORMAÇÃO;C;25;25.4;SC
EED;83.082.867/0001-60;BOMBAS TRIGLAU INDUSTRIA E COMERCIO LTDA;13/06/1977;EPP;206-2;29.30-1-01;1635;27/06/2014;Fabricação de cabines, carrocerias e reboques para veículos automotores;INDÚSTRIAS DE TRANSFORMAÇÃO;C;29;29.3;SC
EED;83.082.867/0001-60;BOMBAS TRIGLAU INDUSTRIA E COMERCIO LTDA;13/06/1977;EPP;206-2;25.12-8-00;1635;27/06/2014;Fabricação de esquadrias de metal;INDÚSTRIAS DE TRANSFORMAÇÃO;C;25;25.1;SC
EED;83.082.867/0001-60;BOMBAS TRIGLAU INDUSTRIA E COMERCIO LTDA;13/06/1977;EPP;206-2;25.11-0-00;1635;27/06/2014;Fabricação de estruturas metálicas;INDÚSTRIAS DE TRANSFORMAÇÃO;C;25;25.1;SC
EED;83.082.867/0001-60;BOMBAS TRIGLAU INDUSTRIA E COMERCIO LTDA;13/06/1977;EPP;206-2;43.22-3-01;1635;27/06/2014;Instalações hidráulicas, de sistemas de ventilação e refrigeração;CONSTRUÇÃO;F;43;43.2;SC
EED;83.082.867/0001-60;BOMBAS TRIGLAU INDUSTRIA E COMERCIO LTDA;13/06/1977;EPP;206-2;33.14-7-02;1635;27/06/2014;Manutenção e reparação de máquinas e equipamentos da indústria mecânica;INDÚSTRIAS DE TRANSFORMAÇÃO;C;33;33.1;SC
EED;83.082.867/0001-60;BOMBAS TRIGLAU INDUSTRIA E COMERCIO LTDA;13/06/1977;EPP;206-2;71.12-0-00;1635;27/06/2014;Serviços de engenharia;ATIVIDADES PROFISSIONAIS, CIENTÍFICAS E TÉCNICAS;M;71;71.1;SC
EED;83.082.867/0001-60;BOMBAS TRIGLAU INDUSTRIA E COMERCIO LTDA;13/06/1977;EPP;206-2;25.39-0-01;1635;27/06/2014;Serviços de usinagem, solda, tratamento e revestimento em metais;INDÚSTRIAS DE TRANSFORMAÇÃO;C;25;25.3;SC
EED;27.101.737/0001-57;BRENG ENGENHARIA E TECNOLOGIA LTDA;14/02/2017;ME;206-2;71.12-0-00;5576;12/12/2024;Serviços de engenharia;ATIVIDADES PROFISSIONAIS, CIENTÍFICAS E TÉCNICAS;M;71;71.1;SP
EED;27.101.737/0001-57;BRENG ENGENHARIA E TECNOLOGIA LTDA;14/02/2017;ME;206-2;33.14-7-02;5576;12/12/2024;Manutenção e reparação de máquinas e equipamentos da indústria mecânica;INDÚSTRIAS DE TRANSFORMAÇÃO;C;33;33.1;SP
EED;27.101.737/0001-57;BRENG ENGENHARIA E TECNOLOGIA LTDA;14/02/2017;ME;206-2;43.91-6-00;5576;12/12/2024;Obras de fundações;CONSTRUÇÃO;F;43;43.9;SP
EED;27.101.737/0001-57;BRENG ENGENHARIA E TECNOLOGIA LTDA;14/02/2017;ME;206-2;47.44-0-99;5576;12/12/2024;Comércio varejista de ferragens, madeira e materiais de construção;"COMÉRCIO; REPARAÇÃO DE VEÍCULOS AUTOMOTORES E MOTOCICLETAS";G;47;47.4;SP
EED;27.101.737/0001-57;BRENG ENGENHARIA E TECNOLOGIA LTDA;14/02/2017;ME;206-2;62.04-0-00;5576;12/12/2024;Consultoria em tecnologia da informação;INFORMAÇÃO E COMUNICAÇÃO;J;62;62.0;SP
EED;27.101.737/0001-57;BRENG ENGENHARIA E TECNOLOGIA LTDA;14/02/2017;ME;206-2;63.99-2-00;5576;12/12/2024;Outras atividades de prestação de serviços de informação não especificadas anteriormente;INFORMAÇÃO E COMUNICAÇÃO;J;63;63.9;SP
EED;27.101.737/0001-57;BRENG ENGENHARIA E TECNOLOGIA LTDA;14/02/2017;ME;206-2;72.10-0-00;5576;12/12/2024;Pesquisa e desenvolvimento experimental em ciências físicas e naturais;ATIVIDADES PROFISSIONAIS, CIENTÍFICAS E TÉCNICAS;M;72;72.1;SP
EED;27.101.737/0001-57;BRENG ENGENHARIA E TECNOLOGIA LTDA;14/02/2017;ME;206-2;74.90-1-99;5576;12/12/2024;Atividades profissionais, científicas e técnicas não especificadas anteriormente;ATIVIDADES PROFISSIONAIS, CIENTÍFICAS E TÉCNICAS;M;74;74.9;SP
EED;27.101.737/0001-57;BRENG ENGENHARIA E TECNOLOGIA LTDA;14/02/2017;ME;206-2;82.19-9-99;5576;12/12/2024;Fotocópias, preparação de documentos e outros serviços especializados de apoio administrativo;ATIVIDADES ADMINISTRATIVAS E SERVIÇOS COMPLEMENTARES;N;82;82.1;SP
EED;27.101.737/0001-57;BRENG ENGENHARIA E TECNOLOGIA LTDA;14/02/2017;ME;206-2;85.41-4-00;5576;12/12/2024;Educação profissional de nível técnico;EDUCAÇÃO;P;85;85.4;SP
EED;27.101.737/0001-57;BRENG ENGENHARIA E TECNOLOGIA LTDA;14/02/2017;ME;206-2;85.50-3-02;5576;12/12/2024;Atividades de apoio à educação;EDUCAÇÃO;P;85;85.5;SP
EED;27.101.737/0001-57;BRENG ENGENHARIA E TECNOLOGIA LTDA;14/02/2017;ME;206-2;85.93-7-00;5576;12/12/2024;Ensino de idiomas;EDUCAÇÃO;P;85;85.9;SP
EED;19.108.595/0001-21;CASTRO LEITE CONSULTORIA LTDA;21/10/2013;ME;206-2;72.10-0-00;3216;12/06/2023;Pesquisa e desenvolvimento experimental em ciências físicas e naturais;ATIVIDADES PROFISSIONAIS, CIENTÍFICAS E TÉCNICAS;M;72;72.1;SP
EED;19.108.595/0001-21;CASTRO LEITE CONSULTORIA LTDA;21/10/2013;ME;206-2;26.51-5-00;3216;12/06/2023;Fabricação de aparelhos e equipamentos de medida, teste e controle;INDÚSTRIAS DE TRANSFORMAÇÃO;C;26;26.5;SP
EED;19.108.595/0001-21;CASTRO LEITE CONSULTORIA LTDA;21/10/2013;ME;206-2;70.20-4-00;3216;12/06/2023;Atividades de consultoria em gestão empresarial;ATIVIDADES PROFISSIONAIS, CIENTÍFICAS E TÉCNICAS;M;70;70.2;SP
EED;35.402.443/0001-93;CBTM - COMPANHIA BRASILEIRA DE TECNOLOGIA DE MATERIAIS LTDA;04/11/2019;EPP;206-2;25.31-4-01;4787;26/09/2023;Produção de forjados de aço e de metais não-ferrosos e suas ligas;INDÚSTRIAS DE TRANSFORMAÇÃO;C;25;25.3;SP
EED;35.402.443/0001-93;CBTM - COMPANHIA BRASILEIRA DE TECNOLOGIA DE MATERIAIS LTDA;04/11/2019;EPP;206-2;25.31-4-02;4787;26/09/2023;Produção de forjados de aço e de metais não-ferrosos e suas ligas;INDÚSTRIAS DE TRANSFORMAÇÃO;C;25;25.3;SP
EED;35.402.443/0001-93;CBTM - COMPANHIA BRASILEIRA DE TECNOLOGIA DE MATERIAIS LTDA;04/11/2019;EPP;206-2;25.50-1-01;4787;26/09/2023;Fabricação de equipamento bélico pesado, armas de fogo e munições;INDÚSTRIAS DE TRANSFORMAÇÃO;C;25;25.5;SP
EED;35.402.443/0001-93;CBTM - COMPANHIA BRASILEIRA DE TECNOLOGIA DE MATERIAIS LTDA;04/11/2019;EPP;206-2;25.50-1-02;4787;26/09/2023;Fabricação de equipamento bélico pesado, armas de fogo e munições;INDÚSTRIAS DE TRANSFORMAÇÃO;C;25;25.5;SP
EED;35.402.443/0001-93;CBTM - COMPANHIA BRASILEIRA DE TECNOLOGIA DE MATERIAIS LTDA;04/11/2019;EPP;206-2;33.14-7-10;4787;26/09/2023;Manutenção e reparação de máquinas e equipamentos da indústria mecânica;INDÚSTRIAS DE TRANSFORMAÇÃO;C;33;33.1;SP
EED;35.402.443/0001-93;CBTM - COMPANHIA BRASILEIRA DE TECNOLOGIA DE MATERIAIS LTDA;04/11/2019;EPP;206-2;43.29-1-05;4787;26/09/2023;Obras de instalações em construções não especificadas anteriormente;CONSTRUÇÃO;F;43;43.2;SP
EED;35.402.443/0001-93;CBTM - COMPANHIA BRASILEIRA DE TECNOLOGIA DE MATERIAIS LTDA;04/11/2019;EPP;206-2;47.44-0-01;4787;26/09/2023;Comércio varejista de ferragens, madeira e materiais de construção;"COMÉRCIO; REPARAÇÃO DE VEÍCULOS AUTOMOTORES E MOTOCICLETAS";G;47;47.4;SP
EED;35.402.443/0001-93;CBTM - COMPANHIA BRASILEIRA DE TECNOLOGIA DE MATERIAIS LTDA;04/11/2019;EPP;206-2;82.11-3-00;4787;26/09/2023;Serviços combinados de escritório e apoio administrativo;ATIVIDADES ADMINISTRATIVAS E SERVIÇOS COMPLEMENTARES;N;82;82.1;SP
EED;01.295.130/0001-61;CEI - CONTROLES ELETRONICOS INTELIGENTES LTDA;01/07/1996;DEMAIS;206-2;26.22-1-00;2667;07/08/2020;Fabricação de periféricos para equipamentos de informática;INDÚSTRIAS DE TRANSFORMAÇÃO;C;26;26.2;SC
EED;01.295.130/0001-61;CEI - CONTROLES ELETRONICOS INTELIGENTES LTDA;01/07/1996;DEMAIS;206-2;62.04-0-00;2667;07/08/2020;Consultoria em tecnologia da informação;INFORMAÇÃO E COMUNICAÇÃO;J;62;62.0;SC
EED;01.295.130/0001-61;CEI - CONTROLES ELETRONICOS INTELIGENTES LTDA;01/07/1996;DEMAIS;206-2;62.01-5-01;2667;07/08/2020;Desenvolvimento de programas de computador sob encomenda;INFORMAÇÃO E COMUNICAÇÃO;J;62;62.0;SC
EED;01.295.130/0001-61;CEI - CONTROLES ELETRONICOS INTELIGENTES LTDA;01/07/1996;DEMAIS;206-2;62.02-3-00;2667;07/08/2020;Desenvolvimento e licenciamento de programas de computador customizáveis;INFORMAÇÃO E COMUNICAÇÃO;J;62;62.0;SC
EED;01.295.130/0001-61;CEI - CONTROLES ELETRONICOS INTELIGENTES LTDA;01/07/1996;DEMAIS;206-2;62.03-1-00;2667;07/08/2020;Desenvolvimento e licenciamento de programas de computador não-customizáveis;INFORMAÇÃO E COMUNICAÇÃO;J;62;62.0;SC
EED;01.295.130/0001-61;CEI - CONTROLES ELETRONICOS INTELIGENTES LTDA;01/07/1996;DEMAIS;206-2;62.09-1-00;2667;07/08/2020;Suporte técnico, manutenção e outros serviços em tecnologia da informação;INFORMAÇÃO E COMUNICAÇÃO;J;62;62.0;SC
EED;01.295.130/0001-61;CEI - CONTROLES ELETRONICOS INTELIGENTES LTDA;01/07/1996;DEMAIS;206-2;77.39-0-99;2667;07/08/2020;Aluguel de máquinas e equipamentos não especificados anteriormente;ATIVIDADES ADMINISTRATIVAS E SERVIÇOS COMPLEMENTARES;N;77;77.3;SC
EED;64.812.373/0001-40;CELLIER ALIMENTOS DO BRASIL LTDA;30/10/1990;DEMAIS;206-2;10.99-6-99;90;11/01/2018;Fabricação de produtos alimentícios não especificados anteriormente;INDÚSTRIAS DE TRANSFORMAÇÃO;C;10;10.9;SP
EED;64.812.373/0001-40;CELLIER ALIMENTOS DO BRASIL LTDA;30/10/1990;DEMAIS;206-2;10.96-1-00;90;11/01/2018;Fabricação de alimentos e pratos prontos;INDÚSTRIAS DE TRANSFORMAÇÃO;C;10;10.9;SP
EED;03.770.522/0001-60;CEPEMAR SERVICOS DE CONSULTORIA EM MEIO AMBIENTE LTDA;25/04/2000;DEMAIS;206-2;74.90-1-99 ;5891;15/12/2022;Atividades profissionais, científicas e técnicas não especificadas anteriormente;ATIVIDADES PROFISSIONAIS, CIENTÍFICAS E TÉCNICAS;M;74;74.9;ES
EED;03.770.522/0001-60;CEPEMAR SERVICOS DE CONSULTORIA EM MEIO AMBIENTE LTDA;25/04/2000;DEMAIS;206-2;01.62-8-99;5891;15/12/2022;Atividades de apoio à pecuária;AGRICULTURA, PECUÁRIA E SERVIÇOS RELACIONADOS;A;1;01.6;ES
EED;03.770.522/0001-60;CEPEMAR SERVICOS DE CONSULTORIA EM MEIO AMBIENTE LTDA;25/04/2000;DEMAIS;206-2;38.21-1-00 ;5891;15/12/2022;Tratamento e disposição de resíduos não-perigosos;ÁGUA, ESGOTO, ATIVIDADES DE GESTÃO DE RESÍDUOS E DESCONTAMINAÇÃO;E;38;38.2;ES
EED;03.770.522/0001-60;CEPEMAR SERVICOS DE CONSULTORIA EM MEIO AMBIENTE LTDA;25/04/2000;DEMAIS;206-2;62.01-5-01;5891;15/12/2022;Desenvolvimento de programas de computador sob encomenda;INFORMAÇÃO E COMUNICAÇÃO;J;62;62.0;ES
EED;03.770.522/0001-60;CEPEMAR SERVICOS DE CONSULTORIA EM MEIO AMBIENTE LTDA;25/04/2000;DEMAIS;206-2;64.63-8-00;5891;15/12/2022;Outras sociedades de participação, exceto holdings;ATIVIDADES FINANCEIRAS, DE SEGUROS E SERVIÇOS RELACIONADOS;K;64;64.6;ES
EED;03.770.522/0001-60;CEPEMAR SERVICOS DE CONSULTORIA EM MEIO AMBIENTE LTDA;25/04/2000;DEMAIS;206-2;71.12-0-00;5891;15/12/2022;Serviços de engenharia;ATIVIDADES PROFISSIONAIS, CIENTÍFICAS E TÉCNICAS;M;71;71.1;ES
EED;03.770.522/0001-60;CEPEMAR SERVICOS DE CONSULTORIA EM MEIO AMBIENTE LTDA;25/04/2000;DEMAIS;206-2;71.19-7-01;5891;15/12/2022;Atividades técnicas relacionadas à arquitetura e engenharia;ATIVIDADES PROFISSIONAIS, CIENTÍFICAS E TÉCNICAS;M;71;71.1;ES
EED;03.770.522/0001-60;CEPEMAR SERVICOS DE CONSULTORIA EM MEIO AMBIENTE LTDA;25/04/2000;DEMAIS;206-2;71.19-7-02 ;5891;15/12/2022;Atividades técnicas relacionadas à arquitetura e engenharia;ATIVIDADES PROFISSIONAIS, CIENTÍFICAS E TÉCNICAS;M;71;71.1;ES
EED;03.770.522/0001-60;CEPEMAR SERVICOS DE CONSULTORIA EM MEIO AMBIENTE LTDA;25/04/2000;DEMAIS;206-2;71.19-7-03 ;5891;15/12/2022;Atividades técnicas relacionadas à arquitetura e engenharia;ATIVIDADES PROFISSIONAIS, CIENTÍFICAS E TÉCNICAS;M;71;71.1;ES
EED;03.770.522/0001-60;CEPEMAR SERVICOS DE CONSULTORIA EM MEIO AMBIENTE LTDA;25/04/2000;DEMAIS;206-2;71.19-7-04 ;5891;15/12/2022;Atividades técnicas relacionadas à arquitetura e engenharia;ATIVIDADES PROFISSIONAIS, CIENTÍFICAS E TÉCNICAS;M;71;71.1;ES
EED;03.770.522/0001-60;CEPEMAR SERVICOS DE CONSULTORIA EM MEIO AMBIENTE LTDA;25/04/2000;DEMAIS;206-2;71.19-7-99;5891;15/12/2022;Atividades técnicas relacionadas à arquitetura e engenharia;ATIVIDADES PROFISSIONAIS, CIENTÍFICAS E TÉCNICAS;M;71;71.1;ES
EED;03.770.522/0001-60;CEPEMAR SERVICOS DE CONSULTORIA EM MEIO AMBIENTE LTDA;25/04/2000;DEMAIS;206-2;71.20-1-00 ;5891;15/12/2022;Testes e análises técnicas;ATIVIDADES PROFISSIONAIS, CIENTÍFICAS E TÉCNICAS;M;71;71.2;ES
EED;03.770.522/0001-60;CEPEMAR SERVICOS DE CONSULTORIA EM MEIO AMBIENTE LTDA;25/04/2000;DEMAIS;206-2;72.20-7-00 ;5891;15/12/2022;Pesquisa e desenvolvimento experimental em ciências sociais e humanas;ATIVIDADES PROFISSIONAIS, CIENTÍFICAS E TÉCNICAS;M;72;72.2;ES
EED;03.770.522/0001-60;CEPEMAR SERVICOS DE CONSULTORIA EM MEIO AMBIENTE LTDA;25/04/2000;DEMAIS;206-2;73.20-3-00;5891;15/12/2022;Pesquisas de mercado e de opinião pública;ATIVIDADES PROFISSIONAIS, CIENTÍFICAS E TÉCNICAS;M;73;73.2;ES
EED;03.770.522/0001-60;CEPEMAR SERVICOS DE CONSULTORIA EM MEIO AMBIENTE LTDA;25/04/2000;DEMAIS;206-2;74.90-1-03 ;5891;15/12/2022;Atividades profissionais, científicas e técnicas não especificadas anteriormente;ATIVIDADES PROFISSIONAIS, CIENTÍFICAS E TÉCNICAS;M;74;74.9;ES
EED;03.770.522/0001-60;CEPEMAR SERVICOS DE CONSULTORIA EM MEIO AMBIENTE LTDA;25/04/2000;DEMAIS;206-2;75.00-1-00;5891;15/12/2022;Atividades veterinárias;ATIVIDADES PROFISSIONAIS, CIENTÍFICAS E TÉCNICAS;M;75;75.0;ES
EED;03.770.522/0001-60;CEPEMAR SERVICOS DE CONSULTORIA EM MEIO AMBIENTE LTDA;25/04/2000;DEMAIS;206-2;77.19-5-01;5891;15/12/2022;Locação de meios de transporte, exceto automóveis, sem condutor;ATIVIDADES ADMINISTRATIVAS E SERVIÇOS COMPLEMENTARES;N;77;77.1;ES
EED;03.770.522/0001-60;CEPEMAR SERVICOS DE CONSULTORIA EM MEIO AMBIENTE LTDA;25/04/2000;DEMAIS;206-2;77.39-0-99;5891;15/12/2022;Aluguel de máquinas e equipamentos não especificados anteriormente;ATIVIDADES ADMINISTRATIVAS E SERVIÇOS COMPLEMENTARES;N;77;77.3;ES
EED;03.770.522/0001-60;CEPEMAR SERVICOS DE CONSULTORIA EM MEIO AMBIENTE LTDA;25/04/2000;DEMAIS;206-2;78.30-2-00;5891;15/12/2022;Fornecimento e gestão de recursos humanos para terceiros;ATIVIDADES ADMINISTRATIVAS E SERVIÇOS COMPLEMENTARES;N;78;78.3;ES
EED;03.770.522/0001-60;CEPEMAR SERVICOS DE CONSULTORIA EM MEIO AMBIENTE LTDA;25/04/2000;DEMAIS;206-2;85.99-6-04;5891;15/12/2022;Atividades de ensino não especificadas anteriormente;EDUCAÇÃO;P;85;85.9;ES
EED;03.770.522/0001-60;CEPEMAR SERVICOS DE CONSULTORIA EM MEIO AMBIENTE LTDA;25/04/2000;DEMAIS;206-2;86.30-5-02 ;5891;15/12/2022;Atividades de atenção ambulatorial executadas por médicos e odontólogos;SAÚDE HUMANA E SERVIÇOS SOCIAIS;Q;86;86.3;ES
EED;03.770.522/0001-60;CEPEMAR SERVICOS DE CONSULTORIA EM MEIO AMBIENTE LTDA;25/04/2000;DEMAIS;206-2;86.60-7-00;5891;15/12/2022;Atividades de apoio à gestão de saúde;SAÚDE HUMANA E SERVIÇOS SOCIAIS;Q;86;86.6;ES
EED;03.770.522/0001-60;CEPEMAR SERVICOS DE CONSULTORIA EM MEIO AMBIENTE LTDA;25/04/2000;DEMAIS;206-2;86.90-9-01;5891;15/12/2022;Atividades de atenção à saúde humana não especificadas anteriormente;SAÚDE HUMANA E SERVIÇOS SOCIAIS;Q;86;86.9;ES
EED;08.404.654/0001-92;CESAR SISTEMAS CONSTRUTIVOS;29/09/2006;DEMAIS;206-2;25.11-0-00;4787;26/09/2023;Fabricação de estruturas metálicas;INDÚSTRIAS DE TRANSFORMAÇÃO;C;25;25.1;GO
EED;08.404.654/0001-92;CESAR SISTEMAS CONSTRUTIVOS;29/09/2006;DEMAIS;206-2;33.19-8-00;4787;26/09/2023;Manutenção e reparação de equipamentos e produtos não especificados anteriormente;INDÚSTRIAS DE TRANSFORMAÇÃO;C;33;33.1;GO
EED;08.404.654/0001-92;CESAR SISTEMAS CONSTRUTIVOS;29/09/2006;DEMAIS;206-2;41.20-4-00;4787;26/09/2023;Construção de edifícios;CONSTRUÇÃO;F;41;41.2;GO
EED;08.404.654/0001-92;CESAR SISTEMAS CONSTRUTIVOS;29/09/2006;DEMAIS;206-2;46.69-9-99;4787;26/09/2023;"Comércio atacadista de máquinas, aparelhos e equipamentos não especificados anteriormente; partes e peças";"COMÉRCIO; REPARAÇÃO DE VEÍCULOS AUTOMOTORES E MOTOCICLETAS";G;46;46.6;GO
EED;08.404.654/0001-92;CESAR SISTEMAS CONSTRUTIVOS;29/09/2006;DEMAIS;206-2;47.44-0-99;4787;26/09/2023;Comércio varejista de ferragens, madeira e materiais de construção;"COMÉRCIO; REPARAÇÃO DE VEÍCULOS AUTOMOTORES E MOTOCICLETAS";G;47;47.4;GO
EED;08.404.654/0001-92;CESAR SISTEMAS CONSTRUTIVOS;29/09/2006;DEMAIS;206-2;71.12-0-00;4787;26/09/2023;Serviços de engenharia;ATIVIDADES PROFISSIONAIS, CIENTÍFICAS E TÉCNICAS;M;71;71.1;GO
EED;08.404.654/0001-92;CESAR SISTEMAS CONSTRUTIVOS;29/09/2006;DEMAIS;206-2;77.32-2-01;4787;26/09/2023;Aluguel de máquinas e equipamentos para construção sem operador;ATIVIDADES ADMINISTRATIVAS E SERVIÇOS COMPLEMENTARES;N;77;77.3;GO
EED;08.404.654/0001-92;CESAR SISTEMAS CONSTRUTIVOS;29/09/2006;DEMAIS;206-2;77.39-0-99;4787;26/09/2023;Aluguel de máquinas e equipamentos não especificados anteriormente;ATIVIDADES ADMINISTRATIVAS E SERVIÇOS COMPLEMENTARES;N;77;77.3;GO
EED;33.273.491/0001-01;CINADRA INDUSTRIA E COMERCIO DE MAQUINAS LTDA;09/07/1973;ME;206-2;46.69-9-99;6133;18/12/2023;"Comércio atacadista de máquinas, aparelhos e equipamentos não especificados anteriormente; partes e peças";"COMÉRCIO; REPARAÇÃO DE VEÍCULOS AUTOMOTORES E MOTOCICLETAS";G;46;46.6;RJ
EED;33.273.491/0001-01;CINADRA INDUSTRIA E COMERCIO DE MAQUINAS LTDA;09/07/1973;ME;206-2;46.19-2-00;6133;18/12/2023;Representantes comerciais e agentes do comércio de mercadorias em geral não especializado;"COMÉRCIO; REPARAÇÃO DE VEÍCULOS AUTOMOTORES E MOTOCICLETAS";G;46;46.1;RJ
EED;33.273.491/0001-01;CINADRA INDUSTRIA E COMERCIO DE MAQUINAS LTDA;09/07/1973;ME;206-2;46.63-0-00;6133;18/12/2023;"Comércio atacadista de máquinas e equipamentos para uso industrial; partes e peças";"COMÉRCIO; REPARAÇÃO DE VEÍCULOS AUTOMOTORES E MOTOCICLETAS";G;46;46.6;RJ
EED;33.273.491/0001-01;CINADRA INDUSTRIA E COMERCIO DE MAQUINAS LTDA;09/07/1973;ME;206-2;70.20-4-00;6133;18/12/2023;Atividades de consultoria em gestão empresarial;ATIVIDADES PROFISSIONAIS, CIENTÍFICAS E TÉCNICAS;M;70;70.2;RJ
EED;33.273.491/0001-01;CINADRA INDUSTRIA E COMERCIO DE MAQUINAS LTDA;09/07/1973;ME;206-2;72.10-0-00;6133;18/12/2023;Pesquisa e desenvolvimento experimental em ciências físicas e naturais;ATIVIDADES PROFISSIONAIS, CIENTÍFICAS E TÉCNICAS;M;72;72.1;RJ
EED;33.273.491/0001-01;CINADRA INDUSTRIA E COMERCIO DE MAQUINAS LTDA;09/07/1973;ME;206-2;77.39-0-99;6133;18/12/2023;Aluguel de máquinas e equipamentos não especificados anteriormente;ATIVIDADES ADMINISTRATIVAS E SERVIÇOS COMPLEMENTARES;N;77;77.3;RJ
EED;03.093.486/0003-00;CLARUS TECHNOLOGY DO BRASIL LTDA;23/11/2004;DEMAIS;206-2;20.99-1-99;4787;26/09/2023;Fabricação de produtos químicos não especificados anteriormente;INDÚSTRIAS DE TRANSFORMAÇÃO;C;20;20.9;SP
EED;03.093.486/0003-00;CLARUS TECHNOLOGY DO BRASIL LTDA;23/11/2004;DEMAIS;206-2;10.99-6-05;4787;26/09/2023;Fabricação de produtos alimentícios não especificados anteriormente;INDÚSTRIAS DE TRANSFORMAÇÃO;C;10;10.9;SP
EED;03.093.486/0003-00;CLARUS TECHNOLOGY DO BRASIL LTDA;23/11/2004;DEMAIS;206-2;46.63-0-00;4787;26/09/2023;"Comércio atacadista de máquinas e equipamentos para uso industrial; partes e peças";"COMÉRCIO; REPARAÇÃO DE VEÍCULOS AUTOMOTORES E MOTOCICLETAS";G;46;46.6;SP
EED;03.093.486/0003-00;CLARUS TECHNOLOGY DO BRASIL LTDA;23/11/2004;DEMAIS;206-2;20.63-1-00;4787;26/09/2023;Fabricação de cosméticos, produtos de perfumaria e de higiene pessoal;INDÚSTRIAS DE TRANSFORMAÇÃO;C;20;20.6;SP
EED;03.093.486/0003-00;CLARUS TECHNOLOGY DO BRASIL LTDA;23/11/2004;DEMAIS;206-2;33.19-8-00;4787;26/09/2023;Manutenção e reparação de equipamentos e produtos não especificados anteriormente;INDÚSTRIAS DE TRANSFORMAÇÃO;C;33;33.1;SP
EED;03.093.486/0003-00;CLARUS TECHNOLOGY DO BRASIL LTDA;23/11/2004;DEMAIS;206-2;33.21-0-00;4787;26/09/2023;Instalação de máquinas e equipamentos industriais;INDÚSTRIAS DE TRANSFORMAÇÃO;C;33;33.2;SP
EED;03.093.486/0003-00;CLARUS TECHNOLOGY DO BRASIL LTDA;23/11/2004;DEMAIS;206-2;46.46-0-02;4787;26/09/2023;Comércio atacadista de cosméticos, produtos de perfumaria e de higiene pessoal;"COMÉRCIO; REPARAÇÃO DE VEÍCULOS AUTOMOTORES E MOTOCICLETAS";G;46;46.4;SP
EED;03.093.486/0003-00;CLARUS TECHNOLOGY DO BRASIL LTDA;23/11/2004;DEMAIS;206-2;46.42-7-02;4787;26/09/2023;Comércio atacadista de artigos do vestuário e acessórios;"COMÉRCIO; REPARAÇÃO DE VEÍCULOS AUTOMOTORES E MOTOCICLETAS";G;46;46.4;SP
EED;03.093.486/0003-00;CLARUS TECHNOLOGY DO BRASIL LTDA;23/11/2004;DEMAIS;206-2;82.92-0-00;4787;26/09/2023;Envasamento e empacotamento sob contrato;ATIVIDADES ADMINISTRATIVAS E SERVIÇOS COMPLEMENTARES;N;82;82.9;SP
EED;03.093.486/0003-00;CLARUS TECHNOLOGY DO BRASIL LTDA;23/11/2004;DEMAIS;206-2;82.99-7-99;4787;26/09/2023;Atividades de serviços prestados principalmente às empresas não especificadas anteriormente;ATIVIDADES ADMINISTRATIVAS E SERVIÇOS COMPLEMENTARES;N;82;82.9;SP
EED;03.093.486/0003-00;CLARUS TECHNOLOGY DO BRASIL LTDA;23/11/2004;DEMAIS;206-2;32.92-2-02;4787;26/09/2023;Fabricação de equipamentos e acessórios para segurança e proteção pessoal e profissional;INDÚSTRIAS DE TRANSFORMAÇÃO;C;32;32.9;SP
EED;03.093.486/0003-00;CLARUS TECHNOLOGY DO BRASIL LTDA;23/11/2004;DEMAIS;206-2;11.22-4-02;4787;26/09/2023;Fabricação de refrigerantes e de outras bebidas não-alcoólicas;INDÚSTRIAS DE TRANSFORMAÇÃO;C;11;11.2;SP
EED;03.093.486/0003-00;CLARUS TECHNOLOGY DO BRASIL LTDA;23/11/2004;DEMAIS;206-2;46.93-1-00;4787;26/09/2023;Comércio atacadista de mercadorias em geral, sem predominância de alimentos ou de insumos agropecuários;"COMÉRCIO; REPARAÇÃO DE VEÍCULOS AUTOMOTORES E MOTOCICLETAS";G;46;46.9;SP
EED;03.093.486/0003-00;CLARUS TECHNOLOGY DO BRASIL LTDA;23/11/2004;DEMAIS;206-2;46.84-2-99;4787;26/09/2023;Comércio atacadista de produtos químicos e petroquímicos, exceto agroquímicos;"COMÉRCIO; REPARAÇÃO DE VEÍCULOS AUTOMOTORES E MOTOCICLETAS";G;46;46.8;SP
EED;07.161.663/0001-37;CLAVIS BBR CONSULTORIA EM INFORMATICA SA ;01/12/2004;DEMAIS;205-4;62.09-1-00;539;01/06/2016;Suporte técnico, manutenção e outros serviços em tecnologia da informação;INFORMAÇÃO E COMUNICAÇÃO;J;62;62.0;RJ
EED;07.161.663/0001-37;CLAVIS BBR CONSULTORIA EM INFORMATICA SA ;01/12/2004;DEMAIS;205-4;62.02-3-00;539;01/06/2016;Desenvolvimento e licenciamento de programas de computador customizáveis;INFORMAÇÃO E COMUNICAÇÃO;J;62;62.0;RJ
EED;07.161.663/0001-37;CLAVIS BBR CONSULTORIA EM INFORMATICA SA ;01/12/2004;DEMAIS;205-4;62.03-1-00;539;01/06/2016;Desenvolvimento e licenciamento de programas de computador não-customizáveis;INFORMAÇÃO E COMUNICAÇÃO;J;62;62.0;RJ
EED;07.161.663/0001-37;CLAVIS BBR CONSULTORIA EM INFORMATICA SA ;01/12/2004;DEMAIS;205-4;62.04-0-00;539;01/06/2016;Consultoria em tecnologia da informação;INFORMAÇÃO E COMUNICAÇÃO;J;62;62.0;RJ
EED;07.161.663/0001-37;CLAVIS BBR CONSULTORIA EM INFORMATICA SA ;01/12/2004;DEMAIS;205-4;74.90-1-99 ;539;01/06/2016;Atividades profissionais, científicas e técnicas não especificadas anteriormente;ATIVIDADES PROFISSIONAIS, CIENTÍFICAS E TÉCNICAS;M;74;74.9;RJ
EED;07.161.663/0001-37;CLAVIS BBR CONSULTORIA EM INFORMATICA SA ;01/12/2004;DEMAIS;205-4;77.33-1-00;539;01/06/2016;Aluguel de máquinas e equipamentos para escritório;ATIVIDADES ADMINISTRATIVAS E SERVIÇOS COMPLEMENTARES;N;77;77.3;RJ
EED;07.161.663/0001-37;CLAVIS BBR CONSULTORIA EM INFORMATICA SA ;01/12/2004;DEMAIS;205-4;82.30-0-01;539;01/06/2016;Atividades de organização de eventos, exceto culturais e esportivos;ATIVIDADES ADMINISTRATIVAS E SERVIÇOS COMPLEMENTARES;N;82;82.3;RJ
EED;07.161.663/0001-37;CLAVIS BBR CONSULTORIA EM INFORMATICA SA ;01/12/2004;DEMAIS;205-4;85.50-3-02;539;01/06/2016;Atividades de apoio à educação;EDUCAÇÃO;P;85;85.5;RJ
EED;07.161.663/0001-37;CLAVIS BBR CONSULTORIA EM INFORMATICA SA ;01/12/2004;DEMAIS;205-4;85.99-6-03;539;01/06/2016;Atividades de ensino não especificadas anteriormente;EDUCAÇÃO;P;85;85.9;RJ
EED;07.161.663/0001-37;CLAVIS BBR CONSULTORIA EM INFORMATICA SA ;01/12/2004;DEMAIS;205-4;85.99-6-04;539;01/06/2016;Atividades de ensino não especificadas anteriormente;EDUCAÇÃO;P;85;85.9;RJ
EED;07.161.663/0001-37;CLAVIS BBR CONSULTORIA EM INFORMATICA SA ;01/12/2004;DEMAIS;205-4;86.60-7-00;539;01/06/2016;Atividades de apoio à gestão de saúde;SAÚDE HUMANA E SERVIÇOS SOCIAIS;Q;86;86.6;RJ
EED;83.932.418/0001-64;CLEMAR ENGENHARIA LTDA;23/09/1970;DEMAIS;206-2;42.21-9-04;3261;08/06/2022;Obras para geração e distribuição de energia elétrica e para telecomunicações;CONSTRUÇÃO;F;42;42.2;SC
EED;83.932.418/0001-64;CLEMAR ENGENHARIA LTDA;23/09/1970;DEMAIS;206-2;33.14-7-07;3261;08/06/2022;Manutenção e reparação de máquinas e equipamentos da indústria mecânica;INDÚSTRIAS DE TRANSFORMAÇÃO;C;33;33.1;SC
EED;83.932.418/0001-64;CLEMAR ENGENHARIA LTDA;23/09/1970;DEMAIS;206-2;41.20-4-00;3261;08/06/2022;Construção de edifícios;CONSTRUÇÃO;F;41;41.2;SC
EED;83.932.418/0001-64;CLEMAR ENGENHARIA LTDA;23/09/1970;DEMAIS;206-2;42.21-9-02;3261;08/06/2022;Obras para geração e distribuição de energia elétrica e para telecomunicações;CONSTRUÇÃO;F;42;42.2;SC
EED;83.932.418/0001-64;CLEMAR ENGENHARIA LTDA;23/09/1970;DEMAIS;206-2;42.21-9-05;3261;08/06/2022;Obras para geração e distribuição de energia elétrica e para telecomunicações;CONSTRUÇÃO;F;42;42.2;SC
EED;83.932.418/0001-64;CLEMAR ENGENHARIA LTDA;23/09/1970;DEMAIS;206-2;42.92-8-01;3261;08/06/2022;Montagem de instalações industriais e de estruturas metálicas;CONSTRUÇÃO;F;42;42.9;SC
EED;83.932.418/0001-64;CLEMAR ENGENHARIA LTDA;23/09/1970;DEMAIS;206-2;43.11-8-01;3261;08/06/2022;Demolição e preparação de canteiros de obras;CONSTRUÇÃO;F;43;43.1;SC
EED;83.932.418/0001-64;CLEMAR ENGENHARIA LTDA;23/09/1970;DEMAIS;206-2;43.21-5-00;3261;08/06/2022;Instalações elétricas;CONSTRUÇÃO;F;43;43.2;SC
EED;83.932.418/0001-64;CLEMAR ENGENHARIA LTDA;23/09/1970;DEMAIS;206-2;43.22-3-01;3261;08/06/2022;Instalações hidráulicas, de sistemas de ventilação e refrigeração;CONSTRUÇÃO;F;43;43.2;SC
EED;83.932.418/0001-64;CLEMAR ENGENHARIA LTDA;23/09/1970;DEMAIS;206-2;43.22-3-02;3261;08/06/2022;Instalações hidráulicas, de sistemas de ventilação e refrigeração;CONSTRUÇÃO;F;43;43.2;SC
EED;83.932.418/0001-64;CLEMAR ENGENHARIA LTDA;23/09/1970;DEMAIS;206-2;43.22-3-03;3261;08/06/2022;Instalações hidráulicas, de sistemas de ventilação e refrigeração;CONSTRUÇÃO;F;43;43.2;SC
EED;83.932.418/0001-64;CLEMAR ENGENHARIA LTDA;23/09/1970;DEMAIS;206-2;43.91-6-00;3261;08/06/2022;Obras de fundações;CONSTRUÇÃO;F;43;43.9;SC
EED;83.932.418/0001-64;CLEMAR ENGENHARIA LTDA;23/09/1970;DEMAIS;206-2;43.99-1-01;3261;08/06/2022;Serviços especializados para construção não especificados anteriormente;CONSTRUÇÃO;F;43;43.9;SC
EED;83.932.418/0001-64;CLEMAR ENGENHARIA LTDA;23/09/1970;DEMAIS;206-2;46.19-2-00;3261;08/06/2022;Representantes comerciais e agentes do comércio de mercadorias em geral não especializado;"COMÉRCIO; REPARAÇÃO DE VEÍCULOS AUTOMOTORES E MOTOCICLETAS";G;46;46.1;SC
EED;83.932.418/0001-64;CLEMAR ENGENHARIA LTDA;23/09/1970;DEMAIS;206-2;46.69-9-99;3261;08/06/2022;"Comércio atacadista de máquinas, aparelhos e equipamentos não especificados anteriormente; partes e peças";"COMÉRCIO; REPARAÇÃO DE VEÍCULOS AUTOMOTORES E MOTOCICLETAS";G;46;46.6;SC
EED;83.932.418/0001-64;CLEMAR ENGENHARIA LTDA;23/09/1970;DEMAIS;206-2;46.73-7-00;3261;08/06/2022;Comércio atacadista de material elétrico;"COMÉRCIO; REPARAÇÃO DE VEÍCULOS AUTOMOTORES E MOTOCICLETAS";G;46;46.7;SC
EED;83.932.418/0001-64;CLEMAR ENGENHARIA LTDA;23/09/1970;DEMAIS;206-2;61.90-6-99;3261;08/06/2022;Outras atividades de telecomunicações;INFORMAÇÃO E COMUNICAÇÃO;J;61;61.9;SC
EED;83.932.418/0001-64;CLEMAR ENGENHARIA LTDA;23/09/1970;DEMAIS;206-2;71.12-0-00;3261;08/06/2022;Serviços de engenharia;ATIVIDADES PROFISSIONAIS, CIENTÍFICAS E TÉCNICAS;M;71;71.1;SC
EED;83.932.418/0001-64;CLEMAR ENGENHARIA LTDA;23/09/1970;DEMAIS;206-2;71.19-7-03;3261;08/06/2022;Atividades técnicas relacionadas à arquitetura e engenharia;ATIVIDADES PROFISSIONAIS, CIENTÍFICAS E TÉCNICAS;M;71;71.1;SC
EED;83.932.418/0001-64;CLEMAR ENGENHARIA LTDA;23/09/1970;DEMAIS;206-2;77.39-0-99;3261;08/06/2022;Aluguel de máquinas e equipamentos não especificados anteriormente;ATIVIDADES ADMINISTRATIVAS E SERVIÇOS COMPLEMENTARES;N;77;77.3;SC
EED;28.684.692/0002-34;CLUBE DE TIRO BASE ARMALITE LTDA;01/04/2019;DEMAIS;206-2;93.12-3-00;6133;18/12/2023;Clubes sociais, esportivos e similares;ARTES, CULTURA, ESPORTE E RECREAÇÃO;R;93;93.1;SP
EED;28.684.692/0002-34;CLUBE DE TIRO BASE ARMALITE LTDA;01/04/2019;DEMAIS;206-2;33.19-8-00;6133;18/12/2023;Manutenção e reparação de equipamentos e produtos não especificados anteriormente;INDÚSTRIAS DE TRANSFORMAÇÃO;C;33;33.1;SP
EED;28.684.692/0002-34;CLUBE DE TIRO BASE ARMALITE LTDA;01/04/2019;DEMAIS;206-2;46.18-4-99;6133;18/12/2023;Representantes comerciais e agentes do comércio especializado em produtos não especificados anteriormente;"COMÉRCIO; REPARAÇÃO DE VEÍCULOS AUTOMOTORES E MOTOCICLETAS";G;46;46.1;SP
EED;28.684.692/0002-34;CLUBE DE TIRO BASE ARMALITE LTDA;01/04/2019;DEMAIS;206-2;46.19-2-00;6133;18/12/2023;Representantes comerciais e agentes do comércio de mercadorias em geral não especializado;"COMÉRCIO; REPARAÇÃO DE VEÍCULOS AUTOMOTORES E MOTOCICLETAS";G;46;46.1;SP
EED;28.684.692/0002-34;CLUBE DE TIRO BASE ARMALITE LTDA;01/04/2019;DEMAIS;206-2;47.81-4-00;6133;18/12/2023;Comércio varejista de artigos do vestuário e acessórios;"COMÉRCIO; REPARAÇÃO DE VEÍCULOS AUTOMOTORES E MOTOCICLETAS";G;47;47.8;SP
EED;28.684.692/0002-34;CLUBE DE TIRO BASE ARMALITE LTDA;01/04/2019;DEMAIS;206-2;47.89-0-09;6133;18/12/2023;Comércio varejista de outros produtos novos não especificados anteriormente;"COMÉRCIO; REPARAÇÃO DE VEÍCULOS AUTOMOTORES E MOTOCICLETAS";G;47;47.8;SP
EED;28.684.692/0002-34;CLUBE DE TIRO BASE ARMALITE LTDA;01/04/2019;DEMAIS;206-2;52.11-7-99;6133;18/12/2023;Armazenamento;TRANSPORTE, ARMAZENAGEM E CORREIO;H;52;52.1;SP
EED;28.684.692/0002-34;CLUBE DE TIRO BASE ARMALITE LTDA;01/04/2019;DEMAIS;206-2;82.30-0-01;6133;18/12/2023;Atividades de organização de eventos, exceto culturais e esportivos;ATIVIDADES ADMINISTRATIVAS E SERVIÇOS COMPLEMENTARES;N;82;82.3;SP
EED;28.684.692/0002-34;CLUBE DE TIRO BASE ARMALITE LTDA;01/04/2019;DEMAIS;206-2;82.30-0-02;6133;18/12/2023;Atividades de organização de eventos, exceto culturais e esportivos;ATIVIDADES ADMINISTRATIVAS E SERVIÇOS COMPLEMENTARES;N;82;82.3;SP
EED;28.684.692/0002-34;CLUBE DE TIRO BASE ARMALITE LTDA;01/04/2019;DEMAIS;206-2;85.91-1-00;6133;18/12/2023;Ensino de esportes;EDUCAÇÃO;P;85;85.9;SP
EED;69.122.240/0001-65;COLUMBUS COMERCIAL IMPORTADORA E EXPORTADORA LTDA;09/12/1992;DEMAIS;206-2;46.93-1-00;539;01/06/2016;Comércio atacadista de mercadorias em geral, sem predominância de alimentos ou de insumos agropecuários;"COMÉRCIO; REPARAÇÃO DE VEÍCULOS AUTOMOTORES E MOTOCICLETAS";G;46;46.9;SP
EED;69.122.240/0001-65;COLUMBUS COMERCIAL IMPORTADORA E EXPORTADORA LTDA;09/12/1992;DEMAIS;206-2;46.91-5-00 ;539;01/06/2016;Comércio atacadista de mercadorias em geral, com predominância de produtos alimentícios;"COMÉRCIO; REPARAÇÃO DE VEÍCULOS AUTOMOTORES E MOTOCICLETAS";G;46;46.9;SP
EED;69.122.240/0001-65;COLUMBUS COMERCIAL IMPORTADORA E EXPORTADORA LTDA;09/12/1992;DEMAIS;206-2;71.19-7-99;539;01/06/2016;Atividades técnicas relacionadas à arquitetura e engenharia;ATIVIDADES PROFISSIONAIS, CIENTÍFICAS E TÉCNICAS;M;71;71.1;SP
EED;77.711.893/0001-08;COMLIDER INDUSTRIA E COMERCIO DE VEDACOES LTDA;25/07/1978;EPP;206-2;22.19-6-00;3216;12/06/2023;Fabricação de artefatos de borracha não especificados anteriormente;INDÚSTRIAS DE TRANSFORMAÇÃO;C;22;22.1;PR
EED;77.711.893/0001-08;COMLIDER INDUSTRIA E COMERCIO DE VEDACOES LTDA;25/07/1978;EPP;206-2;46.63-0-00;3216;12/06/2023;"Comércio atacadista de máquinas e equipamentos para uso industrial; partes e peças";"COMÉRCIO; REPARAÇÃO DE VEÍCULOS AUTOMOTORES E MOTOCICLETAS";G;46;46.6;PR
EED;77.711.893/0001-08;COMLIDER INDUSTRIA E COMERCIO DE VEDACOES LTDA;25/07/1978;EPP;206-2;38.39-4-99;3216;12/06/2023;Recuperação de materiais não especificados anteriormente;ÁGUA, ESGOTO, ATIVIDADES DE GESTÃO DE RESÍDUOS E DESCONTAMINAÇÃO;E;38;38.3;PR
EED;77.711.893/0001-08;COMLIDER INDUSTRIA E COMERCIO DE VEDACOES LTDA;25/07/1978;EPP;206-2;25.39-0-01;3216;12/06/2023;Serviços de usinagem, solda, tratamento e revestimento em metais;INDÚSTRIAS DE TRANSFORMAÇÃO;C;25;25.3;PR
EED;57.494.031/0001-63;COMPANHIA BRASILEIRA DE CARTUCHOS;18/08/1966;DEMAIS;205-4;25.50-1-02;1346;28/05/2014;Fabricação de equipamento bélico pesado, armas de fogo e munições;INDÚSTRIAS DE TRANSFORMAÇÃO;C;25;25.5;SP
EED;57.494.031/0001-63;COMPANHIA BRASILEIRA DE CARTUCHOS;18/08/1966;DEMAIS;205-4;32.92-2-02;1346;28/05/2014;Fabricação de equipamentos e acessórios para segurança e proteção pessoal e profissional;INDÚSTRIAS DE TRANSFORMAÇÃO;C;32;32.9;SP
EED;61.150.348/0001-50;COMPANHIA NITRO QUIMICA BRASILEIRA;20/07/1966;DEMAIS;205-4;20.19-3-99;1346;28/05/2014;Fabricação de produtos químicos inorgânicos não especificados anteriormente;INDÚSTRIAS DE TRANSFORMAÇÃO;C;20;20.1;SP
EED;61.150.348/0001-50;COMPANHIA NITRO QUIMICA BRASILEIRA;20/07/1966;DEMAIS;205-4;17.31-1-00;1346;28/05/2014;Fabricação de embalagens de papel;INDÚSTRIAS DE TRANSFORMAÇÃO;C;17;17.3;SP
EED;61.150.348/0001-50;COMPANHIA NITRO QUIMICA BRASILEIRA;20/07/1966;DEMAIS;205-4;20.13-4-01;1346;28/05/2014;Fabricação de adubos e fertilizantes;INDÚSTRIAS DE TRANSFORMAÇÃO;C;20;20.1;SP
EED;61.150.348/0001-50;COMPANHIA NITRO QUIMICA BRASILEIRA;20/07/1966;DEMAIS;205-4;20.13-4-02;1346;28/05/2014;Fabricação de adubos e fertilizantes;INDÚSTRIAS DE TRANSFORMAÇÃO;C;20;20.1;SP
EED;61.150.348/0001-50;COMPANHIA NITRO QUIMICA BRASILEIRA;20/07/1966;DEMAIS;205-4;20.51-7-00;1346;28/05/2014;Fabricação de defensivos agrícolas;INDÚSTRIAS DE TRANSFORMAÇÃO;C;20;20.5;SP
EED;61.150.348/0001-50;COMPANHIA NITRO QUIMICA BRASILEIRA;20/07/1966;DEMAIS;205-4;46.23-1-06;1346;28/05/2014;Comércio atacadista de animais vivos, alimentos para animais e matérias-primas agrícolas, exceto café e soja;"COMÉRCIO; REPARAÇÃO DE VEÍCULOS AUTOMOTORES E MOTOCICLETAS";G;46;46.2;SP
EED;61.150.348/0001-50;COMPANHIA NITRO QUIMICA BRASILEIRA;20/07/1966;DEMAIS;205-4;46.61-3-00;1346;28/05/2014;"Comércio atacadista de máquinas, aparelhos e equipamentos para uso agropecuário; partes e peças";"COMÉRCIO; REPARAÇÃO DE VEÍCULOS AUTOMOTORES E MOTOCICLETAS";G;46;46.6;SP
EED;61.150.348/0001-50;COMPANHIA NITRO QUIMICA BRASILEIRA;20/07/1966;DEMAIS;205-4;46.83-4-00;1346;28/05/2014;Comércio atacadista de defensivos agrícolas, adubos, fertilizantes e corretivos do solo;"COMÉRCIO; REPARAÇÃO DE VEÍCULOS AUTOMOTORES E MOTOCICLETAS";G;46;46.8;SP
EED;61.150.348/0001-50;COMPANHIA NITRO QUIMICA BRASILEIRA;20/07/1966;DEMAIS;205-4;46.84-2-99;1346;28/05/2014;Comércio atacadista de produtos químicos e petroquímicos, exceto agroquímicos;"COMÉRCIO; REPARAÇÃO DE VEÍCULOS AUTOMOTORES E MOTOCICLETAS";G;46;46.8;SP
EED;61.150.348/0001-50;COMPANHIA NITRO QUIMICA BRASILEIRA;20/07/1966;DEMAIS;205-4;69.11-7-03;1346;28/05/2014;Atividades jurídicas, exceto cartórios;ATIVIDADES PROFISSIONAIS, CIENTÍFICAS E TÉCNICAS;M;69;69.1;SP
EED;61.150.348/0001-50;COMPANHIA NITRO QUIMICA BRASILEIRA;20/07/1966;DEMAIS;205-4;72.10-0-00;1346;28/05/2014;Pesquisa e desenvolvimento experimental em ciências físicas e naturais;ATIVIDADES PROFISSIONAIS, CIENTÍFICAS E TÉCNICAS;M;72;72.1;SP
EED;61.150.348/0001-50;COMPANHIA NITRO QUIMICA BRASILEIRA;20/07/1966;DEMAIS;205-4;74.90-1-03;1346;28/05/2014;Atividades profissionais, científicas e técnicas não especificadas anteriormente;ATIVIDADES PROFISSIONAIS, CIENTÍFICAS E TÉCNICAS;M;74;74.9;SP
EED;61.150.348/0001-50;COMPANHIA NITRO QUIMICA BRASILEIRA;20/07/1966;DEMAIS;205-4;82.11-3-00;1346;28/05/2014;Serviços combinados de escritório e apoio administrativo;ATIVIDADES ADMINISTRATIVAS E SERVIÇOS COMPLEMENTARES;N;82;82.1;SP
EED;30.449.552/0001-42;COMPONENTES E SISTEMAS DE DEFESA SA;14/05/2018;DEMAIS;205-4;25.50-1-01;4075;04/12/2020;Fabricação de equipamento bélico pesado, armas de fogo e munições;INDÚSTRIAS DE TRANSFORMAÇÃO;C;25;25.5;PR
EED;30.449.552/0001-42;COMPONENTES E SISTEMAS DE DEFESA SA;14/05/2018;DEMAIS;205-4;25.31-4-01;4075;04/12/2020;Produção de forjados de aço e de metais não-ferrosos e suas ligas;INDÚSTRIAS DE TRANSFORMAÇÃO;C;25;25.3;PR
EED;30.449.552/0001-42;COMPONENTES E SISTEMAS DE DEFESA SA;14/05/2018;DEMAIS;205-4;25.39-0-02;4075;04/12/2020;Serviços de usinagem, solda, tratamento e revestimento em metais;INDÚSTRIAS DE TRANSFORMAÇÃO;C;25;25.3;PR
EED;30.449.552/0001-42;COMPONENTES E SISTEMAS DE DEFESA SA;14/05/2018;DEMAIS;205-4;25.50-1-02;4075;04/12/2020;Fabricação de equipamento bélico pesado, armas de fogo e munições;INDÚSTRIAS DE TRANSFORMAÇÃO;C;25;25.5;PR
EED;30.449.552/0001-42;COMPONENTES E SISTEMAS DE DEFESA SA;14/05/2018;DEMAIS;205-4;32.92-2-02;4075;04/12/2020;Fabricação de equipamentos e acessórios para segurança e proteção pessoal e profissional;INDÚSTRIAS DE TRANSFORMAÇÃO;C;32;32.9;PR
EED;30.449.552/0001-42;COMPONENTES E SISTEMAS DE DEFESA SA;14/05/2018;DEMAIS;205-4;47.89-0-09;4075;04/12/2020;Comércio varejista de outros produtos novos não especificados anteriormente;"COMÉRCIO; REPARAÇÃO DE VEÍCULOS AUTOMOTORES E MOTOCICLETAS";G;47;47.8;PR
EED;30.449.552/0001-42;COMPONENTES E SISTEMAS DE DEFESA SA;14/05/2018;DEMAIS;205-4;74.90-1-99 ;4075;04/12/2020;Atividades profissionais, científicas e técnicas não especificadas anteriormente;ATIVIDADES PROFISSIONAIS, CIENTÍFICAS E TÉCNICAS;M;74;74.9;PR
EED;05.509.004/0001-13;COMTEC COMPOSTOS DE SEGURANCA LTDA;05/02/2003;DEMAIS;206-2;32.92-2-02;5576;12/12/2024;Fabricação de equipamentos e acessórios para segurança e proteção pessoal e profissional;INDÚSTRIAS DE TRANSFORMAÇÃO;C;32;32.9;SP
EED;05.509.004/0001-13;COMTEC COMPOSTOS DE SEGURANCA LTDA;05/02/2003;DEMAIS;206-2;32.50-7-07;5576;12/12/2024;Fabricação de instrumentos e materiais para uso médico e odontológico e de artigos ópticos;INDÚSTRIAS DE TRANSFORMAÇÃO;C;32;32.5;SP
EED;05.509.004/0001-13;COMTEC COMPOSTOS DE SEGURANCA LTDA;05/02/2003;DEMAIS;206-2;46.79-6-03;5576;12/12/2024;Comércio atacadista especializado de materiais de construção não especificados anteriormente e de materiais de construção em geral;"COMÉRCIO; REPARAÇÃO DE VEÍCULOS AUTOMOTORES E MOTOCICLETAS";G;46;46.7;SP
EED;05.509.004/0001-13;COMTEC COMPOSTOS DE SEGURANCA LTDA;05/02/2003;DEMAIS;206-2;71.12-0-00;5576;12/12/2024;Serviços de engenharia;ATIVIDADES PROFISSIONAIS, CIENTÍFICAS E TÉCNICAS;M;71;71.1;SP
EED;04.732.840/0001-08;CONCERT TECHNOLOGIES SA;12/09/2001;DEMAIS;205-4;62.01-5-01;5893;15/12/2022;Desenvolvimento de programas de computador sob encomenda;INFORMAÇÃO E COMUNICAÇÃO;J;62;62.0;SP
EED;04.732.840/0001-08;CONCERT TECHNOLOGIES SA;12/09/2001;DEMAIS;205-4;33.19-8-00;5893;15/12/2022;Manutenção e reparação de equipamentos e produtos não especificados anteriormente;INDÚSTRIAS DE TRANSFORMAÇÃO;C;33;33.1;SP
EED;04.732.840/0001-08;CONCERT TECHNOLOGIES SA;12/09/2001;DEMAIS;205-4;33.21-0-00;5893;15/12/2022;Instalação de máquinas e equipamentos industriais;INDÚSTRIAS DE TRANSFORMAÇÃO;C;33;33.2;SP
EED;04.732.840/0001-08;CONCERT TECHNOLOGIES SA;12/09/2001;DEMAIS;205-4;42.21-9-02;5893;15/12/2022;Obras para geração e distribuição de energia elétrica e para telecomunicações;CONSTRUÇÃO;F;42;42.2;SP
EED;04.732.840/0001-08;CONCERT TECHNOLOGIES SA;12/09/2001;DEMAIS;205-4;42.21-9-03;5893;15/12/2022;Obras para geração e distribuição de energia elétrica e para telecomunicações;CONSTRUÇÃO;F;42;42.2;SP
EED;04.732.840/0001-08;CONCERT TECHNOLOGIES SA;12/09/2001;DEMAIS;205-4;43.99-1-01 ;5893;15/12/2022;Serviços especializados para construção não especificados anteriormente;CONSTRUÇÃO;F;43;43.9;SP
EED;04.732.840/0001-08;CONCERT TECHNOLOGIES SA;12/09/2001;DEMAIS;205-4;46.69-9-99;5893;15/12/2022;"Comércio atacadista de máquinas, aparelhos e equipamentos não especificados anteriormente; partes e peças";"COMÉRCIO; REPARAÇÃO DE VEÍCULOS AUTOMOTORES E MOTOCICLETAS";G;46;46.6;SP
EED;04.732.840/0001-08;CONCERT TECHNOLOGIES SA;12/09/2001;DEMAIS;205-4;46.89-3-99;5893;15/12/2022;Comércio atacadista especializado de outros produtos intermediários não especificados anteriormente;"COMÉRCIO; REPARAÇÃO DE VEÍCULOS AUTOMOTORES E MOTOCICLETAS";G;46;46.8;SP
EED;04.732.840/0001-08;CONCERT TECHNOLOGIES SA;12/09/2001;DEMAIS;205-4;62.02-3-00;5893;15/12/2022;Desenvolvimento e licenciamento de programas de computador customizáveis;INFORMAÇÃO E COMUNICAÇÃO;J;62;62.0;SP
EED;04.732.840/0001-08;CONCERT TECHNOLOGIES SA;12/09/2001;DEMAIS;205-4;62.03-1-00;5893;15/12/2022;Desenvolvimento e licenciamento de programas de computador não-customizáveis;INFORMAÇÃO E COMUNICAÇÃO;J;62;62.0;SP
EED;04.732.840/0001-08;CONCERT TECHNOLOGIES SA;12/09/2001;DEMAIS;205-4;62.04-0-00;5893;15/12/2022;Consultoria em tecnologia da informação;INFORMAÇÃO E COMUNICAÇÃO;J;62;62.0;SP
EED;04.732.840/0001-08;CONCERT TECHNOLOGIES SA;12/09/2001;DEMAIS;205-4;62.09-1-00;5893;15/12/2022;Suporte técnico, manutenção e outros serviços em tecnologia da informação;INFORMAÇÃO E COMUNICAÇÃO;J;62;62.0;SP
EED;04.732.840/0001-08;CONCERT TECHNOLOGIES SA;12/09/2001;DEMAIS;205-4;71.12-0-00;5893;15/12/2022;Serviços de engenharia;ATIVIDADES PROFISSIONAIS, CIENTÍFICAS E TÉCNICAS;M;71;71.1;SP
EED;04.732.840/0001-08;CONCERT TECHNOLOGIES SA;12/09/2001;DEMAIS;205-4;72.10-0-00;5893;15/12/2022;Pesquisa e desenvolvimento experimental em ciências físicas e naturais;ATIVIDADES PROFISSIONAIS, CIENTÍFICAS E TÉCNICAS;M;72;72.1;SP
EED;30.092.431/0001-96;CONDOR SA INDUSTRIA QUIMICA;07/02/1986;DEMAIS;205-4;20.92-4-02;1346;28/05/2014;Fabricação de explosivos;INDÚSTRIAS DE TRANSFORMAÇÃO;C;20;20.9;RJ
EED;30.092.431/0001-96;CONDOR SA INDUSTRIA QUIMICA;07/02/1986;DEMAIS;205-4;33.11-2-00;1346;28/05/2014;Manutenção e reparação de tanques, reservatórios metálicos e caldeiras, exceto para veículos;INDÚSTRIAS DE TRANSFORMAÇÃO;C;33;33.1;RJ
EED;30.092.431/0001-96;CONDOR SA INDUSTRIA QUIMICA;07/02/1986;DEMAIS;205-4;85.99-6-04;1346;28/05/2014;Atividades de ensino não especificadas anteriormente;EDUCAÇÃO;P;85;85.9;RJ
EED;75.554.030/0001-49;CONENGE-SC CONSTRUÇÕES E ENGENHARIA S/A;06/10/1981;DEMAIS;206-2;42.22-7-01 ;4514;27/09/2024;Construção de redes de abastecimento de água, coleta de esgoto e construções correlatas;CONSTRUÇÃO;F;42;42.2;SC
EED;75.554.030/0001-49;CONENGE-SC CONSTRUÇÕES E ENGENHARIA S/A;06/10/1981;DEMAIS;206-2;41.20-4-00;4514;27/09/2024;Construção de edifícios;CONSTRUÇÃO;F;41;41.2;SC
EED;75.554.030/0001-49;CONENGE-SC CONSTRUÇÕES E ENGENHARIA S/A;06/10/1981;DEMAIS;206-2;43.13-4-00;4514;27/09/2024;Obras de terraplenagem;CONSTRUÇÃO;F;43;43.1;SC
EED;75.554.030/0001-49;CONENGE-SC CONSTRUÇÕES E ENGENHARIA S/A;06/10/1981;DEMAIS;206-2;42.23-5-00;4514;27/09/2024;Construção de redes de transportes por dutos, exceto para água e esgoto;CONSTRUÇÃO;F;42;42.2;SC
EED;75.554.030/0001-49;CONENGE-SC CONSTRUÇÕES E ENGENHARIA S/A;06/10/1981;DEMAIS;206-2;47.42-3-00;4514;27/09/2024;Comércio varejista de material elétrico;"COMÉRCIO; REPARAÇÃO DE VEÍCULOS AUTOMOTORES E MOTOCICLETAS";G;47;47.4;SC
EED;75.554.030/0001-49;CONENGE-SC CONSTRUÇÕES E ENGENHARIA S/A;06/10/1981;DEMAIS;206-2;47.44-0-05;4514;27/09/2024;Comércio varejista de ferragens, madeira e materiais de construção;"COMÉRCIO; REPARAÇÃO DE VEÍCULOS AUTOMOTORES E MOTOCICLETAS";G;47;47.4;SC
EED;75.554.030/0001-49;CONENGE-SC CONSTRUÇÕES E ENGENHARIA S/A;06/10/1981;DEMAIS;206-2;47.44-0-03;4514;27/09/2024;Comércio varejista de ferragens, madeira e materiais de construção;"COMÉRCIO; REPARAÇÃO DE VEÍCULOS AUTOMOTORES E MOTOCICLETAS";G;47;47.4;SC
EED;14.533.049/0002-03;COPLATEX INDUSTRIA E COMERCIO DE TECIDOS SA;07/11/2011;DEMAIS;205-4;13.59-6-00;2667;07/08/2020;Fabricação de outros produtos têxteis não especificados anteriormente;INDÚSTRIAS DE TRANSFORMAÇÃO;C;13;13.5;SP
EED;14.533.049/0002-03;COPLATEX INDUSTRIA E COMERCIO DE TECIDOS SA;07/11/2011;DEMAIS;205-4;13.40-5-99;2667;07/08/2020;Acabamentos em fios, tecidos e artefatos têxteis;INDÚSTRIAS DE TRANSFORMAÇÃO;C;13;13.4;SP
EED;14.533.049/0002-03;COPLATEX INDUSTRIA E COMERCIO DE TECIDOS SA;07/11/2011;DEMAIS;205-4;13.54-5-00;2667;07/08/2020;Fabricação de tecidos especiais, inclusive artefatos;INDÚSTRIAS DE TRANSFORMAÇÃO;C;13;13.5;SP
EED;14.533.049/0002-03;COPLATEX INDUSTRIA E COMERCIO DE TECIDOS SA;07/11/2011;DEMAIS;205-4;32.92-2-02;2667;07/08/2020;Fabricação de equipamentos e acessórios para segurança e proteção pessoal e profissional;INDÚSTRIAS DE TRANSFORMAÇÃO;C;32;32.9;SP
EED;14.533.049/0002-03;COPLATEX INDUSTRIA E COMERCIO DE TECIDOS SA;07/11/2011;DEMAIS;205-4;45.20-0-07;2667;07/08/2020;Manutenção e reparação de veículos automotores;"COMÉRCIO; REPARAÇÃO DE VEÍCULOS AUTOMOTORES E MOTOCICLETAS";G;45;45.2;SP
EED;14.533.049/0002-03;COPLATEX INDUSTRIA E COMERCIO DE TECIDOS SA;07/11/2011;DEMAIS;205-4;46.41-9-01;2667;07/08/2020;Comércio atacadista de tecidos, artefatos de tecidos e de armarinho;"COMÉRCIO; REPARAÇÃO DE VEÍCULOS AUTOMOTORES E MOTOCICLETAS";G;46;46.4;SP
EED;14.533.049/0002-03;COPLATEX INDUSTRIA E COMERCIO DE TECIDOS SA;07/11/2011;DEMAIS;205-4;46.42-7-02;2667;07/08/2020;Comércio atacadista de artigos do vestuário e acessórios;"COMÉRCIO; REPARAÇÃO DE VEÍCULOS AUTOMOTORES E MOTOCICLETAS";G;46;46.4;SP
EED;14.533.049/0002-03;COPLATEX INDUSTRIA E COMERCIO DE TECIDOS SA;07/11/2011;DEMAIS;205-4;46.79-6-03;2667;07/08/2020;Comércio atacadista especializado de materiais de construção não especificados anteriormente e de materiais de construção em geral;"COMÉRCIO; REPARAÇÃO DE VEÍCULOS AUTOMOTORES E MOTOCICLETAS";G;46;46.7;SP
EED;14.533.049/0002-03;COPLATEX INDUSTRIA E COMERCIO DE TECIDOS SA;07/11/2011;DEMAIS;205-4;49.30-2-03;2667;07/08/2020;Transporte rodoviário de carga;TRANSPORTE, ARMAZENAGEM E CORREIO;H;49;49.3;SP
EED;14.533.049/0002-03;COPLATEX INDUSTRIA E COMERCIO DE TECIDOS SA;07/11/2011;DEMAIS;205-4;77.39-0-99;2667;07/08/2020;Aluguel de máquinas e equipamentos não especificados anteriormente;ATIVIDADES ADMINISTRATIVAS E SERVIÇOS COMPLEMENTARES;N;77;77.3;SP
EED;14.533.049/0002-03;COPLATEX INDUSTRIA E COMERCIO DE TECIDOS SA;07/11/2011;DEMAIS;205-4;82.11-3-00;2667;07/08/2020;Serviços combinados de escritório e apoio administrativo;ATIVIDADES ADMINISTRATIVAS E SERVIÇOS COMPLEMENTARES;N;82;82.1;SP
EED;14.533.049/0002-03;COPLATEX INDUSTRIA E COMERCIO DE TECIDOS SA;07/11/2011;DEMAIS;205-4;82.99-7-99;2667;07/08/2020;Atividades de serviços prestados principalmente às empresas não especificadas anteriormente;ATIVIDADES ADMINISTRATIVAS E SERVIÇOS COMPLEMENTARES;N;82;82.9;SP
EED;02.573.677/0001-44;CRONOS INDUSTRIA E COMERCIO DE EQUIPAMENTOS INDUSTRIAIS E SERVICOS DA USINAGEM LTDA;28/05/1998;EPP;206-2;28.29-1-99;2340;06/05/2024;Fabricação de máquinas e equipamentos de uso geral não especificados anteriormente;INDÚSTRIAS DE TRANSFORMAÇÃO;C;28;28.2;SP
EED;02.573.677/0001-44;CRONOS INDUSTRIA E COMERCIO DE EQUIPAMENTOS INDUSTRIAIS E SERVICOS DA USINAGEM LTDA;28/05/1998;EPP;206-2;25.13-6-00;2340;06/05/2024;Fabricação de obras de caldeiraria pesada;INDÚSTRIAS DE TRANSFORMAÇÃO;C;25;25.1;SP
EED;02.573.677/0001-44;CRONOS INDUSTRIA E COMERCIO DE EQUIPAMENTOS INDUSTRIAIS E SERVICOS DA USINAGEM LTDA;28/05/1998;EPP;206-2;25.39-0-01;2340;06/05/2024;Serviços de usinagem, solda, tratamento e revestimento em metais;INDÚSTRIAS DE TRANSFORMAÇÃO;C;25;25.3;SP
EED;02.573.677/0001-44;CRONOS INDUSTRIA E COMERCIO DE EQUIPAMENTOS INDUSTRIAIS E SERVICOS DA USINAGEM LTDA;28/05/1998;EPP;206-2;25.39-0-02;2340;06/05/2024;Serviços de usinagem, solda, tratamento e revestimento em metais;INDÚSTRIAS DE TRANSFORMAÇÃO;C;25;25.3;SP
EED;02.573.677/0001-44;CRONOS INDUSTRIA E COMERCIO DE EQUIPAMENTOS INDUSTRIAIS E SERVICOS DA USINAGEM LTDA;28/05/1998;EPP;206-2;49.30-2-02;2340;06/05/2024;Transporte rodoviário de carga;TRANSPORTE, ARMAZENAGEM E CORREIO;H;49;49.3;SP
EED;14.532.347/0001-90;CSA CENTRO DE SERVICOS AERONAUTICOS LTDA;27/10/2011;DEMAIS;206-2;33.16-3-01;4779;05/12/2019;Manutenção e reparação de aeronaves;INDÚSTRIAS DE TRANSFORMAÇÃO;C;33;33.1;GO
EED;14.532.347/0001-90;CSA CENTRO DE SERVICOS AERONAUTICOS LTDA;27/10/2011;DEMAIS;206-2;30.42-3-00;4779;05/12/2019;Fabricação de turbinas, motores e outros componentes e peças para aeronaves;INDÚSTRIAS DE TRANSFORMAÇÃO;C;30;30.4;GO
EED;14.532.347/0001-90;CSA CENTRO DE SERVICOS AERONAUTICOS LTDA;27/10/2011;DEMAIS;206-2;33.16-3-02;4779;05/12/2019;Manutenção e reparação de aeronaves;INDÚSTRIAS DE TRANSFORMAÇÃO;C;33;33.1;GO
EED;14.532.347/0001-90;CSA CENTRO DE SERVICOS AERONAUTICOS LTDA;27/10/2011;DEMAIS;206-2;46.69-9-99;4779;05/12/2019;"Comércio atacadista de máquinas, aparelhos e equipamentos não especificados anteriormente; partes e peças";"COMÉRCIO; REPARAÇÃO DE VEÍCULOS AUTOMOTORES E MOTOCICLETAS";G;46;46.6;GO
EED;14.532.347/0001-90;CSA CENTRO DE SERVICOS AERONAUTICOS LTDA;27/10/2011;DEMAIS;206-2;47.89-0-99;4779;05/12/2019;Comércio varejista de outros produtos novos não especificados anteriormente;"COMÉRCIO; REPARAÇÃO DE VEÍCULOS AUTOMOTORES E MOTOCICLETAS";G;47;47.8;GO
EED;14.532.347/0001-90;CSA CENTRO DE SERVICOS AERONAUTICOS LTDA;27/10/2011;DEMAIS;206-2;71.12-0-00;4779;05/12/2019;Serviços de engenharia;ATIVIDADES PROFISSIONAIS, CIENTÍFICAS E TÉCNICAS;M;71;71.1;GO
EED;14.532.347/0001-90;CSA CENTRO DE SERVICOS AERONAUTICOS LTDA;27/10/2011;DEMAIS;206-2;71.20-1-00;4779;05/12/2019;Testes e análises técnicas;ATIVIDADES PROFISSIONAIS, CIENTÍFICAS E TÉCNICAS;M;71;71.2;GO
EED;04.602.789/0001-01;DATEN TECNOLOGIA LTDA;27/07/2001;DEMAIS;206-2;26.21-3-00;4514;27/09/2024;Fabricação de equipamentos de informática;INDÚSTRIAS DE TRANSFORMAÇÃO;C;26;26.2;BA
EED;04.602.789/0001-01;DATEN TECNOLOGIA LTDA;27/07/2001;DEMAIS;206-2;46.51-6-01;4514;27/09/2024;Comércio atacadista de computadores, periféricos e suprimentos de informática;"COMÉRCIO; REPARAÇÃO DE VEÍCULOS AUTOMOTORES E MOTOCICLETAS";G;46;46.5;BA
EED;04.602.789/0001-01;DATEN TECNOLOGIA LTDA;27/07/2001;DEMAIS;206-2;46.51-6-02;4514;27/09/2024;Comércio atacadista de computadores, periféricos e suprimentos de informática;"COMÉRCIO; REPARAÇÃO DE VEÍCULOS AUTOMOTORES E MOTOCICLETAS";G;46;46.5;BA
EED;04.602.789/0001-01;DATEN TECNOLOGIA LTDA;27/07/2001;DEMAIS;206-2;47.51-2-01;4514;27/09/2024;Comércio varejista especializado de equipamentos e suprimentos de informática;"COMÉRCIO; REPARAÇÃO DE VEÍCULOS AUTOMOTORES E MOTOCICLETAS";G;47;47.5;BA
EED;04.602.789/0001-01;DATEN TECNOLOGIA LTDA;27/07/2001;DEMAIS;206-2;46.49-4-01;4514;27/09/2024;Comércio atacadista de equipamentos e artigos de uso pessoal e doméstico não especificados anteriormente;"COMÉRCIO; REPARAÇÃO DE VEÍCULOS AUTOMOTORES E MOTOCICLETAS";G;46;46.4;BA
EED;04.602.789/0001-01;DATEN TECNOLOGIA LTDA;27/07/2001;DEMAIS;206-2;46.52-4-00;4514;27/09/2024;Comércio atacadista de componentes eletrônicos e equipamentos de telefonia e comunicação;"COMÉRCIO; REPARAÇÃO DE VEÍCULOS AUTOMOTORES E MOTOCICLETAS";G;46;46.5;BA
EED;04.602.789/0001-01;DATEN TECNOLOGIA LTDA;27/07/2001;DEMAIS;206-2;47.52-1-00;4514;27/09/2024;Comércio varejista especializado de equipamentos de telefonia e comunicação;"COMÉRCIO; REPARAÇÃO DE VEÍCULOS AUTOMOTORES E MOTOCICLETAS";G;47;47.5;BA
EED;04.602.789/0001-01;DATEN TECNOLOGIA LTDA;27/07/2001;DEMAIS;206-2;95.11-8-00 ;4514;27/09/2024;Reparação e manutenção de computadores e de equipamentos periféricos;OUTRAS ATIVIDADES DE SERVIÇOS;S;95;95.1;BA
EED;04.602.789/0001-01;DATEN TECNOLOGIA LTDA;27/07/2001;DEMAIS;206-2;95.21-5-00;4514;27/09/2024;Reparação e manutenção de equipamentos eletroeletrônicos de uso pessoal e doméstico;OUTRAS ATIVIDADES DE SERVIÇOS;S;95;95.2;BA
EED;04.602.789/0001-01;DATEN TECNOLOGIA LTDA;27/07/2001;DEMAIS;206-2;62.04-0-00;4514;27/09/2024;Consultoria em tecnologia da informação;INFORMAÇÃO E COMUNICAÇÃO;J;62;62.0;BA
EED;04.602.789/0001-01;DATEN TECNOLOGIA LTDA;27/07/2001;DEMAIS;206-2;77.39-0-99;4514;27/09/2024;Aluguel de máquinas e equipamentos não especificados anteriormente;ATIVIDADES ADMINISTRATIVAS E SERVIÇOS COMPLEMENTARES;N;77;77.3;BA
EED;04.602.789/0001-01;DATEN TECNOLOGIA LTDA;27/07/2001;DEMAIS;206-2;62.09-1-00;4514;27/09/2024;Suporte técnico, manutenção e outros serviços em tecnologia da informação;INFORMAÇÃO E COMUNICAÇÃO;J;62;62.0;BA
ED;44.613.437/0001-76;DEFENSEBANK ASSESSORIA E ESTRUTURACAO FINANCEIRA LTDA;16/12/2021;DEMAIS;206-2;74.90-1-04;6132;18/12/2023;Atividades profissionais, científicas e técnicas não especificadas anteriormente;ATIVIDADES PROFISSIONAIS, CIENTÍFICAS E TÉCNICAS;M;74;74.9;SP
ED;44.613.437/0001-76;DEFENSEBANK ASSESSORIA E ESTRUTURACAO FINANCEIRA LTDA;16/12/2021;DEMAIS;206-2;64.62-0-00;6132;18/12/2023;Holdings de instituições não-financeiras;ATIVIDADES FINANCEIRAS, DE SEGUROS E SERVIÇOS RELACIONADOS;K;64;64.6;SP
ED;44.613.437/0001-76;DEFENSEBANK ASSESSORIA E ESTRUTURACAO FINANCEIRA LTDA;16/12/2021;DEMAIS;206-2;64.99-9-99;6132;18/12/2023;Outras atividades de serviços financeiros não especificadas anteriormente;ATIVIDADES FINANCEIRAS, DE SEGUROS E SERVIÇOS RELACIONADOS;K;64;64.9;SP
ED;44.613.437/0001-76;DEFENSEBANK ASSESSORIA E ESTRUTURACAO FINANCEIRA LTDA;16/12/2021;DEMAIS;206-2;66.19-3-99;6132;18/12/2023;Atividades auxiliares dos serviços financeiros não especificadas anteriormente;ATIVIDADES FINANCEIRAS, DE SEGUROS E SERVIÇOS RELACIONADOS;K;66;66.1;SP
EED;10.843.754/0001-67;DELTA INDUSTRIA COMERCIO IMPORTACAO E EXPORTACAO LTDA;06/05/2009;EPP;206-2;32.92-2-02;4514;27/09/2024;Fabricação de equipamentos e acessórios para segurança e proteção pessoal e profissional;INDÚSTRIAS DE TRANSFORMAÇÃO;C;32;32.9;SP
EED;10.843.754/0001-67;DELTA INDUSTRIA COMERCIO IMPORTACAO E EXPORTACAO LTDA;06/05/2009;EPP;206-2;32.92-2-01;4514;27/09/2024;Fabricação de equipamentos e acessórios para segurança e proteção pessoal e profissional;INDÚSTRIAS DE TRANSFORMAÇÃO;C;32;32.9;SP
EED;10.843.754/0001-67;DELTA INDUSTRIA COMERCIO IMPORTACAO E EXPORTACAO LTDA;06/05/2009;EPP;206-2;14.13-4-02;4514;27/09/2024;Confecção de roupas profissionais;INDÚSTRIAS DE TRANSFORMAÇÃO;C;14;14.1;SP
EED;10.843.754/0001-67;DELTA INDUSTRIA COMERCIO IMPORTACAO E EXPORTACAO LTDA;06/05/2009;EPP;206-2;46.42-7-02;4514;27/09/2024;Comércio atacadista de artigos do vestuário e acessórios;"COMÉRCIO; REPARAÇÃO DE VEÍCULOS AUTOMOTORES E MOTOCICLETAS";G;46;46.4;SP
EED;10.843.754/0001-67;DELTA INDUSTRIA COMERCIO IMPORTACAO E EXPORTACAO LTDA;06/05/2009;EPP;206-2;46.69-9-99;4514;27/09/2024;"Comércio atacadista de máquinas, aparelhos e equipamentos não especificados anteriormente; partes e peças";"COMÉRCIO; REPARAÇÃO DE VEÍCULOS AUTOMOTORES E MOTOCICLETAS";G;46;46.6;SP
EED;10.843.754/0001-67;DELTA INDUSTRIA COMERCIO IMPORTACAO E EXPORTACAO LTDA;06/05/2009;EPP;206-2;46.49-4-02;4514;27/09/2024;Comércio atacadista de equipamentos e artigos de uso pessoal e doméstico não especificados anteriormente;"COMÉRCIO; REPARAÇÃO DE VEÍCULOS AUTOMOTORES E MOTOCICLETAS";G;46;46.4;SP
EED;10.843.754/0001-67;DELTA INDUSTRIA COMERCIO IMPORTACAO E EXPORTACAO LTDA;06/05/2009;EPP;206-2;47.81-4-00;4514;27/09/2024;Comércio varejista de artigos do vestuário e acessórios;"COMÉRCIO; REPARAÇÃO DE VEÍCULOS AUTOMOTORES E MOTOCICLETAS";G;47;47.8;SP
EED;10.843.754/0001-67;DELTA INDUSTRIA COMERCIO IMPORTACAO E EXPORTACAO LTDA;06/05/2009;EPP;206-2;47.82-2-01;4514;27/09/2024;Comércio varejista de calçados e artigos de viagem;"COMÉRCIO; REPARAÇÃO DE VEÍCULOS AUTOMOTORES E MOTOCICLETAS";G;47;47.8;SP
EED;10.843.754/0001-67;DELTA INDUSTRIA COMERCIO IMPORTACAO E EXPORTACAO LTDA;06/05/2009;EPP;206-2;77.19-5-02 ;4514;27/09/2024;Locação de meios de transporte, exceto automóveis, sem condutor;ATIVIDADES ADMINISTRATIVAS E SERVIÇOS COMPLEMENTARES;N;77;77.1;SP
EED;10.843.754/0001-67;DELTA INDUSTRIA COMERCIO IMPORTACAO E EXPORTACAO LTDA;06/05/2009;EPP;206-2;77.19-5-99;4514;27/09/2024;Locação de meios de transporte, exceto automóveis, sem condutor;ATIVIDADES ADMINISTRATIVAS E SERVIÇOS COMPLEMENTARES;N;77;77.1;SP
EED;10.843.754/0001-67;DELTA INDUSTRIA COMERCIO IMPORTACAO E EXPORTACAO LTDA;06/05/2009;EPP;206-2;80.20-0-02;4514;27/09/2024;Atividades de monitoramento de sistemas de segurança;ATIVIDADES ADMINISTRATIVAS E SERVIÇOS COMPLEMENTARES;N;80;80.2;SP
EED;10.843.754/0001-67;DELTA INDUSTRIA COMERCIO IMPORTACAO E EXPORTACAO LTDA;06/05/2009;EPP;206-2;82.11-3-00 ;4514;27/09/2024;Serviços combinados de escritório e apoio administrativo;ATIVIDADES ADMINISTRATIVAS E SERVIÇOS COMPLEMENTARES;N;82;82.1;SP
EED;10.843.754/0001-67;DELTA INDUSTRIA COMERCIO IMPORTACAO E EXPORTACAO LTDA;06/05/2009;EPP;206-2;95.12-6-00;4514;27/09/2024;Reparação e manutenção de equipamentos de comunicação;OUTRAS ATIVIDADES DE SERVIÇOS;S;95;95.1;SP
EED;10.843.754/0001-67;DELTA INDUSTRIA COMERCIO IMPORTACAO E EXPORTACAO LTDA;06/05/2009;EPP;206-2;95.21-5-00;4514;27/09/2024;Reparação e manutenção de equipamentos eletroeletrônicos de uso pessoal e doméstico;OUTRAS ATIVIDADES DE SERVIÇOS;S;95;95.2;SP
EED;10.843.754/0001-67;DELTA INDUSTRIA COMERCIO IMPORTACAO E EXPORTACAO LTDA;06/05/2009;EPP;206-2;95.29-1-99;4514;27/09/2024;Reparação e manutenção de objetos e equipamentos pessoais e domésticos não especificados anteriormente;OUTRAS ATIVIDADES DE SERVIÇOS;S;95;95.2;SP
EED;10.843.754/0001-67;DELTA INDUSTRIA COMERCIO IMPORTACAO E EXPORTACAO LTDA;06/05/2009;EPP;206-2;85.99-6-04 ;4514;27/09/2024;Atividades de ensino não especificadas anteriormente;EDUCAÇÃO;P;85;85.9;SP
EED;10.843.754/0001-67;DELTA INDUSTRIA COMERCIO IMPORTACAO E EXPORTACAO LTDA;06/05/2009;EPP;206-2;74.90-1-99 ;4514;27/09/2024;Atividades profissionais, científicas e técnicas não especificadas anteriormente;ATIVIDADES PROFISSIONAIS, CIENTÍFICAS E TÉCNICAS;M;74;74.9;SP
EED;24.967.459/0001-27;DESAER - DESENVOLVIMENTO AERONAUTICO LTDA;08/06/2016;DEMAIS;206-2;71.19-7-03;1588;16/04/2020;Atividades técnicas relacionadas à arquitetura e engenharia;ATIVIDADES PROFISSIONAIS, CIENTÍFICAS E TÉCNICAS;M;71;71.1;SP
EED;24.967.459/0001-27;DESAER - DESENVOLVIMENTO AERONAUTICO LTDA;08/06/2016;DEMAIS;206-2;30.41-5-00;1588;16/04/2020;Fabricação de aeronaves;INDÚSTRIAS DE TRANSFORMAÇÃO;C;30;30.4;SP
EED;24.967.459/0001-27;DESAER - DESENVOLVIMENTO AERONAUTICO LTDA;08/06/2016;DEMAIS;206-2;30.42-3-00;1588;16/04/2020;Fabricação de turbinas, motores e outros componentes e peças para aeronaves;INDÚSTRIAS DE TRANSFORMAÇÃO;C;30;30.4;SP
EED;24.967.459/0001-27;DESAER - DESENVOLVIMENTO AERONAUTICO LTDA;08/06/2016;DEMAIS;206-2;33.16-3-01;1588;16/04/2020;Manutenção e reparação de aeronaves;INDÚSTRIAS DE TRANSFORMAÇÃO;C;33;33.1;SP
EED;29.022.151/0001-22;DFA DEFENSE LTDA;08/11/2017;DEMAIS;206-2;25.50-1-02;4791;12/09/2022;Fabricação de equipamento bélico pesado, armas de fogo e munições;INDÚSTRIAS DE TRANSFORMAÇÃO;C;25;25.5;GO
EED;29.022.151/0001-22;DFA DEFENSE LTDA;08/11/2017;DEMAIS;206-2;25.31-4-01;4791;12/09/2022;Produção de forjados de aço e de metais não-ferrosos e suas ligas;INDÚSTRIAS DE TRANSFORMAÇÃO;C;25;25.3;GO
EED;29.022.151/0001-22;DFA DEFENSE LTDA;08/11/2017;DEMAIS;206-2;25.50-1-01;4791;12/09/2022;Fabricação de equipamento bélico pesado, armas de fogo e munições;INDÚSTRIAS DE TRANSFORMAÇÃO;C;25;25.5;GO
EED;29.022.151/0001-22;DFA DEFENSE LTDA;08/11/2017;DEMAIS;206-2;27.90-2-02;4791;12/09/2022;Fabricação de equipamentos e aparelhos elétricos não especificados anteriormente;INDÚSTRIAS DE TRANSFORMAÇÃO;C;27;27.9;GO
EED;29.022.151/0001-22;DFA DEFENSE LTDA;08/11/2017;DEMAIS;206-2;32.92-2-02;4791;12/09/2022;Fabricação de equipamentos e acessórios para segurança e proteção pessoal e profissional;INDÚSTRIAS DE TRANSFORMAÇÃO;C;32;32.9;GO
EED;29.022.151/0001-22;DFA DEFENSE LTDA;08/11/2017;DEMAIS;206-2;33.11-2-00;4791;12/09/2022;Manutenção e reparação de tanques, reservatórios metálicos e caldeiras, exceto para veículos;INDÚSTRIAS DE TRANSFORMAÇÃO;C;33;33.1;GO
EED;29.022.151/0001-22;DFA DEFENSE LTDA;08/11/2017;DEMAIS;206-2;46.18-4-99;4791;12/09/2022;Representantes comerciais e agentes do comércio especializado em produtos não especificados anteriormente;"COMÉRCIO; REPARAÇÃO DE VEÍCULOS AUTOMOTORES E MOTOCICLETAS";G;46;46.1;GO
EED;29.022.151/0001-22;DFA DEFENSE LTDA;08/11/2017;DEMAIS;206-2;46.69-9-99;4791;12/09/2022;"Comércio atacadista de máquinas, aparelhos e equipamentos não especificados anteriormente; partes e peças";"COMÉRCIO; REPARAÇÃO DE VEÍCULOS AUTOMOTORES E MOTOCICLETAS";G;46;46.6;GO
EED;29.022.151/0001-22;DFA DEFENSE LTDA;08/11/2017;DEMAIS;206-2;47.89-0-09;4791;12/09/2022;Comércio varejista de outros produtos novos não especificados anteriormente;"COMÉRCIO; REPARAÇÃO DE VEÍCULOS AUTOMOTORES E MOTOCICLETAS";G;47;47.8;GO
EED;29.022.151/0001-22;DFA DEFENSE LTDA;08/11/2017;DEMAIS;206-2;64.63-8-00;4791;12/09/2022;Outras sociedades de participação, exceto holdings;ATIVIDADES FINANCEIRAS, DE SEGUROS E SERVIÇOS RELACIONADOS;K;64;64.6;GO
EED;29.022.151/0001-22;DFA DEFENSE LTDA;08/11/2017;DEMAIS;206-2;85.91-1-00;4791;12/09/2022;Ensino de esportes;EDUCAÇÃO;P;85;85.9;GO
EED;29.022.151/0001-22;DFA DEFENSE LTDA;08/11/2017;DEMAIS;206-2;95.29-1-99;4791;12/09/2022;Reparação e manutenção de objetos e equipamentos pessoais e domésticos não especificados anteriormente;OUTRAS ATIVIDADES DE SERVIÇOS;S;95;95.2;GO
EED;03.222.543/0001-41;DGS INDUSTRIAL LTDA;13/11/1998;DEMAIS;206-2;30.11-3-02;90;11/01/2018;Construção de embarcações e estruturas flutuantes;INDÚSTRIAS DE TRANSFORMAÇÃO;C;30;30.1;RJ
EED;83.472.803/0001-76;DIGITRO TECNOLOGIA SA;08/09/1977;DEMAIS;205-4;62.02-3-00;1346;28/05/2014;Desenvolvimento e licenciamento de programas de computador customizáveis;INFORMAÇÃO E COMUNICAÇÃO;J;62;62.0;SC
EED;83.472.803/0001-76;DIGITRO TECNOLOGIA SA;08/09/1977;DEMAIS;205-4;26.32-9-00;1346;28/05/2014;Fabricação de aparelhos telefônicos e de outros equipamentos de comunicação;INDÚSTRIAS DE TRANSFORMAÇÃO;C;26;26.3;SC
EED;83.472.803/0001-76;DIGITRO TECNOLOGIA SA;08/09/1977;DEMAIS;205-4;46.19-2-00;1346;28/05/2014;Representantes comerciais e agentes do comércio de mercadorias em geral não especializado;"COMÉRCIO; REPARAÇÃO DE VEÍCULOS AUTOMOTORES E MOTOCICLETAS";G;46;46.1;SC
EED;83.472.803/0001-76;DIGITRO TECNOLOGIA SA;08/09/1977;DEMAIS;205-4;47.53-9-00;1346;28/05/2014;Comércio varejista especializado de eletrodomésticos e equipamentos de áudio e vídeo;"COMÉRCIO; REPARAÇÃO DE VEÍCULOS AUTOMOTORES E MOTOCICLETAS";G;47;47.5;SC
EED;83.472.803/0001-76;DIGITRO TECNOLOGIA SA;08/09/1977;DEMAIS;205-4;61.10-8-03;1346;28/05/2014;Telecomunicações por fio;INFORMAÇÃO E COMUNICAÇÃO;J;61;61.1;SC
EED;83.472.803/0001-76;DIGITRO TECNOLOGIA SA;08/09/1977;DEMAIS;205-4;61.90-6-02;1346;28/05/2014;Outras atividades de telecomunicações;INFORMAÇÃO E COMUNICAÇÃO;J;61;61.9;SC
EED;83.472.803/0001-76;DIGITRO TECNOLOGIA SA;08/09/1977;DEMAIS;205-4;61.90-6-99;1346;28/05/2014;Outras atividades de telecomunicações;INFORMAÇÃO E COMUNICAÇÃO;J;61;61.9;SC
EED;83.472.803/0001-76;DIGITRO TECNOLOGIA SA;08/09/1977;DEMAIS;205-4;62.04-0-00;1346;28/05/2014;Consultoria em tecnologia da informação;INFORMAÇÃO E COMUNICAÇÃO;J;62;62.0;SC
EED;83.472.803/0001-76;DIGITRO TECNOLOGIA SA;08/09/1977;DEMAIS;205-4;62.09-1-00;1346;28/05/2014;Suporte técnico, manutenção e outros serviços em tecnologia da informação;INFORMAÇÃO E COMUNICAÇÃO;J;62;62.0;SC
EED;83.472.803/0001-76;DIGITRO TECNOLOGIA SA;08/09/1977;DEMAIS;205-4;74.90-1-01;1346;28/05/2014;Atividades profissionais, científicas e técnicas não especificadas anteriormente;ATIVIDADES PROFISSIONAIS, CIENTÍFICAS E TÉCNICAS;M;74;74.9;SC
EED;83.472.803/0001-76;DIGITRO TECNOLOGIA SA;08/09/1977;DEMAIS;205-4;77.39-0-99;1346;28/05/2014;Aluguel de máquinas e equipamentos não especificados anteriormente;ATIVIDADES ADMINISTRATIVAS E SERVIÇOS COMPLEMENTARES;N;77;77.3;SC
EED;83.472.803/0001-76;DIGITRO TECNOLOGIA SA;08/09/1977;DEMAIS;205-4;82.19-9-99;1346;28/05/2014;Fotocópias, preparação de documentos e outros serviços especializados de apoio administrativo;ATIVIDADES ADMINISTRATIVAS E SERVIÇOS COMPLEMENTARES;N;82;82.1;SC
EED;37.265.248/0001-94;DMD EQUIPAMENTOS LTDA;29/05/2020;EPP;206-2;32.92-2-02;4791;12/09/2022;Fabricação de equipamentos e acessórios para segurança e proteção pessoal e profissional;INDÚSTRIAS DE TRANSFORMAÇÃO;C;32;32.9;SC
EED;37.265.248/0001-94;DMD EQUIPAMENTOS LTDA;29/05/2020;EPP;206-2;47.73-3-00 ;4791;12/09/2022;Comércio varejista de artigos médicos e ortopédicos;"COMÉRCIO; REPARAÇÃO DE VEÍCULOS AUTOMOTORES E MOTOCICLETAS";G;47;47.7;SC
EED;37.265.248/0001-94;DMD EQUIPAMENTOS LTDA;29/05/2020;EPP;206-2;85.99-6-04;4791;12/09/2022;Atividades de ensino não especificadas anteriormente;EDUCAÇÃO;P;85;85.9;SC
EED;37.265.248/0001-94;DMD EQUIPAMENTOS LTDA;29/05/2020;EPP;206-2;85.99-6-05 ;4791;12/09/2022;Atividades de ensino não especificadas anteriormente;EDUCAÇÃO;P;85;85.9;SC
EED;13.798.385/0001-26;DSM MODULAR COMERCIO E SERVICOS LTDA;07/06/2011;ME;206-2;42.92-8-01;5576;12/12/2024;Montagem de instalações industriais e de estruturas metálicas;CONSTRUÇÃO;F;42;42.9;SC
EED;13.798.385/0001-26;DSM MODULAR COMERCIO E SERVICOS LTDA;07/06/2011;ME;206-2;33.14-7-07;5576;12/12/2024;Manutenção e reparação de máquinas e equipamentos da indústria mecânica;INDÚSTRIAS DE TRANSFORMAÇÃO;C;33;33.1;SC
EED;13.798.385/0001-26;DSM MODULAR COMERCIO E SERVICOS LTDA;07/06/2011;ME;206-2;33.19-8-00;5576;12/12/2024;Manutenção e reparação de equipamentos e produtos não especificados anteriormente;INDÚSTRIAS DE TRANSFORMAÇÃO;C;33;33.1;SC
EED;13.798.385/0001-26;DSM MODULAR COMERCIO E SERVICOS LTDA;07/06/2011;ME;206-2;42.92-8-02;5576;12/12/2024;Montagem de instalações industriais e de estruturas metálicas;CONSTRUÇÃO;F;42;42.9;SC
EED;13.798.385/0001-26;DSM MODULAR COMERCIO E SERVICOS LTDA;07/06/2011;ME;206-2;43.21-5-00;5576;12/12/2024;Instalações elétricas;CONSTRUÇÃO;F;43;43.2;SC
EED;13.798.385/0001-26;DSM MODULAR COMERCIO E SERVICOS LTDA;07/06/2011;ME;206-2;43.22-3-01;5576;12/12/2024;Instalações hidráulicas, de sistemas de ventilação e refrigeração;CONSTRUÇÃO;F;43;43.2;SC
EED;13.798.385/0001-26;DSM MODULAR COMERCIO E SERVICOS LTDA;07/06/2011;ME;206-2;43.30-4-99;5576;12/12/2024;Obras de acabamento;CONSTRUÇÃO;F;43;43.3;SC
EED;13.798.385/0001-26;DSM MODULAR COMERCIO E SERVICOS LTDA;07/06/2011;ME;206-2;43.99-1-02;5576;12/12/2024;Serviços especializados para construção não especificados anteriormente;CONSTRUÇÃO;F;43;43.9;SC
EED;13.798.385/0001-26;DSM MODULAR COMERCIO E SERVICOS LTDA;07/06/2011;ME;206-2;43.99-1-03;5576;12/12/2024;Serviços especializados para construção não especificados anteriormente;CONSTRUÇÃO;F;43;43.9;SC
EED;13.798.385/0001-26;DSM MODULAR COMERCIO E SERVICOS LTDA;07/06/2011;ME;206-2;46.49-4-04;5576;12/12/2024;Comércio atacadista de equipamentos e artigos de uso pessoal e doméstico não especificados anteriormente;"COMÉRCIO; REPARAÇÃO DE VEÍCULOS AUTOMOTORES E MOTOCICLETAS";G;46;46.4;SC
EED;13.798.385/0001-26;DSM MODULAR COMERCIO E SERVICOS LTDA;07/06/2011;ME;206-2;46.79-6-99;5576;12/12/2024;Comércio atacadista especializado de materiais de construção não especificados anteriormente e de materiais de construção em geral;"COMÉRCIO; REPARAÇÃO DE VEÍCULOS AUTOMOTORES E MOTOCICLETAS";G;46;46.7;SC
EED;13.798.385/0001-26;DSM MODULAR COMERCIO E SERVICOS LTDA;07/06/2011;ME;206-2;47.44-0-01;5576;12/12/2024;Comércio varejista de ferragens, madeira e materiais de construção;"COMÉRCIO; REPARAÇÃO DE VEÍCULOS AUTOMOTORES E MOTOCICLETAS";G;47;47.4;SC
EED;13.798.385/0001-26;DSM MODULAR COMERCIO E SERVICOS LTDA;07/06/2011;ME;206-2;47.44-0-02;5576;12/12/2024;Comércio varejista de ferragens, madeira e materiais de construção;"COMÉRCIO; REPARAÇÃO DE VEÍCULOS AUTOMOTORES E MOTOCICLETAS";G;47;47.4;SC
EED;13.798.385/0001-26;DSM MODULAR COMERCIO E SERVICOS LTDA;07/06/2011;ME;206-2;47.44-0-03;5576;12/12/2024;Comércio varejista de ferragens, madeira e materiais de construção;"COMÉRCIO; REPARAÇÃO DE VEÍCULOS AUTOMOTORES E MOTOCICLETAS";G;47;47.4;SC
EED;13.798.385/0001-26;DSM MODULAR COMERCIO E SERVICOS LTDA;07/06/2011;ME;206-2;47.44-0-05;5576;12/12/2024;Comércio varejista de ferragens, madeira e materiais de construção;"COMÉRCIO; REPARAÇÃO DE VEÍCULOS AUTOMOTORES E MOTOCICLETAS";G;47;47.4;SC
EED;13.798.385/0001-26;DSM MODULAR COMERCIO E SERVICOS LTDA;07/06/2011;ME;206-2;47.44-0-99;5576;12/12/2024;Comércio varejista de ferragens, madeira e materiais de construção;"COMÉRCIO; REPARAÇÃO DE VEÍCULOS AUTOMOTORES E MOTOCICLETAS";G;47;47.4;SC
EED;13.798.385/0001-26;DSM MODULAR COMERCIO E SERVICOS LTDA;07/06/2011;ME;206-2;47.51-2-01;5576;12/12/2024;Comércio varejista especializado de equipamentos e suprimentos de informática;"COMÉRCIO; REPARAÇÃO DE VEÍCULOS AUTOMOTORES E MOTOCICLETAS";G;47;47.5;SC
EED;13.798.385/0001-26;DSM MODULAR COMERCIO E SERVICOS LTDA;07/06/2011;ME;206-2;47.54-7-01;5576;12/12/2024;Comércio varejista especializado de móveis, colchoaria e artigos de iluminação;"COMÉRCIO; REPARAÇÃO DE VEÍCULOS AUTOMOTORES E MOTOCICLETAS";G;47;47.5;SC
EED;13.798.385/0001-26;DSM MODULAR COMERCIO E SERVICOS LTDA;07/06/2011;ME;206-2;47.63-6-02;5576;12/12/2024;Comércio varejista de artigos recreativos e esportivos;"COMÉRCIO; REPARAÇÃO DE VEÍCULOS AUTOMOTORES E MOTOCICLETAS";G;47;47.6;SC
EED;13.798.385/0001-26;DSM MODULAR COMERCIO E SERVICOS LTDA;07/06/2011;ME;206-2;47.89-0-99;5576;12/12/2024;Comércio varejista de outros produtos novos não especificados anteriormente;"COMÉRCIO; REPARAÇÃO DE VEÍCULOS AUTOMOTORES E MOTOCICLETAS";G;47;47.8;SC
EED;13.798.385/0001-26;DSM MODULAR COMERCIO E SERVICOS LTDA;07/06/2011;ME;206-2;77.19-5-99;5576;12/12/2024;Locação de meios de transporte, exceto automóveis, sem condutor;ATIVIDADES ADMINISTRATIVAS E SERVIÇOS COMPLEMENTARES;N;77;77.1;SC
EED;21.111.808/0001-16;EBN COMERCIO, IMPORTACAO E EXPORTACAO LTDA;25/09/2014;DEMAIS;206-2;46.42-7-01;3898;21/09/2021;Comércio atacadista de artigos do vestuário e acessórios;"COMÉRCIO; REPARAÇÃO DE VEÍCULOS AUTOMOTORES E MOTOCICLETAS";G;46;46.4;SC
EED;21.111.808/0001-16;EBN COMERCIO, IMPORTACAO E EXPORTACAO LTDA;25/09/2014;DEMAIS;206-2;13.21-9-00;3898;21/09/2021;Tecelagem de fios de algodão;INDÚSTRIAS DE TRANSFORMAÇÃO;C;13;13.2;SC
EED;21.111.808/0001-16;EBN COMERCIO, IMPORTACAO E EXPORTACAO LTDA;25/09/2014;DEMAIS;206-2;14.12-6-01;3898;21/09/2021;Confecção de peças do vestuário, exceto roupas íntimas;INDÚSTRIAS DE TRANSFORMAÇÃO;C;14;14.1;SC
EED;21.111.808/0001-16;EBN COMERCIO, IMPORTACAO E EXPORTACAO LTDA;25/09/2014;DEMAIS;206-2;22.23-4-00;3898;21/09/2021;Fabricação de tubos e acessórios de material plástico para uso na construção;INDÚSTRIAS DE TRANSFORMAÇÃO;C;22;22.2;SC
EED;21.111.808/0001-16;EBN COMERCIO, IMPORTACAO E EXPORTACAO LTDA;25/09/2014;DEMAIS;206-2;22.29-3-02;3898;21/09/2021;Fabricação de artefatos de material plástico não especificados anteriormente;INDÚSTRIAS DE TRANSFORMAÇÃO;C;22;22.2;SC
EED;21.111.808/0001-16;EBN COMERCIO, IMPORTACAO E EXPORTACAO LTDA;25/09/2014;DEMAIS;206-2;22.29-3-03;3898;21/09/2021;Fabricação de artefatos de material plástico não especificados anteriormente;INDÚSTRIAS DE TRANSFORMAÇÃO;C;22;22.2;SC
EED;21.111.808/0001-16;EBN COMERCIO, IMPORTACAO E EXPORTACAO LTDA;25/09/2014;DEMAIS;206-2;22.29-3-99;3898;21/09/2021;Fabricação de artefatos de material plástico não especificados anteriormente;INDÚSTRIAS DE TRANSFORMAÇÃO;C;22;22.2;SC
EED;21.111.808/0001-16;EBN COMERCIO, IMPORTACAO E EXPORTACAO LTDA;25/09/2014;DEMAIS;206-2;23.49-4-01;3898;21/09/2021;Fabricação de produtos cerâmicos não-refratários não especificados anteriormente;INDÚSTRIAS DE TRANSFORMAÇÃO;C;23;23.4;SC
EED;21.111.808/0001-16;EBN COMERCIO, IMPORTACAO E EXPORTACAO LTDA;25/09/2014;DEMAIS;206-2;31.01-2-00;3898;21/09/2021;Fabricação de móveis com predominância de madeira;INDÚSTRIAS DE TRANSFORMAÇÃO;C;31;31.1;SC
EED;21.111.808/0001-16;EBN COMERCIO, IMPORTACAO E EXPORTACAO LTDA;25/09/2014;DEMAIS;206-2;31.03-9-00;3898;21/09/2021;Fabricação de móveis de outros materiais, exceto madeira e metal;INDÚSTRIAS DE TRANSFORMAÇÃO;C;31;31.3;SC
EED;21.111.808/0001-16;EBN COMERCIO, IMPORTACAO E EXPORTACAO LTDA;25/09/2014;DEMAIS;206-2;32.30-2-00;3898;21/09/2021;Fabricação de artefatos para pesca e esporte;INDÚSTRIAS DE TRANSFORMAÇÃO;C;32;32.3;SC
EED;21.111.808/0001-16;EBN COMERCIO, IMPORTACAO E EXPORTACAO LTDA;25/09/2014;DEMAIS;206-2;32.40-0-99;3898;21/09/2021;Fabricação de brinquedos e jogos recreativos;INDÚSTRIAS DE TRANSFORMAÇÃO;C;32;32.4;SC
EED;21.111.808/0001-16;EBN COMERCIO, IMPORTACAO E EXPORTACAO LTDA;25/09/2014;DEMAIS;206-2;32.92-2-02;3898;21/09/2021;Fabricação de equipamentos e acessórios para segurança e proteção pessoal e profissional;INDÚSTRIAS DE TRANSFORMAÇÃO;C;32;32.9;SC
EED;21.111.808/0001-16;EBN COMERCIO, IMPORTACAO E EXPORTACAO LTDA;25/09/2014;DEMAIS;206-2;33.21-0-00;3898;21/09/2021;Instalação de máquinas e equipamentos industriais;INDÚSTRIAS DE TRANSFORMAÇÃO;C;33;33.2;SC
EED;21.111.808/0001-16;EBN COMERCIO, IMPORTACAO E EXPORTACAO LTDA;25/09/2014;DEMAIS;206-2;41.20-4-00;3898;21/09/2021;Construção de edifícios;CONSTRUÇÃO;F;41;41.2;SC
EED;21.111.808/0001-16;EBN COMERCIO, IMPORTACAO E EXPORTACAO LTDA;25/09/2014;DEMAIS;206-2;42.22-7-01;3898;21/09/2021;Construção de redes de abastecimento de água, coleta de esgoto e construções correlatas;CONSTRUÇÃO;F;42;42.2;SC
EED;21.111.808/0001-16;EBN COMERCIO, IMPORTACAO E EXPORTACAO LTDA;25/09/2014;DEMAIS;206-2;43.22-3-01;3898;21/09/2021;Instalações hidráulicas, de sistemas de ventilação e refrigeração;CONSTRUÇÃO;F;43;43.2;SC
EED;21.111.808/0001-16;EBN COMERCIO, IMPORTACAO E EXPORTACAO LTDA;25/09/2014;DEMAIS;206-2;43.99-1-03;3898;21/09/2021;Serviços especializados para construção não especificados anteriormente;CONSTRUÇÃO;F;43;43.9;SC
EED;21.111.808/0001-16;EBN COMERCIO, IMPORTACAO E EXPORTACAO LTDA;25/09/2014;DEMAIS;206-2;46.19-2-00;3898;21/09/2021;Representantes comerciais e agentes do comércio de mercadorias em geral não especializado;"COMÉRCIO; REPARAÇÃO DE VEÍCULOS AUTOMOTORES E MOTOCICLETAS";G;46;46.1;SC
EED;21.111.808/0001-16;EBN COMERCIO, IMPORTACAO E EXPORTACAO LTDA;25/09/2014;DEMAIS;206-2;46.39-7-01;3898;21/09/2021;Comércio atacadista de produtos alimentícios em geral;"COMÉRCIO; REPARAÇÃO DE VEÍCULOS AUTOMOTORES E MOTOCICLETAS";G;46;46.3;SC
EED;21.111.808/0001-16;EBN COMERCIO, IMPORTACAO E EXPORTACAO LTDA;25/09/2014;DEMAIS;206-2;46.41-9-03;3898;21/09/2021;Comércio atacadista de tecidos, artefatos de tecidos e de armarinho;"COMÉRCIO; REPARAÇÃO DE VEÍCULOS AUTOMOTORES E MOTOCICLETAS";G;46;46.4;SC
EED;21.111.808/0001-16;EBN COMERCIO, IMPORTACAO E EXPORTACAO LTDA;25/09/2014;DEMAIS;206-2;46.42-7-02;3898;21/09/2021;Comércio atacadista de artigos do vestuário e acessórios;"COMÉRCIO; REPARAÇÃO DE VEÍCULOS AUTOMOTORES E MOTOCICLETAS";G;46;46.4;SC
EED;21.111.808/0001-16;EBN COMERCIO, IMPORTACAO E EXPORTACAO LTDA;25/09/2014;DEMAIS;206-2;46.43-5-01;3898;21/09/2021;Comércio atacadista de calçados e artigos de viagem;"COMÉRCIO; REPARAÇÃO DE VEÍCULOS AUTOMOTORES E MOTOCICLETAS";G;46;46.4;SC
EED;21.111.808/0001-16;EBN COMERCIO, IMPORTACAO E EXPORTACAO LTDA;25/09/2014;DEMAIS;206-2;46.47-8-01;3898;21/09/2021;"Comércio atacadista de artigos de escritório e de papelaria; livros, jornais e outras publicações";"COMÉRCIO; REPARAÇÃO DE VEÍCULOS AUTOMOTORES E MOTOCICLETAS";G;46;46.4;SC
EED;21.111.808/0001-16;EBN COMERCIO, IMPORTACAO E EXPORTACAO LTDA;25/09/2014;DEMAIS;206-2;46.49-4-02;3898;21/09/2021;Comércio atacadista de equipamentos e artigos de uso pessoal e doméstico não especificados anteriormente;"COMÉRCIO; REPARAÇÃO DE VEÍCULOS AUTOMOTORES E MOTOCICLETAS";G;46;46.4;SC
EED;21.111.808/0001-16;EBN COMERCIO, IMPORTACAO E EXPORTACAO LTDA;25/09/2014;DEMAIS;206-2;46.49-4-04;3898;21/09/2021;Comércio atacadista de equipamentos e artigos de uso pessoal e doméstico não especificados anteriormente;"COMÉRCIO; REPARAÇÃO DE VEÍCULOS AUTOMOTORES E MOTOCICLETAS";G;46;46.4;SC
EED;21.111.808/0001-16;EBN COMERCIO, IMPORTACAO E EXPORTACAO LTDA;25/09/2014;DEMAIS;206-2;46.49-4-99;3898;21/09/2021;Comércio atacadista de equipamentos e artigos de uso pessoal e doméstico não especificados anteriormente;"COMÉRCIO; REPARAÇÃO DE VEÍCULOS AUTOMOTORES E MOTOCICLETAS";G;46;46.4;SC
EED;21.111.808/0001-16;EBN COMERCIO, IMPORTACAO E EXPORTACAO LTDA;25/09/2014;DEMAIS;206-2;46.51-6-01;3898;21/09/2021;Comércio atacadista de computadores, periféricos e suprimentos de informática;"COMÉRCIO; REPARAÇÃO DE VEÍCULOS AUTOMOTORES E MOTOCICLETAS";G;46;46.5;SC
EED;21.111.808/0001-16;EBN COMERCIO, IMPORTACAO E EXPORTACAO LTDA;25/09/2014;DEMAIS;206-2;46.72-9-00;3898;21/09/2021;Comércio atacadista de ferragens e ferramentas;"COMÉRCIO; REPARAÇÃO DE VEÍCULOS AUTOMOTORES E MOTOCICLETAS";G;46;46.7;SC
EED;21.111.808/0001-16;EBN COMERCIO, IMPORTACAO E EXPORTACAO LTDA;25/09/2014;DEMAIS;206-2;46.73-7-00;3898;21/09/2021;Comércio atacadista de material elétrico;"COMÉRCIO; REPARAÇÃO DE VEÍCULOS AUTOMOTORES E MOTOCICLETAS";G;46;46.7;SC
EED;21.111.808/0001-16;EBN COMERCIO, IMPORTACAO E EXPORTACAO LTDA;25/09/2014;DEMAIS;206-2;46.79-6-04;3898;21/09/2021;Comércio atacadista especializado de materiais de construção não especificados anteriormente e de materiais de construção em geral;"COMÉRCIO; REPARAÇÃO DE VEÍCULOS AUTOMOTORES E MOTOCICLETAS";G;46;46.7;SC
EED;21.111.808/0001-16;EBN COMERCIO, IMPORTACAO E EXPORTACAO LTDA;25/09/2014;DEMAIS;206-2;46.89-3-99;3898;21/09/2021;Comércio atacadista especializado de outros produtos intermediários não especificados anteriormente;"COMÉRCIO; REPARAÇÃO DE VEÍCULOS AUTOMOTORES E MOTOCICLETAS";G;46;46.8;SC
EED;21.111.808/0001-16;EBN COMERCIO, IMPORTACAO E EXPORTACAO LTDA;25/09/2014;DEMAIS;206-2;52.50-8-04;3898;21/09/2021;Atividades relacionadas à organização do transporte de carga;TRANSPORTE, ARMAZENAGEM E CORREIO;H;52;52.5;SC
EED;21.111.808/0001-16;EBN COMERCIO, IMPORTACAO E EXPORTACAO LTDA;25/09/2014;DEMAIS;206-2;64.63-8-00;3898;21/09/2021;Outras sociedades de participação, exceto holdings;ATIVIDADES FINANCEIRAS, DE SEGUROS E SERVIÇOS RELACIONADOS;K;64;64.6;SC
EED;21.111.808/0001-16;EBN COMERCIO, IMPORTACAO E EXPORTACAO LTDA;25/09/2014;DEMAIS;206-2;71.12-0-00;3898;21/09/2021;Serviços de engenharia;ATIVIDADES PROFISSIONAIS, CIENTÍFICAS E TÉCNICAS;M;71;71.1;SC
EED;21.111.808/0001-16;EBN COMERCIO, IMPORTACAO E EXPORTACAO LTDA;25/09/2014;DEMAIS;206-2;77.29-2-02;3898;21/09/2021;Aluguel de objetos pessoais e domésticos não especificados anteriormente;ATIVIDADES ADMINISTRATIVAS E SERVIÇOS COMPLEMENTARES;N;77;77.2;SC
EED;21.111.808/0001-16;EBN COMERCIO, IMPORTACAO E EXPORTACAO LTDA;25/09/2014;DEMAIS;206-2;80.20-0-01;3898;21/09/2021;Atividades de monitoramento de sistemas de segurança;ATIVIDADES ADMINISTRATIVAS E SERVIÇOS COMPLEMENTARES;N;80;80.2;SC
EED;21.111.808/0001-16;EBN COMERCIO, IMPORTACAO E EXPORTACAO LTDA;25/09/2014;DEMAIS;206-2;82.19-9-99;3898;21/09/2021;Fotocópias, preparação de documentos e outros serviços especializados de apoio administrativo;ATIVIDADES ADMINISTRATIVAS E SERVIÇOS COMPLEMENTARES;N;82;82.1;SC
EED;33.220.880/0001-60;EBSE ENGENHARIA DE SOLUCOES SA;23/08/1966;DEMAIS;205-4;24.31-8-00;4075;04/12/2020;Produção de tubos de aço com costura;INDÚSTRIAS DE TRANSFORMAÇÃO;C;24;24.3;RJ
EED;33.220.880/0001-60;EBSE ENGENHARIA DE SOLUCOES SA;23/08/1966;DEMAIS;205-4;25.13-6-00;4075;04/12/2020;Fabricação de obras de caldeiraria pesada;INDÚSTRIAS DE TRANSFORMAÇÃO;C;25;25.1;RJ
EED;33.220.880/0001-60;EBSE ENGENHARIA DE SOLUCOES SA;23/08/1966;DEMAIS;205-4;33.21-0-00;4075;04/12/2020;Instalação de máquinas e equipamentos industriais;INDÚSTRIAS DE TRANSFORMAÇÃO;C;33;33.2;RJ
EED;33.220.880/0001-60;EBSE ENGENHARIA DE SOLUCOES SA;23/08/1966;DEMAIS;205-4;42.92-8-01;4075;04/12/2020;Montagem de instalações industriais e de estruturas metálicas;CONSTRUÇÃO;F;42;42.9;RJ
EED;33.220.880/0001-60;EBSE ENGENHARIA DE SOLUCOES SA;23/08/1966;DEMAIS;205-4;42.92-8-02 ;4075;04/12/2020;Montagem de instalações industriais e de estruturas metálicas;CONSTRUÇÃO;F;42;42.9;RJ
EED;33.220.880/0001-60;EBSE ENGENHARIA DE SOLUCOES SA;23/08/1966;DEMAIS;205-4;42.99-5-99;4075;04/12/2020;Obras de engenharia civil não especificadas anteriormente;CONSTRUÇÃO;F;42;42.9;RJ
EED;33.220.880/0001-60;EBSE ENGENHARIA DE SOLUCOES SA;23/08/1966;DEMAIS;205-4;43.21-5-00;4075;04/12/2020;Instalações elétricas;CONSTRUÇÃO;F;43;43.2;RJ
EED;33.220.880/0001-60;EBSE ENGENHARIA DE SOLUCOES SA;23/08/1966;DEMAIS;205-4;43.22-3-02 ;4075;04/12/2020;Instalações hidráulicas, de sistemas de ventilação e refrigeração;CONSTRUÇÃO;F;43;43.2;RJ
EED;33.220.880/0001-60;EBSE ENGENHARIA DE SOLUCOES SA;23/08/1966;DEMAIS;205-4;43.22-3-03 ;4075;04/12/2020;Instalações hidráulicas, de sistemas de ventilação e refrigeração;CONSTRUÇÃO;F;43;43.2;RJ
EED;33.220.880/0001-60;EBSE ENGENHARIA DE SOLUCOES SA;23/08/1966;DEMAIS;205-4;43.99-1-01;4075;04/12/2020;Serviços especializados para construção não especificados anteriormente;CONSTRUÇÃO;F;43;43.9;RJ
EED;33.220.880/0001-60;EBSE ENGENHARIA DE SOLUCOES SA;23/08/1966;DEMAIS;205-4;43.99-1-99;4075;04/12/2020;Serviços especializados para construção não especificados anteriormente;CONSTRUÇÃO;F;43;43.9;RJ
EED;33.220.880/0001-60;EBSE ENGENHARIA DE SOLUCOES SA;23/08/1966;DEMAIS;205-4;46.19-2-00;4075;04/12/2020;Representantes comerciais e agentes do comércio de mercadorias em geral não especializado;"COMÉRCIO; REPARAÇÃO DE VEÍCULOS AUTOMOTORES E MOTOCICLETAS";G;46;46.1;RJ
EED;33.220.880/0001-60;EBSE ENGENHARIA DE SOLUCOES SA;23/08/1966;DEMAIS;205-4;70.20-4-00;4075;04/12/2020;Atividades de consultoria em gestão empresarial;ATIVIDADES PROFISSIONAIS, CIENTÍFICAS E TÉCNICAS;M;70;70.2;RJ
EED;33.220.880/0001-60;EBSE ENGENHARIA DE SOLUCOES SA;23/08/1966;DEMAIS;205-4;71.12-0-00;4075;04/12/2020;Serviços de engenharia;ATIVIDADES PROFISSIONAIS, CIENTÍFICAS E TÉCNICAS;M;71;71.1;RJ
EED;33.220.880/0001-60;EBSE ENGENHARIA DE SOLUCOES SA;23/08/1966;DEMAIS;205-4;71.19-7-99;4075;04/12/2020;Atividades técnicas relacionadas à arquitetura e engenharia;ATIVIDADES PROFISSIONAIS, CIENTÍFICAS E TÉCNICAS;M;71;71.1;RJ
EED;35.304.248/0001-20;ECO MACH TECH DO BRASIL PRODUTOS ELETRONICOS LTDA;24/10/2019;DEMAIS;206-2;28.69-1-00;4067;04/12/2020;Fabricação de máquinas e equipamentos para uso industrial específico não especificados anteriormente;INDÚSTRIAS DE TRANSFORMAÇÃO;C;28;28.6;SC
EED;35.304.248/0001-20;ECO MACH TECH DO BRASIL PRODUTOS ELETRONICOS LTDA;24/10/2019;DEMAIS;206-2;33.21-0-00;4067;04/12/2020;Instalação de máquinas e equipamentos industriais;INDÚSTRIAS DE TRANSFORMAÇÃO;C;33;33.2;SC
EED;03.622.266/0001-64;EFAI - ESCOLA DE AVIACAO CIVIL LTDA;11/11/1999;EPP;206-2;85.99-6-02;2340;06/05/2024;Atividades de ensino não especificadas anteriormente;EDUCAÇÃO;P;85;85.9;MG
EED;03.622.266/0001-64;EFAI - ESCOLA DE AVIACAO CIVIL LTDA;11/11/1999;EPP;206-2;33.16-3-01;2340;06/05/2024;Manutenção e reparação de aeronaves;INDÚSTRIAS DE TRANSFORMAÇÃO;C;33;33.1;MG
EED;03.622.266/0001-64;EFAI - ESCOLA DE AVIACAO CIVIL LTDA;11/11/1999;EPP;206-2;46.69-9-99;2340;06/05/2024;"Comércio atacadista de máquinas, aparelhos e equipamentos não especificados anteriormente; partes e peças";"COMÉRCIO; REPARAÇÃO DE VEÍCULOS AUTOMOTORES E MOTOCICLETAS";G;46;46.6;MG
EED;03.622.266/0001-64;EFAI - ESCOLA DE AVIACAO CIVIL LTDA;11/11/1999;EPP;206-2;46.72-9-00;2340;06/05/2024;Comércio atacadista de ferragens e ferramentas;"COMÉRCIO; REPARAÇÃO DE VEÍCULOS AUTOMOTORES E MOTOCICLETAS";G;46;46.7;MG
EED;03.622.266/0001-64;EFAI - ESCOLA DE AVIACAO CIVIL LTDA;11/11/1999;EPP;206-2;52.40-1-99;2340;06/05/2024;Atividades auxiliares dos transportes aéreos;TRANSPORTE, ARMAZENAGEM E CORREIO;H;52;52.4;MG
EED;03.622.266/0001-64;EFAI - ESCOLA DE AVIACAO CIVIL LTDA;11/11/1999;EPP;206-2;85.99-6-99;2340;06/05/2024;Atividades de ensino não especificadas anteriormente;EDUCAÇÃO;P;85;85.9;MG
EED;23.557.678/0001-75;ELO COMPONENTES ELETROQUIMICOS LTDA.;28/10/2015;DEMAIS;206-2;27.21-0-00;6133;18/12/2023;Fabricação de pilhas, baterias e acumuladores elétricos, exceto para veículos automotores;INDÚSTRIAS DE TRANSFORMAÇÃO;C;27;27.2;PR
EED;23.557.678/0001-75;ELO COMPONENTES ELETROQUIMICOS LTDA.;28/10/2015;DEMAIS;206-2;24.49-1-99;6133;18/12/2023;Metalurgia dos metais não-ferrosos e suas ligas não especificados anteriormente;INDÚSTRIAS DE TRANSFORMAÇÃO;C;24;24.4;PR
EED;23.557.678/0001-75;ELO COMPONENTES ELETROQUIMICOS LTDA.;28/10/2015;DEMAIS;206-2;71.20-1-00;6133;18/12/2023;Testes e análises técnicas;ATIVIDADES PROFISSIONAIS, CIENTÍFICAS E TÉCNICAS;M;71;71.2;PR
EED;23.557.678/0001-75;ELO COMPONENTES ELETROQUIMICOS LTDA.;28/10/2015;DEMAIS;206-2;77.39-0-99;6133;18/12/2023;Aluguel de máquinas e equipamentos não especificados anteriormente;ATIVIDADES ADMINISTRATIVAS E SERVIÇOS COMPLEMENTARES;N;77;77.3;PR
EED;07.689.002/0001-89;EMBRAER SA;08/09/2005;DEMAIS;204-6;30.41-5-00;1346;28/05/2014;Fabricação de aeronaves;INDÚSTRIAS DE TRANSFORMAÇÃO;C;30;30.4;SP
EED;07.689.002/0001-89;EMBRAER SA;08/09/2005;DEMAIS;204-6;30.42-3-00;1346;28/05/2014;Fabricação de turbinas, motores e outros componentes e peças para aeronaves;INDÚSTRIAS DE TRANSFORMAÇÃO;C;30;30.4;SP
EED;07.689.002/0001-89;EMBRAER SA;08/09/2005;DEMAIS;204-6;71.12-0-00;1346;28/05/2014;Serviços de engenharia;ATIVIDADES PROFISSIONAIS, CIENTÍFICAS E TÉCNICAS;M;71;71.1;SP
EED;07.689.002/0001-89;EMBRAER SA;08/09/2005;DEMAIS;204-6;80.20-0-01;1346;28/05/2014;Atividades de monitoramento de sistemas de segurança;ATIVIDADES ADMINISTRATIVAS E SERVIÇOS COMPLEMENTARES;N;80;80.2;SP
EED;07.689.002/0001-89;EMBRAER SA;08/09/2005;DEMAIS;204-6;33.16-3-01;1346;28/05/2014;Manutenção e reparação de aeronaves;INDÚSTRIAS DE TRANSFORMAÇÃO;C;33;33.1;SP
EED;07.689.002/0001-89;EMBRAER SA;08/09/2005;DEMAIS;204-6;33.16-3-02;1346;28/05/2014;Manutenção e reparação de aeronaves;INDÚSTRIAS DE TRANSFORMAÇÃO;C;33;33.1;SP
EED;20.739.464/0001-21;EMBRAPEC COMERCIO E DISTRIBUICAO LTDA;30/07/2014;EPP;206-2;46.91-5-00;4514;27/09/2024;Comércio atacadista de mercadorias em geral, com predominância de produtos alimentícios;"COMÉRCIO; REPARAÇÃO DE VEÍCULOS AUTOMOTORES E MOTOCICLETAS";G;46;46.9;RJ
EED;20.739.464/0001-21;EMBRAPEC COMERCIO E DISTRIBUICAO LTDA;30/07/2014;EPP;206-2;46.41-9-02;4514;27/09/2024;Comércio atacadista de tecidos, artefatos de tecidos e de armarinho;"COMÉRCIO; REPARAÇÃO DE VEÍCULOS AUTOMOTORES E MOTOCICLETAS";G;46;46.4;RJ
EED;20.739.464/0001-21;EMBRAPEC COMERCIO E DISTRIBUICAO LTDA;30/07/2014;EPP;206-2;46.41-9-03 ;4514;27/09/2024;Comércio atacadista de tecidos, artefatos de tecidos e de armarinho;"COMÉRCIO; REPARAÇÃO DE VEÍCULOS AUTOMOTORES E MOTOCICLETAS";G;46;46.4;RJ
EED;20.739.464/0001-21;EMBRAPEC COMERCIO E DISTRIBUICAO LTDA;30/07/2014;EPP;206-2;46.42-7-01;4514;27/09/2024;Comércio atacadista de artigos do vestuário e acessórios;"COMÉRCIO; REPARAÇÃO DE VEÍCULOS AUTOMOTORES E MOTOCICLETAS";G;46;46.4;RJ
EED;20.739.464/0001-21;EMBRAPEC COMERCIO E DISTRIBUICAO LTDA;30/07/2014;EPP;206-2;46.42-7-02;4514;27/09/2024;Comércio atacadista de artigos do vestuário e acessórios;"COMÉRCIO; REPARAÇÃO DE VEÍCULOS AUTOMOTORES E MOTOCICLETAS";G;46;46.4;RJ
EED;20.739.464/0001-21;EMBRAPEC COMERCIO E DISTRIBUICAO LTDA;30/07/2014;EPP;206-2;46.43-5-01 ;4514;27/09/2024;Comércio atacadista de calçados e artigos de viagem;"COMÉRCIO; REPARAÇÃO DE VEÍCULOS AUTOMOTORES E MOTOCICLETAS";G;46;46.4;RJ
EED;20.739.464/0001-21;EMBRAPEC COMERCIO E DISTRIBUICAO LTDA;30/07/2014;EPP;206-2;46.43-5-02;4514;27/09/2024;Comércio atacadista de calçados e artigos de viagem;"COMÉRCIO; REPARAÇÃO DE VEÍCULOS AUTOMOTORES E MOTOCICLETAS";G;46;46.4;RJ
EED;20.739.464/0001-21;EMBRAPEC COMERCIO E DISTRIBUICAO LTDA;30/07/2014;EPP;206-2;46.45-1-01;4514;27/09/2024;Comércio atacadista de instrumentos e materiais para uso médico, cirúrgico, ortopédico e odontológico;"COMÉRCIO; REPARAÇÃO DE VEÍCULOS AUTOMOTORES E MOTOCICLETAS";G;46;46.4;RJ
EED;20.739.464/0001-21;EMBRAPEC COMERCIO E DISTRIBUICAO LTDA;30/07/2014;EPP;206-2;46.46-0-02;4514;27/09/2024;Comércio atacadista de cosméticos, produtos de perfumaria e de higiene pessoal;"COMÉRCIO; REPARAÇÃO DE VEÍCULOS AUTOMOTORES E MOTOCICLETAS";G;46;46.4;RJ
EED;20.739.464/0001-21;EMBRAPEC COMERCIO E DISTRIBUICAO LTDA;30/07/2014;EPP;206-2;46.49-4-01;4514;27/09/2024;Comércio atacadista de equipamentos e artigos de uso pessoal e doméstico não especificados anteriormente;"COMÉRCIO; REPARAÇÃO DE VEÍCULOS AUTOMOTORES E MOTOCICLETAS";G;46;46.4;RJ
EED;20.739.464/0001-21;EMBRAPEC COMERCIO E DISTRIBUICAO LTDA;30/07/2014;EPP;206-2;46.49-4-04;4514;27/09/2024;Comércio atacadista de equipamentos e artigos de uso pessoal e doméstico não especificados anteriormente;"COMÉRCIO; REPARAÇÃO DE VEÍCULOS AUTOMOTORES E MOTOCICLETAS";G;46;46.4;RJ
EED;20.739.464/0001-21;EMBRAPEC COMERCIO E DISTRIBUICAO LTDA;30/07/2014;EPP;206-2;46.49-4-08;4514;27/09/2024;Comércio atacadista de equipamentos e artigos de uso pessoal e doméstico não especificados anteriormente;"COMÉRCIO; REPARAÇÃO DE VEÍCULOS AUTOMOTORES E MOTOCICLETAS";G;46;46.4;RJ
EED;20.739.464/0001-21;EMBRAPEC COMERCIO E DISTRIBUICAO LTDA;30/07/2014;EPP;206-2;46.49-4-99;4514;27/09/2024;Comércio atacadista de equipamentos e artigos de uso pessoal e doméstico não especificados anteriormente;"COMÉRCIO; REPARAÇÃO DE VEÍCULOS AUTOMOTORES E MOTOCICLETAS";G;46;46.4;RJ
EED;20.739.464/0001-21;EMBRAPEC COMERCIO E DISTRIBUICAO LTDA;30/07/2014;EPP;206-2;46.51-6-01;4514;27/09/2024;Comércio atacadista de computadores, periféricos e suprimentos de informática;"COMÉRCIO; REPARAÇÃO DE VEÍCULOS AUTOMOTORES E MOTOCICLETAS";G;46;46.5;RJ
EED;20.739.464/0001-21;EMBRAPEC COMERCIO E DISTRIBUICAO LTDA;30/07/2014;EPP;206-2;46.79-6-99;4514;27/09/2024;Comércio atacadista especializado de materiais de construção não especificados anteriormente e de materiais de construção em geral;"COMÉRCIO; REPARAÇÃO DE VEÍCULOS AUTOMOTORES E MOTOCICLETAS";G;46;46.7;RJ
EED;20.739.464/0001-21;EMBRAPEC COMERCIO E DISTRIBUICAO LTDA;30/07/2014;EPP;206-2;46.86-9-02;4514;27/09/2024;Comércio atacadista de papel e papelão em bruto e de embalagens;"COMÉRCIO; REPARAÇÃO DE VEÍCULOS AUTOMOTORES E MOTOCICLETAS";G;46;46.8;RJ
EED;20.739.464/0001-21;EMBRAPEC COMERCIO E DISTRIBUICAO LTDA;30/07/2014;EPP;206-2;47.59-8-99;4514;27/09/2024;Comércio varejista de artigos de uso doméstico não especificados anteriormente;"COMÉRCIO; REPARAÇÃO DE VEÍCULOS AUTOMOTORES E MOTOCICLETAS";G;47;47.5;RJ
EED;20.739.464/0001-21;EMBRAPEC COMERCIO E DISTRIBUICAO LTDA;30/07/2014;EPP;206-2;47.61-0-03;4514;27/09/2024;Comércio varejista de livros, jornais, revistas e papelaria;"COMÉRCIO; REPARAÇÃO DE VEÍCULOS AUTOMOTORES E MOTOCICLETAS";G;47;47.6;RJ
EED;20.739.464/0001-21;EMBRAPEC COMERCIO E DISTRIBUICAO LTDA;30/07/2014;EPP;206-2;74.90-1-04;4514;27/09/2024;Atividades profissionais, científicas e técnicas não especificadas anteriormente;ATIVIDADES PROFISSIONAIS, CIENTÍFICAS E TÉCNICAS;M;74;74.9;RJ
EED;20.739.464/0001-21;EMBRAPEC COMERCIO E DISTRIBUICAO LTDA;30/07/2014;EPP;206-2;85.99-6-04;4514;27/09/2024;Atividades de ensino não especificadas anteriormente;EDUCAÇÃO;P;85;85.9;RJ
EED;03.102.874/0001-48;EMITER TECNOLOGIA SA;09/04/1999;DEMAIS;205-4;71.12-0-00;2667;07/08/2020;Serviços de engenharia;ATIVIDADES PROFISSIONAIS, CIENTÍFICAS E TÉCNICAS;M;71;71.1;SP
EED;03.102.874/0001-48;EMITER TECNOLOGIA SA;09/04/1999;DEMAIS;205-4;26.10-8-00 ;2667;07/08/2020;Fabricação de componentes eletrônicos;INDÚSTRIAS DE TRANSFORMAÇÃO;C;26;26.1;SP
EED;03.102.874/0001-48;EMITER TECNOLOGIA SA;09/04/1999;DEMAIS;205-4;26.31-1-00 ;2667;07/08/2020;Fabricação de equipamentos transmissores de comunicação;INDÚSTRIAS DE TRANSFORMAÇÃO;C;26;26.3;SP
EED;03.102.874/0001-48;EMITER TECNOLOGIA SA;09/04/1999;DEMAIS;205-4;26.40-0-00;2667;07/08/2020;Fabricação de aparelhos de recepção, reprodução, gravação e amplificação de áudio e vídeo;INDÚSTRIAS DE TRANSFORMAÇÃO;C;26;26.4;SP
EED;03.102.874/0001-48;EMITER TECNOLOGIA SA;09/04/1999;DEMAIS;205-4;33.21-0-00;2667;07/08/2020;Instalação de máquinas e equipamentos industriais;INDÚSTRIAS DE TRANSFORMAÇÃO;C;33;33.2;SP
EED;03.102.874/0001-48;EMITER TECNOLOGIA SA;09/04/1999;DEMAIS;205-4;43.21-5-00;2667;07/08/2020;Instalações elétricas;CONSTRUÇÃO;F;43;43.2;SP
EED;03.102.874/0001-48;EMITER TECNOLOGIA SA;09/04/1999;DEMAIS;205-4;46.73-7-00;2667;07/08/2020;Comércio atacadista de material elétrico;"COMÉRCIO; REPARAÇÃO DE VEÍCULOS AUTOMOTORES E MOTOCICLETAS";G;46;46.7;SP
EED;03.102.874/0001-48;EMITER TECNOLOGIA SA;09/04/1999;DEMAIS;205-4;61.90-6-99;2667;07/08/2020;Outras atividades de telecomunicações;INFORMAÇÃO E COMUNICAÇÃO;J;61;61.9;SP
EED;03.102.874/0001-48;EMITER TECNOLOGIA SA;09/04/1999;DEMAIS;205-4;62.01-5-01;2667;07/08/2020;Desenvolvimento de programas de computador sob encomenda;INFORMAÇÃO E COMUNICAÇÃO;J;62;62.0;SP
EED;03.102.874/0001-48;EMITER TECNOLOGIA SA;09/04/1999;DEMAIS;205-4;62.02-3-00;2667;07/08/2020;Desenvolvimento e licenciamento de programas de computador customizáveis;INFORMAÇÃO E COMUNICAÇÃO;J;62;62.0;SP
EED;03.102.874/0001-48;EMITER TECNOLOGIA SA;09/04/1999;DEMAIS;205-4;62.04-0-00;2667;07/08/2020;Consultoria em tecnologia da informação;INFORMAÇÃO E COMUNICAÇÃO;J;62;62.0;SP
EED;03.102.874/0001-48;EMITER TECNOLOGIA SA;09/04/1999;DEMAIS;205-4;62.09-1-00;2667;07/08/2020;Suporte técnico, manutenção e outros serviços em tecnologia da informação;INFORMAÇÃO E COMUNICAÇÃO;J;62;62.0;SP
EED;03.102.874/0001-48;EMITER TECNOLOGIA SA;09/04/1999;DEMAIS;205-4;63.99-2-00;2667;07/08/2020;Outras atividades de prestação de serviços de informação não especificadas anteriormente;INFORMAÇÃO E COMUNICAÇÃO;J;63;63.9;SP
EED;03.102.874/0001-48;EMITER TECNOLOGIA SA;09/04/1999;DEMAIS;205-4;84.22-1-00;2667;07/08/2020;Defesa;ADMINISTRAÇÃO PÚBLICA, DEFESA E SEGURIDADE SOCIAL;O;84;84.2;SP
EED;07.607.851/0001-46;EMPRESA BRASILEIRA DE HEMODERIVADOS E BIOTECNOLOGIA MATRIZ;25/05/2005;DEMAIS;201-1;21.10-6-00;5891;15/12/2022;Fabricação de produtos farmoquímicos;INDÚSTRIAS DE TRANSFORMAÇÃO;C;21;21.1;DF
EED;42.362.160/0002-01;EMPRESA BRASILEIRA DE REPAROS NAVAIS S A RENAVE;15/03/1977;DEMAIS;205-4 ;30.11-3-01;2340;06/05/2024;Construção de embarcações e estruturas flutuantes;INDÚSTRIAS DE TRANSFORMAÇÃO;C;30;30.1;RJ
EED;42.362.160/0002-01;EMPRESA BRASILEIRA DE REPAROS NAVAIS S A RENAVE;15/03/1977;DEMAIS;205-4 ;33.17-1-01;2340;06/05/2024;Manutenção e reparação de embarcações;INDÚSTRIAS DE TRANSFORMAÇÃO;C;33;33.1;RJ
EED;42.362.160/0002-01;EMPRESA BRASILEIRA DE REPAROS NAVAIS S A RENAVE;15/03/1977;DEMAIS;205-4 ;50.30-1-02;2340;06/05/2024;Navegação de apoio;TRANSPORTE, ARMAZENAGEM E CORREIO;H;50;50.3;RJ
EED;42.362.160/0002-01;EMPRESA BRASILEIRA DE REPAROS NAVAIS S A RENAVE;15/03/1977;DEMAIS;205-4 ;52.11-7-01;2340;06/05/2024;Armazenamento;TRANSPORTE, ARMAZENAGEM E CORREIO;H;52;52.1;RJ
EED;42.362.160/0002-01;EMPRESA BRASILEIRA DE REPAROS NAVAIS S A RENAVE;15/03/1977;DEMAIS;205-4 ;52.12-5-00;2340;06/05/2024;Carga e descarga;TRANSPORTE, ARMAZENAGEM E CORREIO;H;52;52.1;RJ
EED;42.362.160/0002-01;EMPRESA BRASILEIRA DE REPAROS NAVAIS S A RENAVE;15/03/1977;DEMAIS;205-4 ;52.31-1-02;2340;06/05/2024;Gestão de portos e terminais;TRANSPORTE, ARMAZENAGEM E CORREIO;H;52;52.3;RJ
EED;42.362.160/0002-01;EMPRESA BRASILEIRA DE REPAROS NAVAIS S A RENAVE;15/03/1977;DEMAIS;205-4 ;52.39-7-99;2340;06/05/2024;Atividades auxiliares dos transportes aquaviários não especificadas anteriormente;TRANSPORTE, ARMAZENAGEM E CORREIO;H;52;52.3;RJ
EED;42.362.160/0002-01;EMPRESA BRASILEIRA DE REPAROS NAVAIS S A RENAVE;15/03/1977;DEMAIS;205-4 ;82.99-7-99;2340;06/05/2024;Atividades de serviços prestados principalmente às empresas não especificadas anteriormente;ATIVIDADES ADMINISTRATIVAS E SERVIÇOS COMPLEMENTARES;N;82;82.9;RJ
EED;27.816.487/0001-31;EMPRESA GERENCIAL DE PROJETOS NAVAIS;06/08/1982;DEMAIS;201-1;84.11-6-00;1346;28/05/2014;Administração pública em geral;ADMINISTRAÇÃO PÚBLICA, DEFESA E SEGURIDADE SOCIAL;O;84;84.1;RJ
EED;10.271.753/0001-95;ENGELETRICA SUL ENGENHARIA ELETRICA LTDA;04/08/2008;EPP;206-2;71.12-0-00;2340;06/05/2024;Serviços de engenharia;ATIVIDADES PROFISSIONAIS, CIENTÍFICAS E TÉCNICAS;M;71;71.1;RS
EED;10.271.753/0001-95;ENGELETRICA SUL ENGENHARIA ELETRICA LTDA;04/08/2008;EPP;206-2;42.99-5-99 ;2340;06/05/2024;Obras de engenharia civil não especificadas anteriormente;CONSTRUÇÃO;F;42;42.9;RS
EED;10.271.753/0001-95;ENGELETRICA SUL ENGENHARIA ELETRICA LTDA;04/08/2008;EPP;206-2;43.21-5-00;2340;06/05/2024;Instalações elétricas;CONSTRUÇÃO;F;43;43.2;RS
EED;10.271.753/0001-95;ENGELETRICA SUL ENGENHARIA ELETRICA LTDA;04/08/2008;EPP;206-2;47.42-3-00;2340;06/05/2024;Comércio varejista de material elétrico;"COMÉRCIO; REPARAÇÃO DE VEÍCULOS AUTOMOTORES E MOTOCICLETAS";G;47;47.4;RS
EED;10.271.753/0001-95;ENGELETRICA SUL ENGENHARIA ELETRICA LTDA;04/08/2008;EPP;206-2;47.44-0-99;2340;06/05/2024;Comércio varejista de ferragens, madeira e materiais de construção;"COMÉRCIO; REPARAÇÃO DE VEÍCULOS AUTOMOTORES E MOTOCICLETAS";G;47;47.4;RS
EED;10.271.753/0001-95;ENGELETRICA SUL ENGENHARIA ELETRICA LTDA;04/08/2008;EPP;206-2;47.52-1-00;2340;06/05/2024;Comércio varejista especializado de equipamentos de telefonia e comunicação;"COMÉRCIO; REPARAÇÃO DE VEÍCULOS AUTOMOTORES E MOTOCICLETAS";G;47;47.5;RS
EED;10.271.753/0001-95;ENGELETRICA SUL ENGENHARIA ELETRICA LTDA;04/08/2008;EPP;206-2;47.54-7-03;2340;06/05/2024;Comércio varejista especializado de móveis, colchoaria e artigos de iluminação;"COMÉRCIO; REPARAÇÃO DE VEÍCULOS AUTOMOTORES E MOTOCICLETAS";G;47;47.5;RS
EED;10.271.753/0001-95;ENGELETRICA SUL ENGENHARIA ELETRICA LTDA;04/08/2008;EPP;206-2;71.19-7-03;2340;06/05/2024;Atividades técnicas relacionadas à arquitetura e engenharia;ATIVIDADES PROFISSIONAIS, CIENTÍFICAS E TÉCNICAS;M;71;71.1;RS
EED;10.271.753/0001-95;ENGELETRICA SUL ENGENHARIA ELETRICA LTDA;04/08/2008;EPP;206-2;71.19-7-99;2340;06/05/2024;Atividades técnicas relacionadas à arquitetura e engenharia;ATIVIDADES PROFISSIONAIS, CIENTÍFICAS E TÉCNICAS;M;71;71.1;RS
EED;01.020.691/0003-10;ENGEMAP ENGENHARIA E AEROLEVANTAMENTO LTDA;10/09/2010;DEMAIS;206-2;71.19-7-01 ;3436;19/09/2017;Atividades técnicas relacionadas à arquitetura e engenharia;ATIVIDADES PROFISSIONAIS, CIENTÍFICAS E TÉCNICAS;M;71;71.1;SP
EED;01.020.691/0003-10;ENGEMAP ENGENHARIA E AEROLEVANTAMENTO LTDA;10/09/2010;DEMAIS;206-2;18.30-0-03;3436;19/09/2017;Reprodução de materiais gravados em qualquer suporte;INDÚSTRIAS DE TRANSFORMAÇÃO;C;18;18.3;SP
EED;01.020.691/0003-10;ENGEMAP ENGENHARIA E AEROLEVANTAMENTO LTDA;10/09/2010;DEMAIS;206-2;41.20-4-00;3436;19/09/2017;Construção de edifícios;CONSTRUÇÃO;F;41;41.2;SP
EED;01.020.691/0003-10;ENGEMAP ENGENHARIA E AEROLEVANTAMENTO LTDA;10/09/2010;DEMAIS;206-2;42.11-1-01;3436;19/09/2017;Construção de rodovias e ferrovias;CONSTRUÇÃO;F;42;42.1;SP
EED;01.020.691/0003-10;ENGEMAP ENGENHARIA E AEROLEVANTAMENTO LTDA;10/09/2010;DEMAIS;206-2;42.11-1-02;3436;19/09/2017;Construção de rodovias e ferrovias;CONSTRUÇÃO;F;42;42.1;SP
EED;01.020.691/0003-10;ENGEMAP ENGENHARIA E AEROLEVANTAMENTO LTDA;10/09/2010;DEMAIS;206-2;42.12-0-00;3436;19/09/2017;Construção de obras-de-arte especiais;CONSTRUÇÃO;F;42;42.1;SP
EED;01.020.691/0003-10;ENGEMAP ENGENHARIA E AEROLEVANTAMENTO LTDA;10/09/2010;DEMAIS;206-2;42.13-8-00;3436;19/09/2017;Obras de urbanização - ruas, praças e calçadas;CONSTRUÇÃO;F;42;42.1;SP
EED;01.020.691/0003-10;ENGEMAP ENGENHARIA E AEROLEVANTAMENTO LTDA;10/09/2010;DEMAIS;206-2;42.21-9-01;3436;19/09/2017;Obras para geração e distribuição de energia elétrica e para telecomunicações;CONSTRUÇÃO;F;42;42.2;SP
EED;01.020.691/0003-10;ENGEMAP ENGENHARIA E AEROLEVANTAMENTO LTDA;10/09/2010;DEMAIS;206-2;42.21-9-02;3436;19/09/2017;Obras para geração e distribuição de energia elétrica e para telecomunicações;CONSTRUÇÃO;F;42;42.2;SP
EED;01.020.691/0003-10;ENGEMAP ENGENHARIA E AEROLEVANTAMENTO LTDA;10/09/2010;DEMAIS;206-2;42.21-9-03;3436;19/09/2017;Obras para geração e distribuição de energia elétrica e para telecomunicações;CONSTRUÇÃO;F;42;42.2;SP
EED;01.020.691/0003-10;ENGEMAP ENGENHARIA E AEROLEVANTAMENTO LTDA;10/09/2010;DEMAIS;206-2;42.21-9-04;3436;19/09/2017;Obras para geração e distribuição de energia elétrica e para telecomunicações;CONSTRUÇÃO;F;42;42.2;SP
EED;01.020.691/0003-10;ENGEMAP ENGENHARIA E AEROLEVANTAMENTO LTDA;10/09/2010;DEMAIS;206-2;42.21-9-05;3436;19/09/2017;Obras para geração e distribuição de energia elétrica e para telecomunicações;CONSTRUÇÃO;F;42;42.2;SP
EED;01.020.691/0003-10;ENGEMAP ENGENHARIA E AEROLEVANTAMENTO LTDA;10/09/2010;DEMAIS;206-2;42.22-7-01;3436;19/09/2017;Construção de redes de abastecimento de água, coleta de esgoto e construções correlatas;CONSTRUÇÃO;F;42;42.2;SP
EED;01.020.691/0003-10;ENGEMAP ENGENHARIA E AEROLEVANTAMENTO LTDA;10/09/2010;DEMAIS;206-2;42.22-7-02;3436;19/09/2017;Construção de redes de abastecimento de água, coleta de esgoto e construções correlatas;CONSTRUÇÃO;F;42;42.2;SP
EED;01.020.691/0003-10;ENGEMAP ENGENHARIA E AEROLEVANTAMENTO LTDA;10/09/2010;DEMAIS;206-2;42.23-5-00;3436;19/09/2017;Construção de redes de transportes por dutos, exceto para água e esgoto;CONSTRUÇÃO;F;42;42.2;SP
EED;01.020.691/0003-10;ENGEMAP ENGENHARIA E AEROLEVANTAMENTO LTDA;10/09/2010;DEMAIS;206-2;42.91-0-00;3436;19/09/2017;Obras portuárias, marítimas e fluviais;CONSTRUÇÃO;F;42;42.9;SP
EED;01.020.691/0003-10;ENGEMAP ENGENHARIA E AEROLEVANTAMENTO LTDA;10/09/2010;DEMAIS;206-2;42.92-8-01;3436;19/09/2017;Montagem de instalações industriais e de estruturas metálicas;CONSTRUÇÃO;F;42;42.9;SP
EED;01.020.691/0003-10;ENGEMAP ENGENHARIA E AEROLEVANTAMENTO LTDA;10/09/2010;DEMAIS;206-2;42.92-8-02 ;3436;19/09/2017;Montagem de instalações industriais e de estruturas metálicas;CONSTRUÇÃO;F;42;42.9;SP
EED;01.020.691/0003-10;ENGEMAP ENGENHARIA E AEROLEVANTAMENTO LTDA;10/09/2010;DEMAIS;206-2;42.99-5-01;3436;19/09/2017;Obras de engenharia civil não especificadas anteriormente;CONSTRUÇÃO;F;42;42.9;SP
EED;01.020.691/0003-10;ENGEMAP ENGENHARIA E AEROLEVANTAMENTO LTDA;10/09/2010;DEMAIS;206-2;42.99-5-99;3436;19/09/2017;Obras de engenharia civil não especificadas anteriormente;CONSTRUÇÃO;F;42;42.9;SP
EED;01.020.691/0003-10;ENGEMAP ENGENHARIA E AEROLEVANTAMENTO LTDA;10/09/2010;DEMAIS;206-2;43.99-1-01;3436;19/09/2017;Serviços especializados para construção não especificados anteriormente;CONSTRUÇÃO;F;43;43.9;SP
EED;01.020.691/0003-10;ENGEMAP ENGENHARIA E AEROLEVANTAMENTO LTDA;10/09/2010;DEMAIS;206-2;47.51-2-01;3436;19/09/2017;Comércio varejista especializado de equipamentos e suprimentos de informática;"COMÉRCIO; REPARAÇÃO DE VEÍCULOS AUTOMOTORES E MOTOCICLETAS";G;47;47.5;SP
EED;01.020.691/0003-10;ENGEMAP ENGENHARIA E AEROLEVANTAMENTO LTDA;10/09/2010;DEMAIS;206-2;47.52-1-00;3436;19/09/2017;Comércio varejista especializado de equipamentos de telefonia e comunicação;"COMÉRCIO; REPARAÇÃO DE VEÍCULOS AUTOMOTORES E MOTOCICLETAS";G;47;47.5;SP
EED;01.020.691/0003-10;ENGEMAP ENGENHARIA E AEROLEVANTAMENTO LTDA;10/09/2010;DEMAIS;206-2;47.53-9-00;3436;19/09/2017;Comércio varejista especializado de eletrodomésticos e equipamentos de áudio e vídeo;"COMÉRCIO; REPARAÇÃO DE VEÍCULOS AUTOMOTORES E MOTOCICLETAS";G;47;47.5;SP
EED;01.020.691/0003-10;ENGEMAP ENGENHARIA E AEROLEVANTAMENTO LTDA;10/09/2010;DEMAIS;206-2;47.89-0-08;3436;19/09/2017;Comércio varejista de outros produtos novos não especificados anteriormente;"COMÉRCIO; REPARAÇÃO DE VEÍCULOS AUTOMOTORES E MOTOCICLETAS";G;47;47.8;SP
EED;01.020.691/0003-10;ENGEMAP ENGENHARIA E AEROLEVANTAMENTO LTDA;10/09/2010;DEMAIS;206-2;58.11-5-00;3436;19/09/2017;Edição de livros;INFORMAÇÃO E COMUNICAÇÃO;J;58;58.1;SP
EED;01.020.691/0003-10;ENGEMAP ENGENHARIA E AEROLEVANTAMENTO LTDA;10/09/2010;DEMAIS;206-2;61.90-6-01;3436;19/09/2017;Outras atividades de telecomunicações;INFORMAÇÃO E COMUNICAÇÃO;J;61;61.9;SP
EED;01.020.691/0003-10;ENGEMAP ENGENHARIA E AEROLEVANTAMENTO LTDA;10/09/2010;DEMAIS;206-2;62.01-5-01;3436;19/09/2017;Desenvolvimento de programas de computador sob encomenda;INFORMAÇÃO E COMUNICAÇÃO;J;62;62.0;SP
EED;01.020.691/0003-10;ENGEMAP ENGENHARIA E AEROLEVANTAMENTO LTDA;10/09/2010;DEMAIS;206-2;62.02-3-00;3436;19/09/2017;Desenvolvimento e licenciamento de programas de computador customizáveis;INFORMAÇÃO E COMUNICAÇÃO;J;62;62.0;SP
EED;01.020.691/0003-10;ENGEMAP ENGENHARIA E AEROLEVANTAMENTO LTDA;10/09/2010;DEMAIS;206-2;62.04-0-00;3436;19/09/2017;Consultoria em tecnologia da informação;INFORMAÇÃO E COMUNICAÇÃO;J;62;62.0;SP
EED;01.020.691/0003-10;ENGEMAP ENGENHARIA E AEROLEVANTAMENTO LTDA;10/09/2010;DEMAIS;206-2;62.09-1-00;3436;19/09/2017;Suporte técnico, manutenção e outros serviços em tecnologia da informação;INFORMAÇÃO E COMUNICAÇÃO;J;62;62.0;SP
EED;01.020.691/0003-10;ENGEMAP ENGENHARIA E AEROLEVANTAMENTO LTDA;10/09/2010;DEMAIS;206-2;63.11-9-00;3436;19/09/2017;Tratamento de dados, provedores de serviços de aplicação e serviços de hospedagem na internet;INFORMAÇÃO E COMUNICAÇÃO;J;63;63.1;SP
EED;01.020.691/0003-10;ENGEMAP ENGENHARIA E AEROLEVANTAMENTO LTDA;10/09/2010;DEMAIS;206-2;71.12-0-00;3436;19/09/2017;Serviços de engenharia;ATIVIDADES PROFISSIONAIS, CIENTÍFICAS E TÉCNICAS;M;71;71.1;SP
EED;01.020.691/0003-10;ENGEMAP ENGENHARIA E AEROLEVANTAMENTO LTDA;10/09/2010;DEMAIS;206-2;71.19-7-02;3436;19/09/2017;Atividades técnicas relacionadas à arquitetura e engenharia;ATIVIDADES PROFISSIONAIS, CIENTÍFICAS E TÉCNICAS;M;71;71.1;SP
EED;01.020.691/0003-10;ENGEMAP ENGENHARIA E AEROLEVANTAMENTO LTDA;10/09/2010;DEMAIS;206-2;71.19-7-03;3436;19/09/2017;Atividades técnicas relacionadas à arquitetura e engenharia;ATIVIDADES PROFISSIONAIS, CIENTÍFICAS E TÉCNICAS;M;71;71.1;SP
EED;01.020.691/0003-10;ENGEMAP ENGENHARIA E AEROLEVANTAMENTO LTDA;10/09/2010;DEMAIS;206-2;71.19-7-99;3436;19/09/2017;Atividades técnicas relacionadas à arquitetura e engenharia;ATIVIDADES PROFISSIONAIS, CIENTÍFICAS E TÉCNICAS;M;71;71.1;SP
EED;01.020.691/0003-10;ENGEMAP ENGENHARIA E AEROLEVANTAMENTO LTDA;10/09/2010;DEMAIS;206-2;74.20-0-02;3436;19/09/2017;Atividades fotográficas e similares;ATIVIDADES PROFISSIONAIS, CIENTÍFICAS E TÉCNICAS;M;74;74.2;SP
EED;01.020.691/0003-10;ENGEMAP ENGENHARIA E AEROLEVANTAMENTO LTDA;10/09/2010;DEMAIS;206-2;82.99-7-99;3436;19/09/2017;Atividades de serviços prestados principalmente às empresas não especificadas anteriormente;ATIVIDADES ADMINISTRATIVAS E SERVIÇOS COMPLEMENTARES;N;82;82.9;SP
EED;75.263.921/0001-46;EPA TRAINING CENTER ESCOLA PARANAESE DE AVIACAO SA ;02/01/1986;DEMAIS;205-4;85.99-6-02;707;13/06/2016;Atividades de ensino não especificadas anteriormente;EDUCAÇÃO;P;85;85.9;PR
EED;75.263.921/0001-46;EPA TRAINING CENTER ESCOLA PARANAESE DE AVIACAO SA ;02/01/1986;DEMAIS;205-4;33.13-9-99;707;13/06/2016;Manutenção e reparação de máquinas e equipamentos elétricos;INDÚSTRIAS DE TRANSFORMAÇÃO;C;33;33.1;PR
EED;75.263.921/0001-46;EPA TRAINING CENTER ESCOLA PARANAESE DE AVIACAO SA ;02/01/1986;DEMAIS;205-4;47.61-0-01;707;13/06/2016;Comércio varejista de livros, jornais, revistas e papelaria;"COMÉRCIO; REPARAÇÃO DE VEÍCULOS AUTOMOTORES E MOTOCICLETAS";G;47;47.6;PR
EED;75.263.921/0001-46;EPA TRAINING CENTER ESCOLA PARANAESE DE AVIACAO SA ;02/01/1986;DEMAIS;205-4;47.81-4-00;707;13/06/2016;Comércio varejista de artigos do vestuário e acessórios;"COMÉRCIO; REPARAÇÃO DE VEÍCULOS AUTOMOTORES E MOTOCICLETAS";G;47;47.8;PR
EED;75.263.921/0001-46;EPA TRAINING CENTER ESCOLA PARANAESE DE AVIACAO SA ;02/01/1986;DEMAIS;205-4;47.89-0-01;707;13/06/2016;Comércio varejista de outros produtos novos não especificados anteriormente;"COMÉRCIO; REPARAÇÃO DE VEÍCULOS AUTOMOTORES E MOTOCICLETAS";G;47;47.8;PR
EED;75.263.921/0001-46;EPA TRAINING CENTER ESCOLA PARANAESE DE AVIACAO SA ;02/01/1986;DEMAIS;205-4;52.40-1-99;707;13/06/2016;Atividades auxiliares dos transportes aéreos;TRANSPORTE, ARMAZENAGEM E CORREIO;H;52;52.4;PR
EED;75.263.921/0001-46;EPA TRAINING CENTER ESCOLA PARANAESE DE AVIACAO SA ;02/01/1986;DEMAIS;205-4;77.39-0-99;707;13/06/2016;Aluguel de máquinas e equipamentos não especificados anteriormente;ATIVIDADES ADMINISTRATIVAS E SERVIÇOS COMPLEMENTARES;N;77;77.3;PR
EED;75.263.921/0001-46;EPA TRAINING CENTER ESCOLA PARANAESE DE AVIACAO SA ;02/01/1986;DEMAIS;205-4;85.93-7-00;707;13/06/2016;Ensino de idiomas;EDUCAÇÃO;P;85;85.9;PR
EED;75.263.921/0001-46;EPA TRAINING CENTER ESCOLA PARANAESE DE AVIACAO SA ;02/01/1986;DEMAIS;205-4;85.99-6-04;707;13/06/2016;Atividades de ensino não especificadas anteriormente;EDUCAÇÃO;P;85;85.9;PR
EED;55.366.991/0001-12;EQUIPAER INDUSTRIA AERONAUTICA LTDA;21/01/1986;DEMAIS;206-2;28.29-1-99;1346;28/05/2014;Fabricação de máquinas e equipamentos de uso geral não especificados anteriormente;INDÚSTRIAS DE TRANSFORMAÇÃO;C;28;28.2;SP
EED;55.366.991/0001-12;EQUIPAER INDUSTRIA AERONAUTICA LTDA;21/01/1986;DEMAIS;206-2;25.50-1-01;1346;28/05/2014;Fabricação de equipamento bélico pesado, armas de fogo e munições;INDÚSTRIAS DE TRANSFORMAÇÃO;C;25;25.5;SP
EED;55.366.991/0001-12;EQUIPAER INDUSTRIA AERONAUTICA LTDA;21/01/1986;DEMAIS;206-2;25.99-3-99;1346;28/05/2014;Fabricação de produtos de metal não especificados anteriormente;INDÚSTRIAS DE TRANSFORMAÇÃO;C;25;25.9;SP
EED;55.366.991/0001-12;EQUIPAER INDUSTRIA AERONAUTICA LTDA;21/01/1986;DEMAIS;206-2;30.41-5-00;1346;28/05/2014;Fabricação de aeronaves;INDÚSTRIAS DE TRANSFORMAÇÃO;C;30;30.4;SP
EED;55.366.991/0001-12;EQUIPAER INDUSTRIA AERONAUTICA LTDA;21/01/1986;DEMAIS;206-2;30.42-3-00;1346;28/05/2014;Fabricação de turbinas, motores e outros componentes e peças para aeronaves;INDÚSTRIAS DE TRANSFORMAÇÃO;C;30;30.4;SP
EED;53.630.901/0001-23;EQUITRON AUTOMACAO ELETRONICO MECANICA LTDA;18/07/1984;DEMAIS;206-2;26.51-5-00;4787;26/09/2023;Fabricação de aparelhos e equipamentos de medida, teste e controle;INDÚSTRIAS DE TRANSFORMAÇÃO;C;26;26.5;SP
EED;53.630.901/0001-23;EQUITRON AUTOMACAO ELETRONICO MECANICA LTDA;18/07/1984;DEMAIS;206-2;33.11-2-00 ;4787;26/09/2023;Manutenção e reparação de tanques, reservatórios metálicos e caldeiras, exceto para veículos;INDÚSTRIAS DE TRANSFORMAÇÃO;C;33;33.1;SP
EED;53.630.901/0001-23;EQUITRON AUTOMACAO ELETRONICO MECANICA LTDA;18/07/1984;DEMAIS;206-2;33.12-1-02;4787;26/09/2023;Manutenção e reparação de equipamentos eletrônicos e ópticos;INDÚSTRIAS DE TRANSFORMAÇÃO;C;33;33.1;SP
EED;53.630.901/0001-23;EQUITRON AUTOMACAO ELETRONICO MECANICA LTDA;18/07/1984;DEMAIS;206-2;30.50-4-00;4787;26/09/2023;Fabricação de veículos militares de combate;INDÚSTRIAS DE TRANSFORMAÇÃO;C;30;30.5;SP
EED;53.630.901/0001-23;EQUITRON AUTOMACAO ELETRONICO MECANICA LTDA;18/07/1984;DEMAIS;206-2;33.21-0-00;4787;26/09/2023;Instalação de máquinas e equipamentos industriais;INDÚSTRIAS DE TRANSFORMAÇÃO;C;33;33.2;SP
EED;04.044.223/0001-01;ERIX TEXTIL E EQUIPAMENTOS LTDA;12/09/2000;EPP;206-2;47.81-4-00;5576;12/12/2024;Comércio varejista de artigos do vestuário e acessórios;"COMÉRCIO; REPARAÇÃO DE VEÍCULOS AUTOMOTORES E MOTOCICLETAS";G;47;47.8;PR
EED;04.044.223/0001-01;ERIX TEXTIL E EQUIPAMENTOS LTDA;12/09/2000;EPP;206-2;14.12-6-02;5576;12/12/2024;Confecção de peças do vestuário, exceto roupas íntimas;INDÚSTRIAS DE TRANSFORMAÇÃO;C;14;14.1;PR
EED;04.044.223/0001-01;ERIX TEXTIL E EQUIPAMENTOS LTDA;12/09/2000;EPP;206-2;14.13-4-01;5576;12/12/2024;Confecção de roupas profissionais;INDÚSTRIAS DE TRANSFORMAÇÃO;C;14;14.1;PR
EED;04.044.223/0001-01;ERIX TEXTIL E EQUIPAMENTOS LTDA;12/09/2000;EPP;206-2;33.17-1-01;5576;12/12/2024;Manutenção e reparação de embarcações;INDÚSTRIAS DE TRANSFORMAÇÃO;C;33;33.1;PR
EED;04.044.223/0001-01;ERIX TEXTIL E EQUIPAMENTOS LTDA;12/09/2000;EPP;206-2;33.19-8-00;5576;12/12/2024;Manutenção e reparação de equipamentos e produtos não especificados anteriormente;INDÚSTRIAS DE TRANSFORMAÇÃO;C;33;33.1;PR
EED;04.044.223/0001-01;ERIX TEXTIL E EQUIPAMENTOS LTDA;12/09/2000;EPP;206-2;47.61-0-01;5576;12/12/2024;Comércio varejista de livros, jornais, revistas e papelaria;"COMÉRCIO; REPARAÇÃO DE VEÍCULOS AUTOMOTORES E MOTOCICLETAS";G;47;47.6;PR
EED;04.044.223/0001-01;ERIX TEXTIL E EQUIPAMENTOS LTDA;12/09/2000;EPP;206-2;46.43-5-01;5576;12/12/2024;Comércio atacadista de calçados e artigos de viagem;"COMÉRCIO; REPARAÇÃO DE VEÍCULOS AUTOMOTORES E MOTOCICLETAS";G;46;46.4;PR
EED;04.044.223/0001-01;ERIX TEXTIL E EQUIPAMENTOS LTDA;12/09/2000;EPP;206-2;46.41-9-01;5576;12/12/2024;Comércio atacadista de tecidos, artefatos de tecidos e de armarinho;"COMÉRCIO; REPARAÇÃO DE VEÍCULOS AUTOMOTORES E MOTOCICLETAS";G;46;46.4;PR
EED;04.044.223/0001-01;ERIX TEXTIL E EQUIPAMENTOS LTDA;12/09/2000;EPP;206-2;47.63-6-02;5576;12/12/2024;Comércio varejista de artigos recreativos e esportivos;"COMÉRCIO; REPARAÇÃO DE VEÍCULOS AUTOMOTORES E MOTOCICLETAS";G;47;47.6;PR
EED;04.044.223/0001-01;ERIX TEXTIL E EQUIPAMENTOS LTDA;12/09/2000;EPP;206-2;46.42-7-02;5576;12/12/2024;Comércio atacadista de artigos do vestuário e acessórios;"COMÉRCIO; REPARAÇÃO DE VEÍCULOS AUTOMOTORES E MOTOCICLETAS";G;46;46.4;PR
EED;04.044.223/0001-01;ERIX TEXTIL E EQUIPAMENTOS LTDA;12/09/2000;EPP;206-2;46.41-9-02;5576;12/12/2024;Comércio atacadista de tecidos, artefatos de tecidos e de armarinho;"COMÉRCIO; REPARAÇÃO DE VEÍCULOS AUTOMOTORES E MOTOCICLETAS";G;46;46.4;PR
EED;04.044.223/0001-01;ERIX TEXTIL E EQUIPAMENTOS LTDA;12/09/2000;EPP;206-2;47.61-0-03;5576;12/12/2024;Comércio varejista de livros, jornais, revistas e papelaria;"COMÉRCIO; REPARAÇÃO DE VEÍCULOS AUTOMOTORES E MOTOCICLETAS";G;47;47.6;PR
EED;04.044.223/0001-01;ERIX TEXTIL E EQUIPAMENTOS LTDA;12/09/2000;EPP;206-2;45.11-1-05;5576;12/12/2024;Comércio a varejo e por atacado de veículos automotores;"COMÉRCIO; REPARAÇÃO DE VEÍCULOS AUTOMOTORES E MOTOCICLETAS";G;45;45.1;PR
EED;04.044.223/0001-01;ERIX TEXTIL E EQUIPAMENTOS LTDA;12/09/2000;EPP;206-2;47.63-6-05;5576;12/12/2024;Comércio varejista de artigos recreativos e esportivos;"COMÉRCIO; REPARAÇÃO DE VEÍCULOS AUTOMOTORES E MOTOCICLETAS";G;47;47.6;PR
EED;04.044.223/0001-01;ERIX TEXTIL E EQUIPAMENTOS LTDA;12/09/2000;EPP;206-2;82.19-9-01;5576;12/12/2024;Fotocópias, preparação de documentos e outros serviços especializados de apoio administrativo;ATIVIDADES ADMINISTRATIVAS E SERVIÇOS COMPLEMENTARES;N;82;82.1;PR
EED;03.178.348/0001-61;ESTALEIRO SCHAEFER YACHTS S/A;25/05/1999;DEMAIS;205-4;30.12-1-00;6133;18/12/2023;Construção de embarcações para esporte e lazer;INDÚSTRIAS DE TRANSFORMAÇÃO;C;30;30.1;SC
EED;03.178.348/0001-61;ESTALEIRO SCHAEFER YACHTS S/A;25/05/1999;DEMAIS;205-4;33.17-1-01;6133;18/12/2023;Manutenção e reparação de embarcações;INDÚSTRIAS DE TRANSFORMAÇÃO;C;33;33.1;SC
EED;03.178.348/0001-61;ESTALEIRO SCHAEFER YACHTS S/A;25/05/1999;DEMAIS;205-4;33.17-1-02;6133;18/12/2023;Manutenção e reparação de embarcações;INDÚSTRIAS DE TRANSFORMAÇÃO;C;33;33.1;SC
EED;03.178.348/0001-61;ESTALEIRO SCHAEFER YACHTS S/A;25/05/1999;DEMAIS;205-4;46.69-9-99;6133;18/12/2023;"Comércio atacadista de máquinas, aparelhos e equipamentos não especificados anteriormente; partes e peças";"COMÉRCIO; REPARAÇÃO DE VEÍCULOS AUTOMOTORES E MOTOCICLETAS";G;46;46.6;SC
EED;03.178.348/0001-61;ESTALEIRO SCHAEFER YACHTS S/A;25/05/1999;DEMAIS;205-4;46.89-3-99;6133;18/12/2023;Comércio atacadista especializado de outros produtos intermediários não especificados anteriormente;"COMÉRCIO; REPARAÇÃO DE VEÍCULOS AUTOMOTORES E MOTOCICLETAS";G;46;46.8;SC
EED;03.178.348/0001-61;ESTALEIRO SCHAEFER YACHTS S/A;25/05/1999;DEMAIS;205-4;47.63-6-05;6133;18/12/2023;Comércio varejista de artigos recreativos e esportivos;"COMÉRCIO; REPARAÇÃO DE VEÍCULOS AUTOMOTORES E MOTOCICLETAS";G;47;47.6;SC
EED;03.178.348/0001-61;ESTALEIRO SCHAEFER YACHTS S/A;25/05/1999;DEMAIS;205-4;71.19-7-99;6133;18/12/2023;Atividades técnicas relacionadas à arquitetura e engenharia;ATIVIDADES PROFISSIONAIS, CIENTÍFICAS E TÉCNICAS;M;71;71.1;SC
EED;03.178.348/0001-61;ESTALEIRO SCHAEFER YACHTS S/A;25/05/1999;DEMAIS;205-4;77.21-7-00;6133;18/12/2023;Aluguel de equipamentos recreativos e esportivos;ATIVIDADES ADMINISTRATIVAS E SERVIÇOS COMPLEMENTARES;N;77;77.2;SC
EED;03.178.348/0001-61;ESTALEIRO SCHAEFER YACHTS S/A;25/05/1999;DEMAIS;205-4;82.19-9-99;6133;18/12/2023;Fotocópias, preparação de documentos e outros serviços especializados de apoio administrativo;ATIVIDADES ADMINISTRATIVAS E SERVIÇOS COMPLEMENTARES;N;82;82.1;SC
EED;03.178.348/0001-61;ESTALEIRO SCHAEFER YACHTS S/A;25/05/1999;DEMAIS;205-4;93.29-8-99;6133;18/12/2023;Atividades de recreação e lazer não especificadas anteriormente;ARTES, CULTURA, ESPORTE E RECREAÇÃO;R;93;93.2;SC
EED;26.690.798/0001-34;ETECNET TECNOLOGIA LTDA;09/12/2016;ME;206-2;26.21-3-00;2340;06/05/2024;Fabricação de equipamentos de informática;INDÚSTRIAS DE TRANSFORMAÇÃO;C;26;26.2;DF
EED;26.690.798/0001-34;ETECNET TECNOLOGIA LTDA;09/12/2016;ME;206-2;26.22-1-00;2340;06/05/2024;Fabricação de periféricos para equipamentos de informática;INDÚSTRIAS DE TRANSFORMAÇÃO;C;26;26.2;DF
EED;26.690.798/0001-34;ETECNET TECNOLOGIA LTDA;09/12/2016;ME;206-2;46.51-6-01;2340;06/05/2024;Comércio atacadista de computadores, periféricos e suprimentos de informática;"COMÉRCIO; REPARAÇÃO DE VEÍCULOS AUTOMOTORES E MOTOCICLETAS";G;46;46.5;DF
EED;26.690.798/0001-34;ETECNET TECNOLOGIA LTDA;09/12/2016;ME;206-2;46.51-6-02;2340;06/05/2024;Comércio atacadista de computadores, periféricos e suprimentos de informática;"COMÉRCIO; REPARAÇÃO DE VEÍCULOS AUTOMOTORES E MOTOCICLETAS";G;46;46.5;DF
EED;26.690.798/0001-34;ETECNET TECNOLOGIA LTDA;09/12/2016;ME;206-2;27.90-2-99;2340;06/05/2024;Fabricação de equipamentos e aparelhos elétricos não especificados anteriormente;INDÚSTRIAS DE TRANSFORMAÇÃO;C;27;27.9;DF
EED;26.690.798/0001-34;ETECNET TECNOLOGIA LTDA;09/12/2016;ME;206-2;47.51-2-01;2340;06/05/2024;Comércio varejista especializado de equipamentos e suprimentos de informática;"COMÉRCIO; REPARAÇÃO DE VEÍCULOS AUTOMOTORES E MOTOCICLETAS";G;47;47.5;DF
EED;26.690.798/0001-34;ETECNET TECNOLOGIA LTDA;09/12/2016;ME;206-2;95.11-8-00;2340;06/05/2024;Reparação e manutenção de computadores e de equipamentos periféricos;OUTRAS ATIVIDADES DE SERVIÇOS;S;95;95.1;DF
EED;26.690.798/0001-34;ETECNET TECNOLOGIA LTDA;09/12/2016;ME;206-2;47.44-0-01;2340;06/05/2024;Comércio varejista de ferragens, madeira e materiais de construção;"COMÉRCIO; REPARAÇÃO DE VEÍCULOS AUTOMOTORES E MOTOCICLETAS";G;47;47.4;DF
EED;26.690.798/0001-34;ETECNET TECNOLOGIA LTDA;09/12/2016;ME;206-2;43.29-1-01;2340;06/05/2024;Obras de instalações em construções não especificadas anteriormente;CONSTRUÇÃO;F;43;43.2;DF
EED;26.690.798/0001-34;ETECNET TECNOLOGIA LTDA;09/12/2016;ME;206-2;85.99-6-03;2340;06/05/2024;Atividades de ensino não especificadas anteriormente;EDUCAÇÃO;P;85;85.9;DF
EED;26.690.798/0001-34;ETECNET TECNOLOGIA LTDA;09/12/2016;ME;206-2;82.99-7-99;2340;06/05/2024;Atividades de serviços prestados principalmente às empresas não especificadas anteriormente;ATIVIDADES ADMINISTRATIVAS E SERVIÇOS COMPLEMENTARES;N;82;82.9;DF
EED;28.268.019/0001-32;FERANT INDUSTRIA E COMERCIO DE ROUPAS LTDA ;01/08/1983;DEMAIS;206-2;14.13-4-03 ;4514;27/09/2024;Confecção de roupas profissionais;INDÚSTRIAS DE TRANSFORMAÇÃO;C;14;14.1;RJ
EED;28.268.019/0001-32;FERANT INDUSTRIA E COMERCIO DE ROUPAS LTDA ;01/08/1983;DEMAIS;206-2;14.13-4-01;4514;27/09/2024;Confecção de roupas profissionais;INDÚSTRIAS DE TRANSFORMAÇÃO;C;14;14.1;RJ
EED;28.268.019/0001-32;FERANT INDUSTRIA E COMERCIO DE ROUPAS LTDA ;01/08/1983;DEMAIS;206-2;32.92-2-01;4514;27/09/2024;Fabricação de equipamentos e acessórios para segurança e proteção pessoal e profissional;INDÚSTRIAS DE TRANSFORMAÇÃO;C;32;32.9;RJ
EED;28.268.019/0001-32;FERANT INDUSTRIA E COMERCIO DE ROUPAS LTDA ;01/08/1983;DEMAIS;206-2;32.92-2-02;4514;27/09/2024;Fabricação de equipamentos e acessórios para segurança e proteção pessoal e profissional;INDÚSTRIAS DE TRANSFORMAÇÃO;C;32;32.9;RJ
EED;28.268.019/0001-32;FERANT INDUSTRIA E COMERCIO DE ROUPAS LTDA ;01/08/1983;DEMAIS;206-2;46.41-9-01;4514;27/09/2024;Comércio atacadista de tecidos, artefatos de tecidos e de armarinho;"COMÉRCIO; REPARAÇÃO DE VEÍCULOS AUTOMOTORES E MOTOCICLETAS";G;46;46.4;RJ
EED;28.268.019/0001-32;FERANT INDUSTRIA E COMERCIO DE ROUPAS LTDA ;01/08/1983;DEMAIS;206-2;46.42-7-02;4514;27/09/2024;Comércio atacadista de artigos do vestuário e acessórios;"COMÉRCIO; REPARAÇÃO DE VEÍCULOS AUTOMOTORES E MOTOCICLETAS";G;46;46.4;RJ
EED;28.268.019/0001-32;FERANT INDUSTRIA E COMERCIO DE ROUPAS LTDA ;01/08/1983;DEMAIS;206-2;46.43-5-01;4514;27/09/2024;Comércio atacadista de calçados e artigos de viagem;"COMÉRCIO; REPARAÇÃO DE VEÍCULOS AUTOMOTORES E MOTOCICLETAS";G;46;46.4;RJ
EED;28.268.019/0001-32;FERANT INDUSTRIA E COMERCIO DE ROUPAS LTDA ;01/08/1983;DEMAIS;206-2;47.55-5-01;4514;27/09/2024;Comércio varejista especializado de tecidos e artigos de cama, mesa e banho;"COMÉRCIO; REPARAÇÃO DE VEÍCULOS AUTOMOTORES E MOTOCICLETAS";G;47;47.5;RJ
EED;28.268.019/0001-32;FERANT INDUSTRIA E COMERCIO DE ROUPAS LTDA ;01/08/1983;DEMAIS;206-2;47.55-5-02;4514;27/09/2024;Comércio varejista especializado de tecidos e artigos de cama, mesa e banho;"COMÉRCIO; REPARAÇÃO DE VEÍCULOS AUTOMOTORES E MOTOCICLETAS";G;47;47.5;RJ
EED;28.268.019/0001-32;FERANT INDUSTRIA E COMERCIO DE ROUPAS LTDA ;01/08/1983;DEMAIS;206-2;47.82-2-01 ;4514;27/09/2024;Comércio varejista de calçados e artigos de viagem;"COMÉRCIO; REPARAÇÃO DE VEÍCULOS AUTOMOTORES E MOTOCICLETAS";G;47;47.8;RJ
EED;03.254.681/0001-02;FIBERWORK COMUNICACOES OPTICAS LTDA;01/07/1999;EPP;206-2;62.02-3-00;5576;12/12/2024;Desenvolvimento e licenciamento de programas de computador customizáveis;INFORMAÇÃO E COMUNICAÇÃO;J;62;62.0;SP
EED;03.254.681/0001-02;FIBERWORK COMUNICACOES OPTICAS LTDA;01/07/1999;EPP;206-2;26.31-1-00;5576;12/12/2024;Fabricação de equipamentos transmissores de comunicação;INDÚSTRIAS DE TRANSFORMAÇÃO;C;26;26.3;SP
EED;03.254.681/0001-02;FIBERWORK COMUNICACOES OPTICAS LTDA;01/07/1999;EPP;206-2;26.22-1-00;5576;12/12/2024;Fabricação de periféricos para equipamentos de informática;INDÚSTRIAS DE TRANSFORMAÇÃO;C;26;26.2;SP
EED;03.254.681/0001-02;FIBERWORK COMUNICACOES OPTICAS LTDA;01/07/1999;EPP;206-2;26.51-5-00;5576;12/12/2024;Fabricação de aparelhos e equipamentos de medida, teste e controle;INDÚSTRIAS DE TRANSFORMAÇÃO;C;26;26.5;SP
EED;03.254.681/0001-02;FIBERWORK COMUNICACOES OPTICAS LTDA;01/07/1999;EPP;206-2;26.32-9-00;5576;12/12/2024;Fabricação de aparelhos telefônicos e de outros equipamentos de comunicação;INDÚSTRIAS DE TRANSFORMAÇÃO;C;26;26.3;SP
EED;03.254.681/0001-02;FIBERWORK COMUNICACOES OPTICAS LTDA;01/07/1999;EPP;206-2;62.03-1-00;5576;12/12/2024;Desenvolvimento e licenciamento de programas de computador não-customizáveis;INFORMAÇÃO E COMUNICAÇÃO;J;62;62.0;SP
EED;03.254.681/0001-02;FIBERWORK COMUNICACOES OPTICAS LTDA;01/07/1999;EPP;206-2;62.01-5-01;5576;12/12/2024;Desenvolvimento de programas de computador sob encomenda;INFORMAÇÃO E COMUNICAÇÃO;J;62;62.0;SP
EED;03.254.681/0001-02;FIBERWORK COMUNICACOES OPTICAS LTDA;01/07/1999;EPP;206-2;62.09-1-00;5576;12/12/2024;Suporte técnico, manutenção e outros serviços em tecnologia da informação;INFORMAÇÃO E COMUNICAÇÃO;J;62;62.0;SP
EED;03.254.681/0001-02;FIBERWORK COMUNICACOES OPTICAS LTDA;01/07/1999;EPP;206-2;62.04-0-00;5576;12/12/2024;Consultoria em tecnologia da informação;INFORMAÇÃO E COMUNICAÇÃO;J;62;62.0;SP
EED;03.254.681/0001-02;FIBERWORK COMUNICACOES OPTICAS LTDA;01/07/1999;EPP;206-2;61.90-6-01;5576;12/12/2024;Outras atividades de telecomunicações;INFORMAÇÃO E COMUNICAÇÃO;J;61;61.9;SP
EED;03.254.681/0001-02;FIBERWORK COMUNICACOES OPTICAS LTDA;01/07/1999;EPP;206-2;61.10-8-03;5576;12/12/2024;Telecomunicações por fio;INFORMAÇÃO E COMUNICAÇÃO;J;61;61.1;SP
EED;03.254.681/0001-02;FIBERWORK COMUNICACOES OPTICAS LTDA;01/07/1999;EPP;206-2;63.11-9-00;5576;12/12/2024;Tratamento de dados, provedores de serviços de aplicação e serviços de hospedagem na internet;INFORMAÇÃO E COMUNICAÇÃO;J;63;63.1;SP
EED;03.254.681/0001-02;FIBERWORK COMUNICACOES OPTICAS LTDA;01/07/1999;EPP;206-2;95.12-6-00;5576;12/12/2024;Reparação e manutenção de equipamentos de comunicação;OUTRAS ATIVIDADES DE SERVIÇOS;S;95;95.1;SP
EED;0.11.009/0001-06;FIBRAFORTE ENGENHARIA, INDUSTRIA E COMERCIO LTDA;30/05/1994;DEMAIS;206-2;71.12-0-00;4791;12/09/2022;Serviços de engenharia;ATIVIDADES PROFISSIONAIS, CIENTÍFICAS E TÉCNICAS;M;71;71.1;SP
EED;0.11.009/0001-06;FIBRAFORTE ENGENHARIA, INDUSTRIA E COMERCIO LTDA;30/05/1994;DEMAIS;206-2;28.69-1-00;4791;12/09/2022;Fabricação de máquinas e equipamentos para uso industrial específico não especificados anteriormente;INDÚSTRIAS DE TRANSFORMAÇÃO;C;28;28.6;SP
EED;0.11.009/0001-06;FIBRAFORTE ENGENHARIA, INDUSTRIA E COMERCIO LTDA;30/05/1994;DEMAIS;206-2;47.89-0-99;4791;12/09/2022;Comércio varejista de outros produtos novos não especificados anteriormente;"COMÉRCIO; REPARAÇÃO DE VEÍCULOS AUTOMOTORES E MOTOCICLETAS";G;47;47.8;SP
EED;11.119.634/0001-84;FIRE EAGLE - PARTS INDUSTRIA DE ARMAS LTDA;18/08/2009;DEMAIS;206-2;25.50-1-02;4791;12/09/2022;Fabricação de equipamento bélico pesado, armas de fogo e munições;INDÚSTRIAS DE TRANSFORMAÇÃO;C;25;25.5;RS
EED;11.119.634/0001-84;FIRE EAGLE - PARTS INDUSTRIA DE ARMAS LTDA;18/08/2009;DEMAIS;206-2;32.92-2-02;4791;12/09/2022;Fabricação de equipamentos e acessórios para segurança e proteção pessoal e profissional;INDÚSTRIAS DE TRANSFORMAÇÃO;C;32;32.9;RS
EED;11.119.634/0001-84;FIRE EAGLE - PARTS INDUSTRIA DE ARMAS LTDA;18/08/2009;DEMAIS;206-2;33.19-8-00;4791;12/09/2022;Manutenção e reparação de equipamentos e produtos não especificados anteriormente;INDÚSTRIAS DE TRANSFORMAÇÃO;C;33;33.1;RS
EED;11.119.634/0001-84;FIRE EAGLE - PARTS INDUSTRIA DE ARMAS LTDA;18/08/2009;DEMAIS;206-2;47.63-6-02;4791;12/09/2022;Comércio varejista de artigos recreativos e esportivos;"COMÉRCIO; REPARAÇÃO DE VEÍCULOS AUTOMOTORES E MOTOCICLETAS";G;47;47.6;RS
EED;11.119.634/0001-84;FIRE EAGLE - PARTS INDUSTRIA DE ARMAS LTDA;18/08/2009;DEMAIS;206-2;47.89-0-09;4791;12/09/2022;Comércio varejista de outros produtos novos não especificados anteriormente;"COMÉRCIO; REPARAÇÃO DE VEÍCULOS AUTOMOTORES E MOTOCICLETAS";G;47;47.8;RS
EED;11.119.634/0001-84;FIRE EAGLE - PARTS INDUSTRIA DE ARMAS LTDA;18/08/2009;DEMAIS;206-2;71.12-0-00;4791;12/09/2022;Serviços de engenharia;ATIVIDADES PROFISSIONAIS, CIENTÍFICAS E TÉCNICAS;M;71;71.1;RS
EED;11.119.634/0001-84;FIRE EAGLE - PARTS INDUSTRIA DE ARMAS LTDA;18/08/2009;DEMAIS;206-2;71.20-1-00;4791;12/09/2022;Testes e análises técnicas;ATIVIDADES PROFISSIONAIS, CIENTÍFICAS E TÉCNICAS;M;71;71.2;RS
ED;32.995.259/0001-06;FORTRESS EQUIPAMENTOS INDUSTRIAIS LTDA;12/03/2019;ME;206-2;47.44-0-01;6133;18/12/2023;Comércio varejista de ferragens, madeira e materiais de construção;"COMÉRCIO; REPARAÇÃO DE VEÍCULOS AUTOMOTORES E MOTOCICLETAS";G;47;47.4;SP
ED;32.995.259/0001-06;FORTRESS EQUIPAMENTOS INDUSTRIAIS LTDA;12/03/2019;ME;206-2;33.14-7-13;6133;18/12/2023;Manutenção e reparação de máquinas e equipamentos da indústria mecânica;INDÚSTRIAS DE TRANSFORMAÇÃO;C;33;33.1;SP
EED;02.641.663/0001-10;FUNDACAO CPQD - CENTRO DE EPESQUISA E DESENVOLVIMENTO EM TELECOMUNICACOES;23/07/1998;DEMAIS;306-9;72.10-0-00;249;30/01/2015;Pesquisa e desenvolvimento experimental em ciências físicas e naturais;ATIVIDADES PROFISSIONAIS, CIENTÍFICAS E TÉCNICAS;M;72;72.1;SP
EED;02.641.663/0001-10;FUNDACAO CPQD - CENTRO DE EPESQUISA E DESENVOLVIMENTO EM TELECOMUNICACOES;23/07/1998;DEMAIS;306-9;62.04-0-00;249;30/01/2015;Consultoria em tecnologia da informação;INFORMAÇÃO E COMUNICAÇÃO;J;62;62.0;SP
EED;02.641.663/0001-10;FUNDACAO CPQD - CENTRO DE EPESQUISA E DESENVOLVIMENTO EM TELECOMUNICACOES;23/07/1998;DEMAIS;306-9;62.01-5-01;249;30/01/2015;Desenvolvimento de programas de computador sob encomenda;INFORMAÇÃO E COMUNICAÇÃO;J;62;62.0;SP
EED;02.641.663/0001-10;FUNDACAO CPQD - CENTRO DE EPESQUISA E DESENVOLVIMENTO EM TELECOMUNICACOES;23/07/1998;DEMAIS;306-9;62.02-3-00;249;30/01/2015;Desenvolvimento e licenciamento de programas de computador customizáveis;INFORMAÇÃO E COMUNICAÇÃO;J;62;62.0;SP
EED;02.641.663/0001-10;FUNDACAO CPQD - CENTRO DE EPESQUISA E DESENVOLVIMENTO EM TELECOMUNICACOES;23/07/1998;DEMAIS;306-9;62.09-1-00;249;30/01/2015;Suporte técnico, manutenção e outros serviços em tecnologia da informação;INFORMAÇÃO E COMUNICAÇÃO;J;62;62.0;SP
EED;02.641.663/0001-10;FUNDACAO CPQD - CENTRO DE EPESQUISA E DESENVOLVIMENTO EM TELECOMUNICACOES;23/07/1998;DEMAIS;306-9;63.11-9-00;249;30/01/2015;Tratamento de dados, provedores de serviços de aplicação e serviços de hospedagem na internet;INFORMAÇÃO E COMUNICAÇÃO;J;63;63.1;SP
EED;02.641.663/0001-10;FUNDACAO CPQD - CENTRO DE EPESQUISA E DESENVOLVIMENTO EM TELECOMUNICACOES;23/07/1998;DEMAIS;306-9;85.99-6-04;249;30/01/2015;Atividades de ensino não especificadas anteriormente;EDUCAÇÃO;P;85;85.9;SP
EED;02.641.663/0001-10;FUNDACAO CPQD - CENTRO DE EPESQUISA E DESENVOLVIMENTO EM TELECOMUNICACOES;23/07/1998;DEMAIS;306-9;70.20-4-00;249;30/01/2015;Atividades de consultoria em gestão empresarial;ATIVIDADES PROFISSIONAIS, CIENTÍFICAS E TÉCNICAS;M;70;70.2;SP
EED;02.641.663/0001-10;FUNDACAO CPQD - CENTRO DE EPESQUISA E DESENVOLVIMENTO EM TELECOMUNICACOES;23/07/1998;DEMAIS;306-9;71.20-1-00;249;30/01/2015;Testes e análises técnicas;ATIVIDADES PROFISSIONAIS, CIENTÍFICAS E TÉCNICAS;M;71;71.2;SP
EED;02.641.663/0001-10;FUNDACAO CPQD - CENTRO DE EPESQUISA E DESENVOLVIMENTO EM TELECOMUNICACOES;23/07/1998;DEMAIS;306-9;74.90-1-99 ;249;30/01/2015;Atividades profissionais, científicas e técnicas não especificadas anteriormente;ATIVIDADES PROFISSIONAIS, CIENTÍFICAS E TÉCNICAS;M;74;74.9;SP
EED;02.641.663/0001-10;FUNDACAO CPQD - CENTRO DE EPESQUISA E DESENVOLVIMENTO EM TELECOMUNICACOES;23/07/1998;DEMAIS;306-9;82.11-3-00;249;30/01/2015;Serviços combinados de escritório e apoio administrativo;ATIVIDADES ADMINISTRATIVAS E SERVIÇOS COMPLEMENTARES;N;82;82.1;SP
EED;01.710.917/0001-42;FUNDACAO EZUTE;06/03/1997;DEMAIS;306-9;72.10-0-00;2028;13/08/2014;Pesquisa e desenvolvimento experimental em ciências físicas e naturais;ATIVIDADES PROFISSIONAIS, CIENTÍFICAS E TÉCNICAS;M;72;72.1;SP
EED;33.641.663/0003-06;FUNDACAO GETULIO VARGAS;16/02/1967;DEMAIS;306-9;85.33-3-00;3216;12/06/2023;Educação superior - pós-graduação e extensão;EDUCAÇÃO;P;85;85.3;SP
EED;33.641.663/0003-06;FUNDACAO GETULIO VARGAS;16/02/1967;DEMAIS;306-9;58.13-1-00;3216;12/06/2023;Edição de revistas;INFORMAÇÃO E COMUNICAÇÃO;J;58;58.1;SP
EED;33.641.663/0003-06;FUNDACAO GETULIO VARGAS;16/02/1967;DEMAIS;306-9;70.20-4-00;3216;12/06/2023;Atividades de consultoria em gestão empresarial;ATIVIDADES PROFISSIONAIS, CIENTÍFICAS E TÉCNICAS;M;70;70.2;SP
EED;33.641.663/0003-06;FUNDACAO GETULIO VARGAS;16/02/1967;DEMAIS;306-9;72.20-7-00;3216;12/06/2023;Pesquisa e desenvolvimento experimental em ciências sociais e humanas;ATIVIDADES PROFISSIONAIS, CIENTÍFICAS E TÉCNICAS;M;72;72.2;SP
EED;33.641.663/0003-06;FUNDACAO GETULIO VARGAS;16/02/1967;DEMAIS;306-9;74.90-1-99 ;3216;12/06/2023;Atividades profissionais, científicas e técnicas não especificadas anteriormente;ATIVIDADES PROFISSIONAIS, CIENTÍFICAS E TÉCNICAS;M;74;74.9;SP
EED;33.641.663/0003-06;FUNDACAO GETULIO VARGAS;16/02/1967;DEMAIS;306-9;85.31-7-00;3216;12/06/2023;Educação superior - graduação;EDUCAÇÃO;P;85;85.3;SP
EED;33.641.663/0003-06;FUNDACAO GETULIO VARGAS;16/02/1967;DEMAIS;306-9;91.01-5-00;3216;12/06/2023;Atividades de bibliotecas e arquivos;ARTES, CULTURA, ESPORTE E RECREAÇÃO;R;91;91.0;SP
EED;36.012.790/0001-72;GAT SEGURANCA DIGITAL LTDA;15/01/2020;EPP;206-2;62.09-1-00 ;4514;27/09/2024;Suporte técnico, manutenção e outros serviços em tecnologia da informação;INFORMAÇÃO E COMUNICAÇÃO;J;62;62.0;SP
EED;36.012.790/0001-72;GAT SEGURANCA DIGITAL LTDA;15/01/2020;EPP;206-2;62.01-5-01;4514;27/09/2024;Desenvolvimento de programas de computador sob encomenda;INFORMAÇÃO E COMUNICAÇÃO;J;62;62.0;SP
EED;36.012.790/0001-72;GAT SEGURANCA DIGITAL LTDA;15/01/2020;EPP;206-2;62.01-5-02;4514;27/09/2024;Desenvolvimento de programas de computador sob encomenda;INFORMAÇÃO E COMUNICAÇÃO;J;62;62.0;SP
EED;36.012.790/0001-72;GAT SEGURANCA DIGITAL LTDA;15/01/2020;EPP;206-2;62.02-3-00;4514;27/09/2024;Desenvolvimento e licenciamento de programas de computador customizáveis;INFORMAÇÃO E COMUNICAÇÃO;J;62;62.0;SP
EED;36.012.790/0001-72;GAT SEGURANCA DIGITAL LTDA;15/01/2020;EPP;206-2;62.03-1-00;4514;27/09/2024;Desenvolvimento e licenciamento de programas de computador não-customizáveis;INFORMAÇÃO E COMUNICAÇÃO;J;62;62.0;SP
EED;36.012.790/0001-72;GAT SEGURANCA DIGITAL LTDA;15/01/2020;EPP;206-2;62.04-0-00;4514;27/09/2024;Consultoria em tecnologia da informação;INFORMAÇÃO E COMUNICAÇÃO;J;62;62.0;SP
EED;36.012.790/0001-72;GAT SEGURANCA DIGITAL LTDA;15/01/2020;EPP;206-2;63.11-9-00;4514;27/09/2024;Tratamento de dados, provedores de serviços de aplicação e serviços de hospedagem na internet;INFORMAÇÃO E COMUNICAÇÃO;J;63;63.1;SP
EED;36.012.790/0001-72;GAT SEGURANCA DIGITAL LTDA;15/01/2020;EPP;206-2;63.19-4-00;4514;27/09/2024;Portais, provedores de conteúdo e outros serviços de informação na internet;INFORMAÇÃO E COMUNICAÇÃO;J;63;63.1;SP
EED;36.012.790/0001-72;GAT SEGURANCA DIGITAL LTDA;15/01/2020;EPP;206-2;85.99-6-03;4514;27/09/2024;Atividades de ensino não especificadas anteriormente;EDUCAÇÃO;P;85;85.9;SP
EED;48.727.347/0001-67;GENERAL MTM! MERCADO TATICO MAYNARD LTDA;25/11/2022;ME;206-2;32.92-2-01;5576;12/12/2024;Fabricação de equipamentos e acessórios para segurança e proteção pessoal e profissional;INDÚSTRIAS DE TRANSFORMAÇÃO;C;32;32.9;PR
EED;48.727.347/0001-67;GENERAL MTM! MERCADO TATICO MAYNARD LTDA;25/11/2022;ME;206-2;29.45-0-00;5576;12/12/2024;Fabricação de material elétrico e eletrônico para veículos automotores, exceto baterias;INDÚSTRIAS DE TRANSFORMAÇÃO;C;29;29.4;PR
EED;48.727.347/0001-67;GENERAL MTM! MERCADO TATICO MAYNARD LTDA;25/11/2022;ME;206-2;32.92-2-02;5576;12/12/2024;Fabricação de equipamentos e acessórios para segurança e proteção pessoal e profissional;INDÚSTRIAS DE TRANSFORMAÇÃO;C;32;32.9;PR
EED;48.727.347/0001-67;GENERAL MTM! MERCADO TATICO MAYNARD LTDA;25/11/2022;ME;206-2;46.49-4-99;5576;12/12/2024;Comércio atacadista de equipamentos e artigos de uso pessoal e doméstico não especificados anteriormente;"COMÉRCIO; REPARAÇÃO DE VEÍCULOS AUTOMOTORES E MOTOCICLETAS";G;46;46.4;PR
EED;48.727.347/0001-67;GENERAL MTM! MERCADO TATICO MAYNARD LTDA;25/11/2022;ME;206-2;47.23-7-00;5576;12/12/2024;Comércio varejista de bebidas;"COMÉRCIO; REPARAÇÃO DE VEÍCULOS AUTOMOTORES E MOTOCICLETAS";G;47;47.2;PR
EED;48.727.347/0001-67;GENERAL MTM! MERCADO TATICO MAYNARD LTDA;25/11/2022;ME;206-2;47.29-6-99;5576;12/12/2024;"Comércio varejista de produtos alimentícios em geral ou especializado em produtos alimentícios não especificados anteriormente; produtos do fumo";"COMÉRCIO; REPARAÇÃO DE VEÍCULOS AUTOMOTORES E MOTOCICLETAS";G;47;47.2;PR
EED;48.727.347/0001-67;GENERAL MTM! MERCADO TATICO MAYNARD LTDA;25/11/2022;ME;206-2;47.57-1-00;5576;12/12/2024;Comércio varejista especializado de peças e acessórios para aparelhos eletroeletrônicos para uso doméstico, exceto informática e comunicação;"COMÉRCIO; REPARAÇÃO DE VEÍCULOS AUTOMOTORES E MOTOCICLETAS";G;47;47.5;PR
EED;48.727.347/0001-67;GENERAL MTM! MERCADO TATICO MAYNARD LTDA;25/11/2022;ME;206-2;47.63-6-02;5576;12/12/2024;Comércio varejista de artigos recreativos e esportivos;"COMÉRCIO; REPARAÇÃO DE VEÍCULOS AUTOMOTORES E MOTOCICLETAS";G;47;47.6;PR
EED;48.727.347/0001-67;GENERAL MTM! MERCADO TATICO MAYNARD LTDA;25/11/2022;ME;206-2;49.30-2-02;5576;12/12/2024;Transporte rodoviário de carga;TRANSPORTE, ARMAZENAGEM E CORREIO;H;49;49.3;PR
EED;48.727.347/0001-67;GENERAL MTM! MERCADO TATICO MAYNARD LTDA;25/11/2022;ME;206-2;82.99-7-99;5576;12/12/2024;Atividades de serviços prestados principalmente às empresas não especificadas anteriormente;ATIVIDADES ADMINISTRATIVAS E SERVIÇOS COMPLEMENTARES;N;82;82.9;PR
EED;48.727.347/0001-67;GENERAL MTM! MERCADO TATICO MAYNARD LTDA;25/11/2022;ME;206-2;85.91-1-00;5576;12/12/2024;Ensino de esportes;EDUCAÇÃO;P;85;85.9;PR
EED;45.218.484/0001-88;GESPI INDUSTRIA E COMERCIO DE EQUIPAMENTOS AERONAUTICOS LTDA;23/04/1974;DEMAIS;206-2;33.14-7-10;249;30/01/2015;Manutenção e reparação de máquinas e equipamentos da indústria mecânica;INDÚSTRIAS DE TRANSFORMAÇÃO;C;33;33.1;SP
EED;45.218.484/0001-88;GESPI INDUSTRIA E COMERCIO DE EQUIPAMENTOS AERONAUTICOS LTDA;23/04/1974;DEMAIS;206-2;33.11-2-00;249;30/01/2015;Manutenção e reparação de tanques, reservatórios metálicos e caldeiras, exceto para veículos;INDÚSTRIAS DE TRANSFORMAÇÃO;C;33;33.1;SP
EED;45.218.484/0001-88;GESPI INDUSTRIA E COMERCIO DE EQUIPAMENTOS AERONAUTICOS LTDA;23/04/1974;DEMAIS;206-2;25.43-8-00;249;30/01/2015;Fabricação de ferramentas;INDÚSTRIAS DE TRANSFORMAÇÃO;C;25;25.4;SP
EED;45.218.484/0001-88;GESPI INDUSTRIA E COMERCIO DE EQUIPAMENTOS AERONAUTICOS LTDA;23/04/1974;DEMAIS;206-2;25.50-1-02;249;30/01/2015;Fabricação de equipamento bélico pesado, armas de fogo e munições;INDÚSTRIAS DE TRANSFORMAÇÃO;C;25;25.5;SP
EED;45.218.484/0001-88;GESPI INDUSTRIA E COMERCIO DE EQUIPAMENTOS AERONAUTICOS LTDA;23/04/1974;DEMAIS;206-2;25.50-1-01;249;30/01/2015;Fabricação de equipamento bélico pesado, armas de fogo e munições;INDÚSTRIAS DE TRANSFORMAÇÃO;C;25;25.5;SP
EED;45.218.484/0001-88;GESPI INDUSTRIA E COMERCIO DE EQUIPAMENTOS AERONAUTICOS LTDA;23/04/1974;DEMAIS;206-2;26.51-5-00;249;30/01/2015;Fabricação de aparelhos e equipamentos de medida, teste e controle;INDÚSTRIAS DE TRANSFORMAÇÃO;C;26;26.5;SP
EED;45.218.484/0001-88;GESPI INDUSTRIA E COMERCIO DE EQUIPAMENTOS AERONAUTICOS LTDA;23/04/1974;DEMAIS;206-2;29.30-1-03;249;30/01/2015;Fabricação de cabines, carrocerias e reboques para veículos automotores;INDÚSTRIAS DE TRANSFORMAÇÃO;C;29;29.3;SP
EED;45.218.484/0001-88;GESPI INDUSTRIA E COMERCIO DE EQUIPAMENTOS AERONAUTICOS LTDA;23/04/1974;DEMAIS;206-2;30.11-3-02;249;30/01/2015;Construção de embarcações e estruturas flutuantes;INDÚSTRIAS DE TRANSFORMAÇÃO;C;30;30.1;SP
EED;45.218.484/0001-88;GESPI INDUSTRIA E COMERCIO DE EQUIPAMENTOS AERONAUTICOS LTDA;23/04/1974;DEMAIS;206-2;71.12-0-00;249;30/01/2015;Serviços de engenharia;ATIVIDADES PROFISSIONAIS, CIENTÍFICAS E TÉCNICAS;M;71;71.1;SP
EED;45.218.484/0001-88;GESPI INDUSTRIA E COMERCIO DE EQUIPAMENTOS AERONAUTICOS LTDA;23/04/1974;DEMAIS;206-2;74.90-1-99 ;249;30/01/2015;Atividades profissionais, científicas e técnicas não especificadas anteriormente;ATIVIDADES PROFISSIONAIS, CIENTÍFICAS E TÉCNICAS;M;74;74.9;SP
EED;45.218.484/0001-88;GESPI INDUSTRIA E COMERCIO DE EQUIPAMENTOS AERONAUTICOS LTDA;23/04/1974;DEMAIS;206-2;28.66-6-00;249;30/01/2015;Fabricação de máquinas e equipamentos para a indústria do plástico;INDÚSTRIAS DE TRANSFORMAÇÃO;C;28;28.6;SP
EED;45.218.484/0001-88;GESPI INDUSTRIA E COMERCIO DE EQUIPAMENTOS AERONAUTICOS LTDA;23/04/1974;DEMAIS;206-2;28.69-1-00;249;30/01/2015;Fabricação de máquinas e equipamentos para uso industrial específico não especificados anteriormente;INDÚSTRIAS DE TRANSFORMAÇÃO;C;28;28.6;SP
EED;45.218.484/0001-88;GESPI INDUSTRIA E COMERCIO DE EQUIPAMENTOS AERONAUTICOS LTDA;23/04/1974;DEMAIS;206-2;33.21-0-00;249;30/01/2015;Instalação de máquinas e equipamentos industriais;INDÚSTRIAS DE TRANSFORMAÇÃO;C;33;33.2;SP
EED;45.218.484/0001-88;GESPI INDUSTRIA E COMERCIO DE EQUIPAMENTOS AERONAUTICOS LTDA;23/04/1974;DEMAIS;206-2;33.19-8-00;249;30/01/2015;Manutenção e reparação de equipamentos e produtos não especificados anteriormente;INDÚSTRIAS DE TRANSFORMAÇÃO;C;33;33.1;SP
EED;45.218.484/0001-88;GESPI INDUSTRIA E COMERCIO DE EQUIPAMENTOS AERONAUTICOS LTDA;23/04/1974;DEMAIS;206-2;33.17-1-01;249;30/01/2015;Manutenção e reparação de embarcações;INDÚSTRIAS DE TRANSFORMAÇÃO;C;33;33.1;SP
EED;45.218.484/0001-88;GESPI INDUSTRIA E COMERCIO DE EQUIPAMENTOS AERONAUTICOS LTDA;23/04/1974;DEMAIS;206-2;50.30-1-03;249;30/01/2015;Navegação de apoio;TRANSPORTE, ARMAZENAGEM E CORREIO;H;50;50.3;SP
EED;45.218.484/0001-88;GESPI INDUSTRIA E COMERCIO DE EQUIPAMENTOS AERONAUTICOS LTDA;23/04/1974;DEMAIS;206-2;80.20-0-01;249;30/01/2015;Atividades de monitoramento de sistemas de segurança;ATIVIDADES ADMINISTRATIVAS E SERVIÇOS COMPLEMENTARES;N;80;80.2;SP
EED;45.218.484/0001-88;GESPI INDUSTRIA E COMERCIO DE EQUIPAMENTOS AERONAUTICOS LTDA;23/04/1974;DEMAIS;206-2;70.20-4-00;249;30/01/2015;Atividades de consultoria em gestão empresarial;ATIVIDADES PROFISSIONAIS, CIENTÍFICAS E TÉCNICAS;M;70;70.2;SP
ED;11.969.072/0001-68;GHENOVA BRASIL PROJETOS LTDA;14/05/2010;DEMAIS;206-2;71.12-0-00;5891;15/12/2022;Serviços de engenharia;ATIVIDADES PROFISSIONAIS, CIENTÍFICAS E TÉCNICAS;M;71;71.1;RJ
ED;11.969.072/0001-68;GHENOVA BRASIL PROJETOS LTDA;14/05/2010;DEMAIS;206-2;64.62-0-00 ;5891;15/12/2022;Holdings de instituições não-financeiras;ATIVIDADES FINANCEIRAS, DE SEGUROS E SERVIÇOS RELACIONADOS;K;64;64.6;RJ
EED;66.260.415/0001-02;GLAGIO DO BRASIL PROTECAO BALISTICA LTDA;27/06/1991;DEMAIS;206-2;32.92-2-02;249;30/01/2015;Fabricação de equipamentos e acessórios para segurança e proteção pessoal e profissional;INDÚSTRIAS DE TRANSFORMAÇÃO;C;32;32.9;MG
EED;66.260.415/0001-02;GLAGIO DO BRASIL PROTECAO BALISTICA LTDA;27/06/1991;DEMAIS;206-2;14.12-6-01;249;30/01/2015;Confecção de peças do vestuário, exceto roupas íntimas;INDÚSTRIAS DE TRANSFORMAÇÃO;C;14;14.1;MG
EED;66.260.415/0001-02;GLAGIO DO BRASIL PROTECAO BALISTICA LTDA;27/06/1991;DEMAIS;206-2;14.13-4-02 ;249;30/01/2015;Confecção de roupas profissionais;INDÚSTRIAS DE TRANSFORMAÇÃO;C;14;14.1;MG
EED;66.260.415/0001-02;GLAGIO DO BRASIL PROTECAO BALISTICA LTDA;27/06/1991;DEMAIS;206-2;33.19-8-00;249;30/01/2015;Manutenção e reparação de equipamentos e produtos não especificados anteriormente;INDÚSTRIAS DE TRANSFORMAÇÃO;C;33;33.1;MG
EED;66.260.415/0001-02;GLAGIO DO BRASIL PROTECAO BALISTICA LTDA;27/06/1991;DEMAIS;206-2;46.42-7-02;249;30/01/2015;Comércio atacadista de artigos do vestuário e acessórios;"COMÉRCIO; REPARAÇÃO DE VEÍCULOS AUTOMOTORES E MOTOCICLETAS";G;46;46.4;MG
EED;66.260.415/0001-02;GLAGIO DO BRASIL PROTECAO BALISTICA LTDA;27/06/1991;DEMAIS;206-2;46.52-4-00;249;30/01/2015;Comércio atacadista de componentes eletrônicos e equipamentos de telefonia e comunicação;"COMÉRCIO; REPARAÇÃO DE VEÍCULOS AUTOMOTORES E MOTOCICLETAS";G;46;46.5;MG
EED;66.260.415/0001-02;GLAGIO DO BRASIL PROTECAO BALISTICA LTDA;27/06/1991;DEMAIS;206-2;46.69-9-99;249;30/01/2015;"Comércio atacadista de máquinas, aparelhos e equipamentos não especificados anteriormente; partes e peças";"COMÉRCIO; REPARAÇÃO DE VEÍCULOS AUTOMOTORES E MOTOCICLETAS";G;46;46.6;MG
EED;66.260.415/0001-02;GLAGIO DO BRASIL PROTECAO BALISTICA LTDA;27/06/1991;DEMAIS;206-2;46.87-7-02 ;249;30/01/2015;Comércio atacadista de resíduos e sucatas;"COMÉRCIO; REPARAÇÃO DE VEÍCULOS AUTOMOTORES E MOTOCICLETAS";G;46;46.8;MG
EED;66.260.415/0001-02;GLAGIO DO BRASIL PROTECAO BALISTICA LTDA;27/06/1991;DEMAIS;206-2;46.89-3-99;249;30/01/2015;Comércio atacadista especializado de outros produtos intermediários não especificados anteriormente;"COMÉRCIO; REPARAÇÃO DE VEÍCULOS AUTOMOTORES E MOTOCICLETAS";G;46;46.8;MG
EED;66.260.415/0001-02;GLAGIO DO BRASIL PROTECAO BALISTICA LTDA;27/06/1991;DEMAIS;206-2;68.10-2-02;249;30/01/2015;Atividades imobiliárias de imóveis próprios;ATIVIDADES IMOBILIÁRIAS;L;68;68.1;MG
EED;13.985.065/0001-85;GNZ-11 PARTICIPACAO SA;04/07/2011;DEMAIS;205-4;64.63-8-00;2912;03/07/2019;Outras sociedades de participação, exceto holdings;ATIVIDADES FINANCEIRAS, DE SEGUROS E SERVIÇOS RELACIONADOS;K;64;64.6;SP 
EED;13.985.065/0001-85;GNZ-11 PARTICIPACAO SA;04/07/2011;DEMAIS;205-4;30.41-5-00;2912;03/07/2019;Fabricação de aeronaves;INDÚSTRIAS DE TRANSFORMAÇÃO;C;30;30.4;SP 
EED;13.985.065/0001-85;GNZ-11 PARTICIPACAO SA;04/07/2011;DEMAIS;205-4;30.42-3-00 ;2912;03/07/2019;Fabricação de turbinas, motores e outros componentes e peças para aeronaves;INDÚSTRIAS DE TRANSFORMAÇÃO;C;30;30.4;SP 
EED;13.985.065/0001-85;GNZ-11 PARTICIPACAO SA;04/07/2011;DEMAIS;205-4;33.16-3-01;2912;03/07/2019;Manutenção e reparação de aeronaves;INDÚSTRIAS DE TRANSFORMAÇÃO;C;33;33.1;SP 
EED;13.985.065/0001-85;GNZ-11 PARTICIPACAO SA;04/07/2011;DEMAIS;205-4;33.16-3-02;2912;03/07/2019;Manutenção e reparação de aeronaves;INDÚSTRIAS DE TRANSFORMAÇÃO;C;33;33.1;SP 
EED;13.985.065/0001-85;GNZ-11 PARTICIPACAO SA;04/07/2011;DEMAIS;205-4;71.12-0-00;2912;03/07/2019;Serviços de engenharia;ATIVIDADES PROFISSIONAIS, CIENTÍFICAS E TÉCNICAS;M;71;71.1;SP 
EED;13.985.065/0001-85;GNZ-11 PARTICIPACAO SA;04/07/2011;DEMAIS;205-4;77.19-5-02;2912;03/07/2019;Locação de meios de transporte, exceto automóveis, sem condutor;ATIVIDADES ADMINISTRATIVAS E SERVIÇOS COMPLEMENTARES;N;77;77.1;SP 
EED;13.985.065/0001-85;GNZ-11 PARTICIPACAO SA;04/07/2011;DEMAIS;205-4;77.39-0-99;2912;03/07/2019;Aluguel de máquinas e equipamentos não especificados anteriormente;ATIVIDADES ADMINISTRATIVAS E SERVIÇOS COMPLEMENTARES;N;77;77.3;SP 
EED;13.985.065/0001-85;GNZ-11 PARTICIPACAO SA;04/07/2011;DEMAIS;205-4;85.99-6-04;2912;03/07/2019;Atividades de ensino não especificadas anteriormente;EDUCAÇÃO;P;85;85.9;SP 
EED;29.208.545/0001-70;GOLEDGER TECNOLOGIA E PARTICIPACOES LTDA;05/12/2017;DEMAIS;206-2;62.09-1-00;3898;21/09/2021;Suporte técnico, manutenção e outros serviços em tecnologia da informação;INFORMAÇÃO E COMUNICAÇÃO;J;62;62.0;DF
EED;29.208.545/0001-70;GOLEDGER TECNOLOGIA E PARTICIPACOES LTDA;05/12/2017;DEMAIS;206-2;62.01-5-01;3898;21/09/2021;Desenvolvimento de programas de computador sob encomenda;INFORMAÇÃO E COMUNICAÇÃO;J;62;62.0;DF
EED;29.208.545/0001-70;GOLEDGER TECNOLOGIA E PARTICIPACOES LTDA;05/12/2017;DEMAIS;206-2;62.03-1-00;3898;21/09/2021;Desenvolvimento e licenciamento de programas de computador não-customizáveis;INFORMAÇÃO E COMUNICAÇÃO;J;62;62.0;DF
EED;29.208.545/0001-70;GOLEDGER TECNOLOGIA E PARTICIPACOES LTDA;05/12/2017;DEMAIS;206-2;64.63-8-00;3898;21/09/2021;Outras sociedades de participação, exceto holdings;ATIVIDADES FINANCEIRAS, DE SEGUROS E SERVIÇOS RELACIONADOS;K;64;64.6;DF
EED;29.208.545/0001-70;GOLEDGER TECNOLOGIA E PARTICIPACOES LTDA;05/12/2017;DEMAIS;206-2;74.90-1-04;3898;21/09/2021;Atividades profissionais, científicas e técnicas não especificadas anteriormente;ATIVIDADES PROFISSIONAIS, CIENTÍFICAS E TÉCNICAS;M;74;74.9;DF
EED;29.208.545/0001-70;GOLEDGER TECNOLOGIA E PARTICIPACOES LTDA;05/12/2017;DEMAIS;206-2;82.20-2-00;3898;21/09/2021;Atividades de teleatendimento;ATIVIDADES ADMINISTRATIVAS E SERVIÇOS COMPLEMENTARES;N;82;82.2;DF
EED;29.208.545/0001-70;GOLEDGER TECNOLOGIA E PARTICIPACOES LTDA;05/12/2017;DEMAIS;206-2;82.91-1-00;3898;21/09/2021;Atividades de cobrança e informações cadastrais;ATIVIDADES ADMINISTRATIVAS E SERVIÇOS COMPLEMENTARES;N;82;82.9;DF
EED;29.208.545/0001-70;GOLEDGER TECNOLOGIA E PARTICIPACOES LTDA;05/12/2017;DEMAIS;206-2;82.99-7-02;3898;21/09/2021;Atividades de serviços prestados principalmente às empresas não especificadas anteriormente;ATIVIDADES ADMINISTRATIVAS E SERVIÇOS COMPLEMENTARES;N;82;82.9;DF
EED;29.208.545/0001-70;GOLEDGER TECNOLOGIA E PARTICIPACOES LTDA;05/12/2017;DEMAIS;206-2;85.99-6-04;3898;21/09/2021;Atividades de ensino não especificadas anteriormente;EDUCAÇÃO;P;85;85.9;DF
EED;07.758.095/0001-56;GTF COMERCIO DE PECAS E SERVICOS LTDA;19/10/2005;EPP;206-2;45.30-7-03;2667;07/08/2020;Comércio de peças e acessórios para veículos automotores;"COMÉRCIO; REPARAÇÃO DE VEÍCULOS AUTOMOTORES E MOTOCICLETAS";G;45;45.3;PR
EED;07.758.095/0001-56;GTF COMERCIO DE PECAS E SERVICOS LTDA;19/10/2005;EPP;206-2;29.50-6-00;2667;07/08/2020;Recondicionamento e recuperação de motores para veículos automotores;INDÚSTRIAS DE TRANSFORMAÇÃO;C;29;29.5;PR
EED;07.758.095/0001-56;GTF COMERCIO DE PECAS E SERVICOS LTDA;19/10/2005;EPP;206-2;33.14-7-16 ;2667;07/08/2020;Manutenção e reparação de máquinas e equipamentos da indústria mecânica;INDÚSTRIAS DE TRANSFORMAÇÃO;C;33;33.1;PR
EED;07.758.095/0001-56;GTF COMERCIO DE PECAS E SERVICOS LTDA;19/10/2005;EPP;206-2;46.63-0-00;2667;07/08/2020;"Comércio atacadista de máquinas e equipamentos para uso industrial; partes e peças";"COMÉRCIO; REPARAÇÃO DE VEÍCULOS AUTOMOTORES E MOTOCICLETAS";G;46;46.6;PR
EED;07.758.095/0001-56;GTF COMERCIO DE PECAS E SERVICOS LTDA;19/10/2005;EPP;206-2;46.62-1-00;2667;07/08/2020;"Comércio atacadista de máquinas, equipamentos para terraplenagem, mineração e construção; partes e peças";"COMÉRCIO; REPARAÇÃO DE VEÍCULOS AUTOMOTORES E MOTOCICLETAS";G;46;46.6;PR
EED;07.758.095/0001-56;GTF COMERCIO DE PECAS E SERVICOS LTDA;19/10/2005;EPP;206-2;46.61-3-00;2667;07/08/2020;"Comércio atacadista de máquinas, aparelhos e equipamentos para uso agropecuário; partes e peças";"COMÉRCIO; REPARAÇÃO DE VEÍCULOS AUTOMOTORES E MOTOCICLETAS";G;46;46.6;PR
EED;07.758.095/0001-56;GTF COMERCIO DE PECAS E SERVICOS LTDA;19/10/2005;EPP;206-2;46.52-4-00;2667;07/08/2020;Comércio atacadista de componentes eletrônicos e equipamentos de telefonia e comunicação;"COMÉRCIO; REPARAÇÃO DE VEÍCULOS AUTOMOTORES E MOTOCICLETAS";G;46;46.5;PR
EED;07.758.095/0001-56;GTF COMERCIO DE PECAS E SERVICOS LTDA;19/10/2005;EPP;206-2;47.41-5-00;2667;07/08/2020;Comércio varejista de tintas e materiais para pintura;"COMÉRCIO; REPARAÇÃO DE VEÍCULOS AUTOMOTORES E MOTOCICLETAS";G;47;47.4;PR
EED;07.758.095/0001-56;GTF COMERCIO DE PECAS E SERVICOS LTDA;19/10/2005;EPP;206-2;47.32-6-00;2667;07/08/2020;Comércio varejista de lubrificantes;"COMÉRCIO; REPARAÇÃO DE VEÍCULOS AUTOMOTORES E MOTOCICLETAS";G;47;47.3;PR
EED;07.758.095/0001-56;GTF COMERCIO DE PECAS E SERVICOS LTDA;19/10/2005;EPP;206-2;45.20-0-01;2667;07/08/2020;Manutenção e reparação de veículos automotores;"COMÉRCIO; REPARAÇÃO DE VEÍCULOS AUTOMOTORES E MOTOCICLETAS";G;45;45.2;PR
EED;07.758.095/0001-56;GTF COMERCIO DE PECAS E SERVICOS LTDA;19/10/2005;EPP;206-2;47.44-0-01;2667;07/08/2020;Comércio varejista de ferragens, madeira e materiais de construção;"COMÉRCIO; REPARAÇÃO DE VEÍCULOS AUTOMOTORES E MOTOCICLETAS";G;47;47.4;PR
EED;07.758.095/0001-56;GTF COMERCIO DE PECAS E SERVICOS LTDA;19/10/2005;EPP;206-2;45.30-7-01;2667;07/08/2020;Comércio de peças e acessórios para veículos automotores;"COMÉRCIO; REPARAÇÃO DE VEÍCULOS AUTOMOTORES E MOTOCICLETAS";G;45;45.3;PR
EED;07.758.095/0001-56;GTF COMERCIO DE PECAS E SERVICOS LTDA;19/10/2005;EPP;206-2;46.69-9-01;2667;07/08/2020;"Comércio atacadista de máquinas, aparelhos e equipamentos não especificados anteriormente; partes e peças";"COMÉRCIO; REPARAÇÃO DE VEÍCULOS AUTOMOTORES E MOTOCICLETAS";G;46;46.6;PR
EED;07.758.095/0001-56;GTF COMERCIO DE PECAS E SERVICOS LTDA;19/10/2005;EPP;206-2;45.20-0-02;2667;07/08/2020;Manutenção e reparação de veículos automotores;"COMÉRCIO; REPARAÇÃO DE VEÍCULOS AUTOMOTORES E MOTOCICLETAS";G;45;45.2;PR
EED;07.758.095/0001-56;GTF COMERCIO DE PECAS E SERVICOS LTDA;19/10/2005;EPP;206-2;45.41-2-02;2667;07/08/2020;Comércio por atacado e a varejo de motocicletas, peças e acessórios;"COMÉRCIO; REPARAÇÃO DE VEÍCULOS AUTOMOTORES E MOTOCICLETAS";G;45;45.4;PR
EED;07.758.095/0001-56;GTF COMERCIO DE PECAS E SERVICOS LTDA;19/10/2005;EPP;206-2;45.20-0-03;2667;07/08/2020;Manutenção e reparação de veículos automotores;"COMÉRCIO; REPARAÇÃO DE VEÍCULOS AUTOMOTORES E MOTOCICLETAS";G;45;45.2;PR
EED;07.758.095/0001-56;GTF COMERCIO DE PECAS E SERVICOS LTDA;19/10/2005;EPP;206-2;45.30-7-04;2667;07/08/2020;Comércio de peças e acessórios para veículos automotores;"COMÉRCIO; REPARAÇÃO DE VEÍCULOS AUTOMOTORES E MOTOCICLETAS";G;45;45.3;PR
EED;07.758.095/0001-56;GTF COMERCIO DE PECAS E SERVICOS LTDA;19/10/2005;EPP;206-2;45.41-2-06;2667;07/08/2020;Comércio por atacado e a varejo de motocicletas, peças e acessórios;"COMÉRCIO; REPARAÇÃO DE VEÍCULOS AUTOMOTORES E MOTOCICLETAS";G;45;45.4;PR
EED;07.758.095/0001-56;GTF COMERCIO DE PECAS E SERVICOS LTDA;19/10/2005;EPP;206-2;45.30-7-05 ;2667;07/08/2020;Comércio de peças e acessórios para veículos automotores;"COMÉRCIO; REPARAÇÃO DE VEÍCULOS AUTOMOTORES E MOTOCICLETAS";G;45;45.3;PR
EED;07.758.095/0001-56;GTF COMERCIO DE PECAS E SERVICOS LTDA;19/10/2005;EPP;206-2;45.20-0-07;2667;07/08/2020;Manutenção e reparação de veículos automotores;"COMÉRCIO; REPARAÇÃO DE VEÍCULOS AUTOMOTORES E MOTOCICLETAS";G;45;45.2;PR
EED;07.758.095/0001-56;GTF COMERCIO DE PECAS E SERVICOS LTDA;19/10/2005;EPP;206-2;46.69-9-99;2667;07/08/2020;"Comércio atacadista de máquinas, aparelhos e equipamentos não especificados anteriormente; partes e peças";"COMÉRCIO; REPARAÇÃO DE VEÍCULOS AUTOMOTORES E MOTOCICLETAS";G;46;46.6;PR
EED;03.619.857/0001-82;H8 ALS INDÚSTRIA AERONÁUTICA LTDA;31/01/2000;EPP;206-2;30.42-3-00;2889;27/05/2026;Fabricação de turbinas, motores e outros componentes e peças para aeronaves;INDÚSTRIAS DE TRANSFORMAÇÃO;C;30;30.4;SP
EED;03.619.857/0001-82;H8 ALS INDÚSTRIA AERONÁUTICA LTDA;31/01/2000;EPP;206-2;25.39-0-01;2889;27/05/2026;Serviços de usinagem, solda, tratamento e revestimento em metais;INDÚSTRIAS DE TRANSFORMAÇÃO;C;25;25.3;SP
EED;03.619.857/0001-82;H8 ALS INDÚSTRIA AERONÁUTICA LTDA;31/01/2000;EPP;206-2;26.51-5-00;2889;27/05/2026;Fabricação de aparelhos e equipamentos de medida, teste e controle;INDÚSTRIAS DE TRANSFORMAÇÃO;C;26;26.5;SP
EED;03.619.857/0001-82;H8 ALS INDÚSTRIA AERONÁUTICA LTDA;31/01/2000;EPP;206-2;33.16-3-01;2889;27/05/2026;Manutenção e reparação de aeronaves;INDÚSTRIAS DE TRANSFORMAÇÃO;C;33;33.1;SP
EED;03.619.857/0001-82;H8 ALS INDÚSTRIA AERONÁUTICA LTDA;31/01/2000;EPP;206-2;43.29-1-04;2889;27/05/2026;Obras de instalações em construções não especificadas anteriormente;CONSTRUÇÃO;F;43;43.2;SP
EED;03.619.857/0001-82;H8 ALS INDÚSTRIA AERONÁUTICA LTDA;31/01/2000;EPP;206-2;62.04-0-00;2889;27/05/2026;Consultoria em tecnologia da informação;INFORMAÇÃO E COMUNICAÇÃO;J;62;62.0;SP
EED;03.619.857/0001-82;H8 ALS INDÚSTRIA AERONÁUTICA LTDA;31/01/2000;EPP;206-2;62.09-1-00;2889;27/05/2026;Suporte técnico, manutenção e outros serviços em tecnologia da informação;INFORMAÇÃO E COMUNICAÇÃO;J;62;62.0;SP
EED;03.619.857/0001-82;H8 ALS INDÚSTRIA AERONÁUTICA LTDA;31/01/2000;EPP;206-2;71.20-1-00;2889;27/05/2026;Testes e análises técnicas;ATIVIDADES PROFISSIONAIS, CIENTÍFICAS E TÉCNICAS;M;71;71.2;SP
EED;03.619.857/0001-82;H8 ALS INDÚSTRIA AERONÁUTICA LTDA;31/01/2000;EPP;206-2;72.10-0-00;2889;27/05/2026;Pesquisa e desenvolvimento experimental em ciências físicas e naturais;ATIVIDADES PROFISSIONAIS, CIENTÍFICAS E TÉCNICAS;M;72;72.1;SP
EED;03.619.857/0001-82;H8 ALS INDÚSTRIA AERONÁUTICA LTDA;31/01/2000;EPP;206-2;82.19-9-99;2889;27/05/2026;Fotocópias, preparação de documentos e outros serviços especializados de apoio administrativo;ATIVIDADES ADMINISTRATIVAS E SERVIÇOS COMPLEMENTARES;N;82;82.1;SP
EED;07.418.547/0001-50;HBR AVIACAO;30/05/2005;DEMAIS;205-4;33.16-3-01;3216;12/06/2023;Manutenção e reparação de aeronaves;INDÚSTRIAS DE TRANSFORMAÇÃO;C;33;33.1;SP
EED;07.418.547/0001-50;HBR AVIACAO;30/05/2005;DEMAIS;205-4;33.14-7-01;3216;12/06/2023;Manutenção e reparação de máquinas e equipamentos da indústria mecânica;INDÚSTRIAS DE TRANSFORMAÇÃO;C;33;33.1;SP
EED;07.418.547/0001-50;HBR AVIACAO;30/05/2005;DEMAIS;205-4;33.14-7-02;3216;12/06/2023;Manutenção e reparação de máquinas e equipamentos da indústria mecânica;INDÚSTRIAS DE TRANSFORMAÇÃO;C;33;33.1;SP
EED;07.418.547/0001-50;HBR AVIACAO;30/05/2005;DEMAIS;205-4;33.14-7-03;3216;12/06/2023;Manutenção e reparação de máquinas e equipamentos da indústria mecânica;INDÚSTRIAS DE TRANSFORMAÇÃO;C;33;33.1;SP
EED;07.418.547/0001-50;HBR AVIACAO;30/05/2005;DEMAIS;205-4;33.14-7-04;3216;12/06/2023;Manutenção e reparação de máquinas e equipamentos da indústria mecânica;INDÚSTRIAS DE TRANSFORMAÇÃO;C;33;33.1;SP
EED;07.418.547/0001-50;HBR AVIACAO;30/05/2005;DEMAIS;205-4;33.14-7-05;3216;12/06/2023;Manutenção e reparação de máquinas e equipamentos da indústria mecânica;INDÚSTRIAS DE TRANSFORMAÇÃO;C;33;33.1;SP
EED;07.418.547/0001-50;HBR AVIACAO;30/05/2005;DEMAIS;205-4;33.14-7-06;3216;12/06/2023;Manutenção e reparação de máquinas e equipamentos da indústria mecânica;INDÚSTRIAS DE TRANSFORMAÇÃO;C;33;33.1;SP
EED;07.418.547/0001-50;HBR AVIACAO;30/05/2005;DEMAIS;205-4;46.14-1-00;3216;12/06/2023;Representantes comerciais e agentes do comércio de máquinas, equipamentos, embarcações e aeronaves;"COMÉRCIO; REPARAÇÃO DE VEÍCULOS AUTOMOTORES E MOTOCICLETAS";G;46;46.1;SP
EED;07.418.547/0001-50;HBR AVIACAO;30/05/2005;DEMAIS;205-4;46.42-7-02;3216;12/06/2023;Comércio atacadista de artigos do vestuário e acessórios;"COMÉRCIO; REPARAÇÃO DE VEÍCULOS AUTOMOTORES E MOTOCICLETAS";G;46;46.4;SP
EED;07.418.547/0001-50;HBR AVIACAO;30/05/2005;DEMAIS;205-4;46.44-3-01;3216;12/06/2023;Comércio atacadista de produtos farmacêuticos para uso humano e veterinário;"COMÉRCIO; REPARAÇÃO DE VEÍCULOS AUTOMOTORES E MOTOCICLETAS";G;46;46.4;SP
EED;07.418.547/0001-50;HBR AVIACAO;30/05/2005;DEMAIS;205-4;46.45-1-01;3216;12/06/2023;Comércio atacadista de instrumentos e materiais para uso médico, cirúrgico, ortopédico e odontológico;"COMÉRCIO; REPARAÇÃO DE VEÍCULOS AUTOMOTORES E MOTOCICLETAS";G;46;46.4;SP
EED;07.418.547/0001-50;HBR AVIACAO;30/05/2005;DEMAIS;205-4;46.64-8-00;3216;12/06/2023;"Comércio atacadista de máquinas, aparelhos e equipamentos para uso odonto-médico-hospitalar; partes e peças";"COMÉRCIO; REPARAÇÃO DE VEÍCULOS AUTOMOTORES E MOTOCICLETAS";G;46;46.6;SP
EED;07.418.547/0001-50;HBR AVIACAO;30/05/2005;DEMAIS;205-4;46.69-9-99;3216;12/06/2023;"Comércio atacadista de máquinas, aparelhos e equipamentos não especificados anteriormente; partes e peças";"COMÉRCIO; REPARAÇÃO DE VEÍCULOS AUTOMOTORES E MOTOCICLETAS";G;46;46.6;SP
EED;07.418.547/0001-50;HBR AVIACAO;30/05/2005;DEMAIS;205-4;46.84-2-99;3216;12/06/2023;Comércio atacadista de produtos químicos e petroquímicos, exceto agroquímicos;"COMÉRCIO; REPARAÇÃO DE VEÍCULOS AUTOMOTORES E MOTOCICLETAS";G;46;46.8;SP
EED;07.418.547/0001-50;HBR AVIACAO;30/05/2005;DEMAIS;205-4;47.73-3-00;3216;12/06/2023;Comércio varejista de artigos médicos e ortopédicos;"COMÉRCIO; REPARAÇÃO DE VEÍCULOS AUTOMOTORES E MOTOCICLETAS";G;47;47.7;SP
EED;07.418.547/0001-50;HBR AVIACAO;30/05/2005;DEMAIS;205-4;52.23-1-00 ;3216;12/06/2023;Estacionamento de veículos;TRANSPORTE, ARMAZENAGEM E CORREIO;H;52;52.2;SP
EED;07.418.547/0001-50;HBR AVIACAO;30/05/2005;DEMAIS;205-4;52.40-1-01;3216;12/06/2023;Atividades auxiliares dos transportes aéreos;TRANSPORTE, ARMAZENAGEM E CORREIO;H;52;52.4;SP
EED;07.418.547/0001-50;HBR AVIACAO;30/05/2005;DEMAIS;205-4;52.40-1-99;3216;12/06/2023;Atividades auxiliares dos transportes aéreos;TRANSPORTE, ARMAZENAGEM E CORREIO;H;52;52.4;SP
EED;07.418.547/0001-50;HBR AVIACAO;30/05/2005;DEMAIS;205-4;74.90-1-04;3216;12/06/2023;Atividades profissionais, científicas e técnicas não especificadas anteriormente;ATIVIDADES PROFISSIONAIS, CIENTÍFICAS E TÉCNICAS;M;74;74.9;SP
EED;07.418.547/0001-50;HBR AVIACAO;30/05/2005;DEMAIS;205-4;77.19-5-02;3216;12/06/2023;Locação de meios de transporte, exceto automóveis, sem condutor;ATIVIDADES ADMINISTRATIVAS E SERVIÇOS COMPLEMENTARES;N;77;77.1;SP
EED;07.418.547/0001-50;HBR AVIACAO;30/05/2005;DEMAIS;205-4;78.20-5-00 ;3216;12/06/2023;Locação de mão-de-obra temporária;ATIVIDADES ADMINISTRATIVAS E SERVIÇOS COMPLEMENTARES;N;78;78.2;SP
ED;20.367.629/0001-81;HELICOPTEROS DO BRASIL S/A;14/04/1978;DEMAIS;205-4;30.41-5-00;2339;06/05/2024;Fabricação de aeronaves;INDÚSTRIAS DE TRANSFORMAÇÃO;C;30;30.4;MG
ED;20.367.629/0001-81;HELICOPTEROS DO BRASIL S/A;14/04/1978;DEMAIS;205-4;33.16-3-01;2339;06/05/2024;Manutenção e reparação de aeronaves;INDÚSTRIAS DE TRANSFORMAÇÃO;C;33;33.1;MG
ED;20.367.629/0001-81;HELICOPTEROS DO BRASIL S/A;14/04/1978;DEMAIS;205-4;85.99-6-04;2339;06/05/2024;Atividades de ensino não especificadas anteriormente;EDUCAÇÃO;P;85;85.9;MG
EED;75.543.611/0001-85;HELISUL TAXI AEREO LTDA;19/10/1972;DEMAIS;206-2;51.12-9-01 ;4514;27/09/2024;Transporte aéreo de passageiros não-regular;TRANSPORTE, ARMAZENAGEM E CORREIO;H;51;51.1;PR
EED;75.543.611/0001-85;HELISUL TAXI AEREO LTDA;19/10/1972;DEMAIS;206-2;33.16-3-01;4514;27/09/2024;Manutenção e reparação de aeronaves;INDÚSTRIAS DE TRANSFORMAÇÃO;C;33;33.1;PR
EED;75.543.611/0001-85;HELISUL TAXI AEREO LTDA;19/10/1972;DEMAIS;206-2;46.69-9-99;4514;27/09/2024;"Comércio atacadista de máquinas, aparelhos e equipamentos não especificados anteriormente; partes e peças";"COMÉRCIO; REPARAÇÃO DE VEÍCULOS AUTOMOTORES E MOTOCICLETAS";G;46;46.6;PR
EED;75.543.611/0001-85;HELISUL TAXI AEREO LTDA;19/10/1972;DEMAIS;206-2;47.31-8-00;4514;27/09/2024;Comércio varejista de combustíveis para veículos automotores;"COMÉRCIO; REPARAÇÃO DE VEÍCULOS AUTOMOTORES E MOTOCICLETAS";G;47;47.3;PR
EED;75.543.611/0001-85;HELISUL TAXI AEREO LTDA;19/10/1972;DEMAIS;206-2;47.32-6-00;4514;27/09/2024;Comércio varejista de lubrificantes;"COMÉRCIO; REPARAÇÃO DE VEÍCULOS AUTOMOTORES E MOTOCICLETAS";G;47;47.3;PR
EED;75.543.611/0001-85;HELISUL TAXI AEREO LTDA;19/10/1972;DEMAIS;206-2;51.12-9-99;4514;27/09/2024;Transporte aéreo de passageiros não-regular;TRANSPORTE, ARMAZENAGEM E CORREIO;H;51;51.1;PR
EED;75.543.611/0001-85;HELISUL TAXI AEREO LTDA;19/10/1972;DEMAIS;206-2;52.40-1-01;4514;27/09/2024;Atividades auxiliares dos transportes aéreos;TRANSPORTE, ARMAZENAGEM E CORREIO;H;52;52.4;PR
EED;75.543.611/0001-85;HELISUL TAXI AEREO LTDA;19/10/1972;DEMAIS;206-2;52.40-1-99;4514;27/09/2024;Atividades auxiliares dos transportes aéreos;TRANSPORTE, ARMAZENAGEM E CORREIO;H;52;52.4;PR
EED;75.543.611/0001-85;HELISUL TAXI AEREO LTDA;19/10/1972;DEMAIS;206-2;59.11-1-02 ;4514;27/09/2024;Atividades de produção cinematográfica, de vídeos e de programas de televisão;INFORMAÇÃO E COMUNICAÇÃO;J;59;59.1;PR
EED;75.543.611/0001-85;HELISUL TAXI AEREO LTDA;19/10/1972;DEMAIS;206-2;59.14-6-00;4514;27/09/2024;Atividades de exibição cinematográfica;INFORMAÇÃO E COMUNICAÇÃO;J;59;59.1;PR
EED;75.543.611/0001-85;HELISUL TAXI AEREO LTDA;19/10/1972;DEMAIS;206-2;85.99-6-02;4514;27/09/2024;Atividades de ensino não especificadas anteriormente;EDUCAÇÃO;P;85;85.9;PR
EED;75.543.611/0001-85;HELISUL TAXI AEREO LTDA;19/10/1972;DEMAIS;206-2;86.21-6-01;4514;27/09/2024;Serviços móveis de atendimento a urgências;SAÚDE HUMANA E SERVIÇOS SOCIAIS;Q;86;86.2;PR
EED;75.543.611/0001-85;HELISUL TAXI AEREO LTDA;19/10/1972;DEMAIS;206-2;86.21-6-02;4514;27/09/2024;Serviços móveis de atendimento a urgências;SAÚDE HUMANA E SERVIÇOS SOCIAIS;Q;86;86.2;PR
EED;75.543.611/0001-85;HELISUL TAXI AEREO LTDA;19/10/1972;DEMAIS;206-2;86.22-4-00;4514;27/09/2024;Serviços de remoção de pacientes, exceto os serviços móveis de atendimento a urgências;SAÚDE HUMANA E SERVIÇOS SOCIAIS;Q;86;86.2;PR
ED;17.424.963/0001-15;HENSOLDT DO BRASIL SEGURANCA E DEFESA ELETRONICA E OPTICA LTDA;28/09/2012;DEMAIS;206-2;74.90-1-99;5575;05/12/2024;Atividades profissionais, científicas e técnicas não especificadas anteriormente;ATIVIDADES PROFISSIONAIS, CIENTÍFICAS E TÉCNICAS;M;74;74.9;SP
ED;17.424.963/0001-15;HENSOLDT DO BRASIL SEGURANCA E DEFESA ELETRONICA E OPTICA LTDA;28/09/2012;DEMAIS;206-2;46.69-9-99;5575;05/12/2024;"Comércio atacadista de máquinas, aparelhos e equipamentos não especificados anteriormente; partes e peças";"COMÉRCIO; REPARAÇÃO DE VEÍCULOS AUTOMOTORES E MOTOCICLETAS";G;46;46.6;SP
ED;17.424.963/0001-15;HENSOLDT DO BRASIL SEGURANCA E DEFESA ELETRONICA E OPTICA LTDA;28/09/2012;DEMAIS;206-2;82.11-3-00;5575;05/12/2024;Serviços combinados de escritório e apoio administrativo;ATIVIDADES ADMINISTRATIVAS E SERVIÇOS COMPLEMENTARES;N;82;82.1;SP
EED;01.376.473/0001-50;HERSA ENGENHARIA E SERVICOS LTDA;12/08/1996;DEMAIS;206-2;43.21-5-00;2650;19/10/2014;Instalações elétricas;CONSTRUÇÃO;F;43;43.2;SP
EED;01.376.473/0001-50;HERSA ENGENHARIA E SERVICOS LTDA;12/08/1996;DEMAIS;206-2;35.11-5-01 ;2650;19/10/2014;Geração de energia elétrica;ELETRICIDADE E GÁS;D;35;35.1;SP
EED;01.376.473/0001-50;HERSA ENGENHARIA E SERVICOS LTDA;12/08/1996;DEMAIS;206-2;35.12-3-00;2650;19/10/2014;Transmissão de energia elétrica;ELETRICIDADE E GÁS;D;35;35.1;SP
EED;01.376.473/0001-50;HERSA ENGENHARIA E SERVICOS LTDA;12/08/1996;DEMAIS;206-2;41.20-4-00;2650;19/10/2014;Construção de edifícios;CONSTRUÇÃO;F;41;41.2;SP
EED;01.376.473/0001-50;HERSA ENGENHARIA E SERVICOS LTDA;12/08/1996;DEMAIS;206-2;42.21-9-02;2650;19/10/2014;Obras para geração e distribuição de energia elétrica e para telecomunicações;CONSTRUÇÃO;F;42;42.2;SP
EED;01.376.473/0001-50;HERSA ENGENHARIA E SERVICOS LTDA;12/08/1996;DEMAIS;206-2;42.21-9-03;2650;19/10/2014;Obras para geração e distribuição de energia elétrica e para telecomunicações;CONSTRUÇÃO;F;42;42.2;SP
EED;01.376.473/0001-50;HERSA ENGENHARIA E SERVICOS LTDA;12/08/1996;DEMAIS;206-2;42.92-8-02;2650;19/10/2014;Montagem de instalações industriais e de estruturas metálicas;CONSTRUÇÃO;F;42;42.9;SP
EED;01.376.473/0001-50;HERSA ENGENHARIA E SERVICOS LTDA;12/08/1996;DEMAIS;206-2;42.99-5-99;2650;19/10/2014;Obras de engenharia civil não especificadas anteriormente;CONSTRUÇÃO;F;42;42.9;SP
EED;01.376.473/0001-50;HERSA ENGENHARIA E SERVICOS LTDA;12/08/1996;DEMAIS;206-2;43.22-3-01;2650;19/10/2014;Instalações hidráulicas, de sistemas de ventilação e refrigeração;CONSTRUÇÃO;F;43;43.2;SP
EED;01.376.473/0001-50;HERSA ENGENHARIA E SERVICOS LTDA;12/08/1996;DEMAIS;206-2;43.22-3-02;2650;19/10/2014;Instalações hidráulicas, de sistemas de ventilação e refrigeração;CONSTRUÇÃO;F;43;43.2;SP
EED;01.376.473/0001-50;HERSA ENGENHARIA E SERVICOS LTDA;12/08/1996;DEMAIS;206-2;43.22-3-03;2650;19/10/2014;Instalações hidráulicas, de sistemas de ventilação e refrigeração;CONSTRUÇÃO;F;43;43.2;SP
EED;01.376.473/0001-50;HERSA ENGENHARIA E SERVICOS LTDA;12/08/1996;DEMAIS;206-2;43.29-1-04;2650;19/10/2014;Obras de instalações em construções não especificadas anteriormente;CONSTRUÇÃO;F;43;43.2;SP
EED;01.376.473/0001-50;HERSA ENGENHARIA E SERVICOS LTDA;12/08/1996;DEMAIS;206-2;43.29-1-99;2650;19/10/2014;Obras de instalações em construções não especificadas anteriormente;CONSTRUÇÃO;F;43;43.2;SP
EED;01.376.473/0001-50;HERSA ENGENHARIA E SERVICOS LTDA;12/08/1996;DEMAIS;206-2;50.30-1-01;2650;19/10/2014;Navegação de apoio;TRANSPORTE, ARMAZENAGEM E CORREIO;H;50;50.3;SP
EED;01.376.473/0001-50;HERSA ENGENHARIA E SERVICOS LTDA;12/08/1996;DEMAIS;206-2;50.30-1-02;2650;19/10/2014;Navegação de apoio;TRANSPORTE, ARMAZENAGEM E CORREIO;H;50;50.3;SP
EED;01.376.473/0001-50;HERSA ENGENHARIA E SERVICOS LTDA;12/08/1996;DEMAIS;206-2;71.12-0-00;2650;19/10/2014;Serviços de engenharia;ATIVIDADES PROFISSIONAIS, CIENTÍFICAS E TÉCNICAS;M;71;71.1;SP
EED;05.603.591/0001-05;HEX INFORMATICA LTDA;10/04/2003;DEMAIS;206-2;63.11-9-00;4787;26/09/2023;Tratamento de dados, provedores de serviços de aplicação e serviços de hospedagem na internet;INFORMAÇÃO E COMUNICAÇÃO;J;63;63.1;DF
EED;05.603.591/0001-05;HEX INFORMATICA LTDA;10/04/2003;DEMAIS;206-2;46.14-1-00;4787;26/09/2023;Representantes comerciais e agentes do comércio de máquinas, equipamentos, embarcações e aeronaves;"COMÉRCIO; REPARAÇÃO DE VEÍCULOS AUTOMOTORES E MOTOCICLETAS";G;46;46.1;DF
EED;05.603.591/0001-05;HEX INFORMATICA LTDA;10/04/2003;DEMAIS;206-2;62.01-5-01;4787;26/09/2023;Desenvolvimento de programas de computador sob encomenda;INFORMAÇÃO E COMUNICAÇÃO;J;62;62.0;DF
EED;05.603.591/0001-05;HEX INFORMATICA LTDA;10/04/2003;DEMAIS;206-2;62.02-3-00;4787;26/09/2023;Desenvolvimento e licenciamento de programas de computador customizáveis;INFORMAÇÃO E COMUNICAÇÃO;J;62;62.0;DF
EED;05.603.591/0001-05;HEX INFORMATICA LTDA;10/04/2003;DEMAIS;206-2;71.19-7-01;4787;26/09/2023;Atividades técnicas relacionadas à arquitetura e engenharia;ATIVIDADES PROFISSIONAIS, CIENTÍFICAS E TÉCNICAS;M;71;71.1;DF
EED;05.603.591/0001-05;HEX INFORMATICA LTDA;10/04/2003;DEMAIS;206-2;71.19-7-99;4787;26/09/2023;Atividades técnicas relacionadas à arquitetura e engenharia;ATIVIDADES PROFISSIONAIS, CIENTÍFICAS E TÉCNICAS;M;71;71.1;DF
EED;05.603.591/0001-05;HEX INFORMATICA LTDA;10/04/2003;DEMAIS;206-2;80.20-0-01;4787;26/09/2023;Atividades de monitoramento de sistemas de segurança;ATIVIDADES ADMINISTRATIVAS E SERVIÇOS COMPLEMENTARES;N;80;80.2;DF
ED;07.111.023/0001-12;HI TECHNOLOGIES LTDA;18/11/2004;DEMAIS;206-2;26.60-4-00;3897;21/09/2021;Fabricação de aparelhos eletromédicos e eletroterapêuticos e equipamentos de irradiação;INDÚSTRIAS DE TRANSFORMAÇÃO;C;26;26.6;PR
ED;07.111.023/0001-12;HI TECHNOLOGIES LTDA;18/11/2004;DEMAIS;206-2;26.21-3-00;3897;21/09/2021;Fabricação de equipamentos de informática;INDÚSTRIAS DE TRANSFORMAÇÃO;C;26;26.2;PR
ED;07.111.023/0001-12;HI TECHNOLOGIES LTDA;18/11/2004;DEMAIS;206-2;26.22-1-00;3897;21/09/2021;Fabricação de periféricos para equipamentos de informática;INDÚSTRIAS DE TRANSFORMAÇÃO;C;26;26.2;PR
ED;07.111.023/0001-12;HI TECHNOLOGIES LTDA;18/11/2004;DEMAIS;206-2;33.12-1-03 ;3897;21/09/2021;Manutenção e reparação de equipamentos eletrônicos e ópticos;INDÚSTRIAS DE TRANSFORMAÇÃO;C;33;33.1;PR
ED;07.111.023/0001-12;HI TECHNOLOGIES LTDA;18/11/2004;DEMAIS;206-2;46.51-6-01;3897;21/09/2021;Comércio atacadista de computadores, periféricos e suprimentos de informática;"COMÉRCIO; REPARAÇÃO DE VEÍCULOS AUTOMOTORES E MOTOCICLETAS";G;46;46.5;PR
ED;07.111.023/0001-12;HI TECHNOLOGIES LTDA;18/11/2004;DEMAIS;206-2;46.51-6-02;3897;21/09/2021;Comércio atacadista de computadores, periféricos e suprimentos de informática;"COMÉRCIO; REPARAÇÃO DE VEÍCULOS AUTOMOTORES E MOTOCICLETAS";G;46;46.5;PR
ED;07.111.023/0001-12;HI TECHNOLOGIES LTDA;18/11/2004;DEMAIS;206-2;46.64-8-00;3897;21/09/2021;"Comércio atacadista de máquinas, aparelhos e equipamentos para uso odonto-médico-hospitalar; partes e peças";"COMÉRCIO; REPARAÇÃO DE VEÍCULOS AUTOMOTORES E MOTOCICLETAS";G;46;46.6;PR
ED;07.111.023/0001-12;HI TECHNOLOGIES LTDA;18/11/2004;DEMAIS;206-2;47.51-2-01;3897;21/09/2021;Comércio varejista especializado de equipamentos e suprimentos de informática;"COMÉRCIO; REPARAÇÃO DE VEÍCULOS AUTOMOTORES E MOTOCICLETAS";G;47;47.5;PR
ED;07.111.023/0001-12;HI TECHNOLOGIES LTDA;18/11/2004;DEMAIS;206-2;62.01-5-01;3897;21/09/2021;Desenvolvimento de programas de computador sob encomenda;INFORMAÇÃO E COMUNICAÇÃO;J;62;62.0;PR
ED;07.111.023/0001-12;HI TECHNOLOGIES LTDA;18/11/2004;DEMAIS;206-2;72.10-0-00;3897;21/09/2021;Pesquisa e desenvolvimento experimental em ciências físicas e naturais;ATIVIDADES PROFISSIONAIS, CIENTÍFICAS E TÉCNICAS;M;72;72.1;PR
ED;07.111.023/0001-12;HI TECHNOLOGIES LTDA;18/11/2004;DEMAIS;206-2;77.33-1-00;3897;21/09/2021;Aluguel de máquinas e equipamentos para escritório;ATIVIDADES ADMINISTRATIVAS E SERVIÇOS COMPLEMENTARES;N;77;77.3;PR
ED;07.111.023/0001-12;HI TECHNOLOGIES LTDA;18/11/2004;DEMAIS;206-2;77.39-0-02;3897;21/09/2021;Aluguel de máquinas e equipamentos não especificados anteriormente;ATIVIDADES ADMINISTRATIVAS E SERVIÇOS COMPLEMENTARES;N;77;77.3;PR
ED;07.111.023/0001-12;HI TECHNOLOGIES LTDA;18/11/2004;DEMAIS;206-2;86.40-2-02;3897;21/09/2021;Atividades de serviços de complementação diagnóstica e terapêutica;SAÚDE HUMANA E SERVIÇOS SOCIAIS;Q;86;86.4;PR
ED;07.111.023/0001-12;HI TECHNOLOGIES LTDA;18/11/2004;DEMAIS;206-2;86.90-9-99;3897;21/09/2021;Atividades de atenção à saúde humana não especificadas anteriormente;SAÚDE HUMANA E SERVIÇOS SOCIAIS;Q;86;86.9;PR
EED;03.548.170/0001-01;HOBECO SUDAMERICANA LTDA;08/12/1999;DEMAIS;206-2;26.51-5-00;2326;19/07/2018;Fabricação de aparelhos e equipamentos de medida, teste e controle;INDÚSTRIAS DE TRANSFORMAÇÃO;C;26;26.5;RJ
EED;03.548.170/0001-01;HOBECO SUDAMERICANA LTDA;08/12/1999;DEMAIS;206-2;28.25-9-00;2326;19/07/2018;Fabricação de máquinas e equipamentos para saneamento básico e ambiental;INDÚSTRIAS DE TRANSFORMAÇÃO;C;28;28.2;RJ
EED;03.548.170/0001-01;HOBECO SUDAMERICANA LTDA;08/12/1999;DEMAIS;206-2;33.12-1-02;2326;19/07/2018;Manutenção e reparação de equipamentos eletrônicos e ópticos;INDÚSTRIAS DE TRANSFORMAÇÃO;C;33;33.1;RJ
EED;03.548.170/0001-01;HOBECO SUDAMERICANA LTDA;08/12/1999;DEMAIS;206-2;33.21-0-00;2326;19/07/2018;Instalação de máquinas e equipamentos industriais;INDÚSTRIAS DE TRANSFORMAÇÃO;C;33;33.2;RJ
EED;03.548.170/0001-01;HOBECO SUDAMERICANA LTDA;08/12/1999;DEMAIS;206-2;46.19-2-00;2326;19/07/2018;Representantes comerciais e agentes do comércio de mercadorias em geral não especializado;"COMÉRCIO; REPARAÇÃO DE VEÍCULOS AUTOMOTORES E MOTOCICLETAS";G;46;46.1;RJ
EED;03.548.170/0001-01;HOBECO SUDAMERICANA LTDA;08/12/1999;DEMAIS;206-2;46.69-9-99;2326;19/07/2018;"Comércio atacadista de máquinas, aparelhos e equipamentos não especificados anteriormente; partes e peças";"COMÉRCIO; REPARAÇÃO DE VEÍCULOS AUTOMOTORES E MOTOCICLETAS";G;46;46.6;RJ
EED;03.548.170/0001-01;HOBECO SUDAMERICANA LTDA;08/12/1999;DEMAIS;206-2;61.90-6-99 ;2326;19/07/2018;Outras atividades de telecomunicações;INFORMAÇÃO E COMUNICAÇÃO;J;61;61.9;RJ
EED;03.548.170/0001-01;HOBECO SUDAMERICANA LTDA;08/12/1999;DEMAIS;206-2;62.03-1-00;2326;19/07/2018;Desenvolvimento e licenciamento de programas de computador não-customizáveis;INFORMAÇÃO E COMUNICAÇÃO;J;62;62.0;RJ
EED;03.548.170/0001-01;HOBECO SUDAMERICANA LTDA;08/12/1999;DEMAIS;206-2;62.09-1-00;2326;19/07/2018;Suporte técnico, manutenção e outros serviços em tecnologia da informação;INFORMAÇÃO E COMUNICAÇÃO;J;62;62.0;RJ
EED;03.548.170/0001-01;HOBECO SUDAMERICANA LTDA;08/12/1999;DEMAIS;206-2;64.63-8-00;2326;19/07/2018;Outras sociedades de participação, exceto holdings;ATIVIDADES FINANCEIRAS, DE SEGUROS E SERVIÇOS RELACIONADOS;K;64;64.6;RJ
EED;03.548.170/0001-01;HOBECO SUDAMERICANA LTDA;08/12/1999;DEMAIS;206-2;71.12-0-00;2326;19/07/2018;Serviços de engenharia;ATIVIDADES PROFISSIONAIS, CIENTÍFICAS E TÉCNICAS;M;71;71.1;RJ
EED;03.548.170/0001-01;HOBECO SUDAMERICANA LTDA;08/12/1999;DEMAIS;206-2;85.99-6-04;2326;19/07/2018;Atividades de ensino não especificadas anteriormente;EDUCAÇÃO;P;85;85.9;RJ
EED;56.035.876/0001-28;IACIT SOLUCOES TECNOLOGICAS SA ;15/07/1986;DEMAIS;205-4;71.12-0-00;1346;28/05/2014;Serviços de engenharia;ATIVIDADES PROFISSIONAIS, CIENTÍFICAS E TÉCNICAS;M;71;71.1;SP
EED;56.035.876/0001-28;IACIT SOLUCOES TECNOLOGICAS SA ;15/07/1986;DEMAIS;205-4;26.31-1-00;1346;28/05/2014;Fabricação de equipamentos transmissores de comunicação;INDÚSTRIAS DE TRANSFORMAÇÃO;C;26;26.3;SP
EED;56.035.876/0001-28;IACIT SOLUCOES TECNOLOGICAS SA ;15/07/1986;DEMAIS;205-4;26.51-5-00;1346;28/05/2014;Fabricação de aparelhos e equipamentos de medida, teste e controle;INDÚSTRIAS DE TRANSFORMAÇÃO;C;26;26.5;SP
EED;56.035.876/0001-28;IACIT SOLUCOES TECNOLOGICAS SA ;15/07/1986;DEMAIS;205-4;27.90-2-02;1346;28/05/2014;Fabricação de equipamentos e aparelhos elétricos não especificados anteriormente;INDÚSTRIAS DE TRANSFORMAÇÃO;C;27;27.9;SP
EED;56.035.876/0001-28;IACIT SOLUCOES TECNOLOGICAS SA ;15/07/1986;DEMAIS;205-4;27.90-2-99;1346;28/05/2014;Fabricação de equipamentos e aparelhos elétricos não especificados anteriormente;INDÚSTRIAS DE TRANSFORMAÇÃO;C;27;27.9;SP
EED;56.035.876/0001-28;IACIT SOLUCOES TECNOLOGICAS SA ;15/07/1986;DEMAIS;205-4;33.12-1-02;1346;28/05/2014;Manutenção e reparação de equipamentos eletrônicos e ópticos;INDÚSTRIAS DE TRANSFORMAÇÃO;C;33;33.1;SP
EED;56.035.876/0001-28;IACIT SOLUCOES TECNOLOGICAS SA ;15/07/1986;DEMAIS;205-4;33.19-8-00;1346;28/05/2014;Manutenção e reparação de equipamentos e produtos não especificados anteriormente;INDÚSTRIAS DE TRANSFORMAÇÃO;C;33;33.1;SP
EED;56.035.876/0001-28;IACIT SOLUCOES TECNOLOGICAS SA ;15/07/1986;DEMAIS;205-4;33.29-5-99;1346;28/05/2014;Instalação de equipamentos não especificados anteriormente;INDÚSTRIAS DE TRANSFORMAÇÃO;C;33;33.2;SP
EED;56.035.876/0001-28;IACIT SOLUCOES TECNOLOGICAS SA ;15/07/1986;DEMAIS;205-4;43.21-5-00;1346;28/05/2014;Instalações elétricas;CONSTRUÇÃO;F;43;43.2;SP
EED;56.035.876/0001-28;IACIT SOLUCOES TECNOLOGICAS SA ;15/07/1986;DEMAIS;205-4;43.29-1-02;1346;28/05/2014;Obras de instalações em construções não especificadas anteriormente;CONSTRUÇÃO;F;43;43.2;SP
EED;56.035.876/0001-28;IACIT SOLUCOES TECNOLOGICAS SA ;15/07/1986;DEMAIS;205-4;43.29-1-04;1346;28/05/2014;Obras de instalações em construções não especificadas anteriormente;CONSTRUÇÃO;F;43;43.2;SP
EED;56.035.876/0001-28;IACIT SOLUCOES TECNOLOGICAS SA ;15/07/1986;DEMAIS;205-4;43.29-1-99;1346;28/05/2014;Obras de instalações em construções não especificadas anteriormente;CONSTRUÇÃO;F;43;43.2;SP
EED;56.035.876/0001-28;IACIT SOLUCOES TECNOLOGICAS SA ;15/07/1986;DEMAIS;205-4;43.99-1-99;1346;28/05/2014;Serviços especializados para construção não especificados anteriormente;CONSTRUÇÃO;F;43;43.9;SP
EED;56.035.876/0001-28;IACIT SOLUCOES TECNOLOGICAS SA ;15/07/1986;DEMAIS;205-4;47.52-1-00;1346;28/05/2014;Comércio varejista especializado de equipamentos de telefonia e comunicação;"COMÉRCIO; REPARAÇÃO DE VEÍCULOS AUTOMOTORES E MOTOCICLETAS";G;47;47.5;SP
EED;56.035.876/0001-28;IACIT SOLUCOES TECNOLOGICAS SA ;15/07/1986;DEMAIS;205-4;61.90-6-99;1346;28/05/2014;Outras atividades de telecomunicações;INFORMAÇÃO E COMUNICAÇÃO;J;61;61.9;SP
EED;56.035.876/0001-28;IACIT SOLUCOES TECNOLOGICAS SA ;15/07/1986;DEMAIS;205-4;62.01-5-01;1346;28/05/2014;Desenvolvimento de programas de computador sob encomenda;INFORMAÇÃO E COMUNICAÇÃO;J;62;62.0;SP
EED;56.035.876/0001-28;IACIT SOLUCOES TECNOLOGICAS SA ;15/07/1986;DEMAIS;205-4;62.02-3-00;1346;28/05/2014;Desenvolvimento e licenciamento de programas de computador customizáveis;INFORMAÇÃO E COMUNICAÇÃO;J;62;62.0;SP
EED;56.035.876/0001-28;IACIT SOLUCOES TECNOLOGICAS SA ;15/07/1986;DEMAIS;205-4;62.04-0-00;1346;28/05/2014;Consultoria em tecnologia da informação;INFORMAÇÃO E COMUNICAÇÃO;J;62;62.0;SP
EED;56.035.876/0001-28;IACIT SOLUCOES TECNOLOGICAS SA ;15/07/1986;DEMAIS;205-4;63.11-9-00;1346;28/05/2014;Tratamento de dados, provedores de serviços de aplicação e serviços de hospedagem na internet;INFORMAÇÃO E COMUNICAÇÃO;J;63;63.1;SP
EED;56.035.876/0001-28;IACIT SOLUCOES TECNOLOGICAS SA ;15/07/1986;DEMAIS;205-4;72.10-0-00;1346;28/05/2014;Pesquisa e desenvolvimento experimental em ciências físicas e naturais;ATIVIDADES PROFISSIONAIS, CIENTÍFICAS E TÉCNICAS;M;72;72.1;SP
EED;56.035.876/0001-28;IACIT SOLUCOES TECNOLOGICAS SA ;15/07/1986;DEMAIS;205-4;74.90-1-99 ;1346;28/05/2014;Atividades profissionais, científicas e técnicas não especificadas anteriormente;ATIVIDADES PROFISSIONAIS, CIENTÍFICAS E TÉCNICAS;M;74;74.9;SP
EED;56.035.876/0001-28;IACIT SOLUCOES TECNOLOGICAS SA ;15/07/1986;DEMAIS;205-4;78.20-5-00;1346;28/05/2014;Locação de mão-de-obra temporária;ATIVIDADES ADMINISTRATIVAS E SERVIÇOS COMPLEMENTARES;N;78;78.2;SP
EED;56.035.876/0001-28;IACIT SOLUCOES TECNOLOGICAS SA ;15/07/1986;DEMAIS;205-4;85.99-6-04;1346;28/05/2014;Atividades de ensino não especificadas anteriormente;EDUCAÇÃO;P;85;85.9;SP
EED;56.035.876/0001-28;IACIT SOLUCOES TECNOLOGICAS SA ;15/07/1986;DEMAIS;205-4;85.99-6-99;1346;28/05/2014;Atividades de ensino não especificadas anteriormente;EDUCAÇÃO;P;85;85.9;SP
EED;34.828.847/0001-80;IANA TECNOLOGIA LTDA;11/09/2019;DEMAIS;206-2;62.01-5-01;4779;05/12/2019;Desenvolvimento de programas de computador sob encomenda;INFORMAÇÃO E COMUNICAÇÃO;J;62;62.0;SC
EED;34.828.847/0001-80;IANA TECNOLOGIA LTDA;11/09/2019;DEMAIS;206-2;62.02-3-00;4779;05/12/2019;Desenvolvimento e licenciamento de programas de computador customizáveis;INFORMAÇÃO E COMUNICAÇÃO;J;62;62.0;SC
EED;34.828.847/0001-80;IANA TECNOLOGIA LTDA;11/09/2019;DEMAIS;206-2;62.03-1-00;4779;05/12/2019;Desenvolvimento e licenciamento de programas de computador não-customizáveis;INFORMAÇÃO E COMUNICAÇÃO;J;62;62.0;SC
EED;34.828.847/0001-80;IANA TECNOLOGIA LTDA;11/09/2019;DEMAIS;206-2;62.04-0-00;4779;05/12/2019;Consultoria em tecnologia da informação;INFORMAÇÃO E COMUNICAÇÃO;J;62;62.0;SC
EED;34.828.847/0001-80;IANA TECNOLOGIA LTDA;11/09/2019;DEMAIS;206-2;62.09-1-00;4779;05/12/2019;Suporte técnico, manutenção e outros serviços em tecnologia da informação;INFORMAÇÃO E COMUNICAÇÃO;J;62;62.0;SC
EED;34.828.847/0001-80;IANA TECNOLOGIA LTDA;11/09/2019;DEMAIS;206-2;63.11-9-00;4779;05/12/2019;Tratamento de dados, provedores de serviços de aplicação e serviços de hospedagem na internet;INFORMAÇÃO E COMUNICAÇÃO;J;63;63.1;SC
EED;34.828.847/0001-80;IANA TECNOLOGIA LTDA;11/09/2019;DEMAIS;206-2;73.19-0-02;4779;05/12/2019;Atividades de publicidade não especificadas anteriormente;ATIVIDADES PROFISSIONAIS, CIENTÍFICAS E TÉCNICAS;M;73;73.1;SC
EED;34.828.847/0001-80;IANA TECNOLOGIA LTDA;11/09/2019;DEMAIS;206-2;73.19-0-03;4779;05/12/2019;Atividades de publicidade não especificadas anteriormente;ATIVIDADES PROFISSIONAIS, CIENTÍFICAS E TÉCNICAS;M;73;73.1;SC
EED;34.828.847/0001-80;IANA TECNOLOGIA LTDA;11/09/2019;DEMAIS;206-2;73.19-0-99;4779;05/12/2019;Atividades de publicidade não especificadas anteriormente;ATIVIDADES PROFISSIONAIS, CIENTÍFICAS E TÉCNICAS;M;73;73.1;SC
EED;34.828.847/0001-80;IANA TECNOLOGIA LTDA;11/09/2019;DEMAIS;206-2;74.90-1-04;4779;05/12/2019;Atividades profissionais, científicas e técnicas não especificadas anteriormente;ATIVIDADES PROFISSIONAIS, CIENTÍFICAS E TÉCNICAS;M;74;74.9;SC
EED;34.828.847/0001-80;IANA TECNOLOGIA LTDA;11/09/2019;DEMAIS;206-2;85.99-6-03;4779;05/12/2019;Atividades de ensino não especificadas anteriormente;EDUCAÇÃO;P;85;85.9;SC
EED;34.828.847/0001-80;IANA TECNOLOGIA LTDA;11/09/2019;DEMAIS;206-2;85.99-6-04;4779;05/12/2019;Atividades de ensino não especificadas anteriormente;EDUCAÇÃO;P;85;85.9;SC
EED;05.116.872/0001-33;IAS INDUSTRIA DE AVIACAO E SERVICOS LTDA;19/06/2002;DEMAIS;206-2;33.16-3-01;1346;28/05/2014;Manutenção e reparação de aeronaves;INDÚSTRIAS DE TRANSFORMAÇÃO;C;33;33.1;MG
EED;05.116.872/0001-33;IAS INDUSTRIA DE AVIACAO E SERVICOS LTDA;19/06/2002;DEMAIS;206-2;46.14-1-00;1346;28/05/2014;Representantes comerciais e agentes do comércio de máquinas, equipamentos, embarcações e aeronaves;"COMÉRCIO; REPARAÇÃO DE VEÍCULOS AUTOMOTORES E MOTOCICLETAS";G;46;46.1;MG
EED;05.116.872/0001-33;IAS INDUSTRIA DE AVIACAO E SERVICOS LTDA;19/06/2002;DEMAIS;206-2;46.69-9-99;1346;28/05/2014;"Comércio atacadista de máquinas, aparelhos e equipamentos não especificados anteriormente; partes e peças";"COMÉRCIO; REPARAÇÃO DE VEÍCULOS AUTOMOTORES E MOTOCICLETAS";G;46;46.6;MG
EED;05.116.872/0001-33;IAS INDUSTRIA DE AVIACAO E SERVICOS LTDA;19/06/2002;DEMAIS;206-2;68.10-2-02;1346;28/05/2014;Atividades imobiliárias de imóveis próprios;ATIVIDADES IMOBILIÁRIAS;L;68;68.1;MG
EED;05.116.872/0001-33;IAS INDUSTRIA DE AVIACAO E SERVICOS LTDA;19/06/2002;DEMAIS;206-2;70.20-4-00;1346;28/05/2014;Atividades de consultoria em gestão empresarial;ATIVIDADES PROFISSIONAIS, CIENTÍFICAS E TÉCNICAS;M;70;70.2;MG
EED;05.116.872/0001-33;IAS INDUSTRIA DE AVIACAO E SERVICOS LTDA;19/06/2002;DEMAIS;206-2;71.12-0-00;1346;28/05/2014;Serviços de engenharia;ATIVIDADES PROFISSIONAIS, CIENTÍFICAS E TÉCNICAS;M;71;71.1;MG
EED;05.116.872/0001-33;IAS INDUSTRIA DE AVIACAO E SERVICOS LTDA;19/06/2002;DEMAIS;206-2;72.10-0-00;1346;28/05/2014;Pesquisa e desenvolvimento experimental em ciências físicas e naturais;ATIVIDADES PROFISSIONAIS, CIENTÍFICAS E TÉCNICAS;M;72;72.1;MG
EED;05.116.872/0001-33;IAS INDUSTRIA DE AVIACAO E SERVICOS LTDA;19/06/2002;DEMAIS;206-2;77.39-0-99;1346;28/05/2014;Aluguel de máquinas e equipamentos não especificados anteriormente;ATIVIDADES ADMINISTRATIVAS E SERVIÇOS COMPLEMENTARES;N;77;77.3;MG
EED;07.692.839/0001-87;IDS BRASIL ENGENHARIA DE SISTEMAS LTDA;04/11/2005;DEMAIS;206-2;46.51-6-01;4791;12/09/2022;Comércio atacadista de computadores, periféricos e suprimentos de informática;"COMÉRCIO; REPARAÇÃO DE VEÍCULOS AUTOMOTORES E MOTOCICLETAS";G;46;46.5;SP
EED;07.692.839/0001-87;IDS BRASIL ENGENHARIA DE SISTEMAS LTDA;04/11/2005;DEMAIS;206-2;46.51-6-02;4791;12/09/2022;Comércio atacadista de computadores, periféricos e suprimentos de informática;"COMÉRCIO; REPARAÇÃO DE VEÍCULOS AUTOMOTORES E MOTOCICLETAS";G;46;46.5;SP
EED;07.692.839/0001-87;IDS BRASIL ENGENHARIA DE SISTEMAS LTDA;04/11/2005;DEMAIS;206-2;62.01-5-01;4791;12/09/2022;Desenvolvimento de programas de computador sob encomenda;INFORMAÇÃO E COMUNICAÇÃO;J;62;62.0;SP
EED;07.692.839/0001-87;IDS BRASIL ENGENHARIA DE SISTEMAS LTDA;04/11/2005;DEMAIS;206-2;62.09-1-00;4791;12/09/2022;Suporte técnico, manutenção e outros serviços em tecnologia da informação;INFORMAÇÃO E COMUNICAÇÃO;J;62;62.0;SP
EED;07.692.839/0001-87;IDS BRASIL ENGENHARIA DE SISTEMAS LTDA;04/11/2005;DEMAIS;206-2;63.99-2-00;4791;12/09/2022;Outras atividades de prestação de serviços de informação não especificadas anteriormente;INFORMAÇÃO E COMUNICAÇÃO;J;63;63.9;SP
EED;07.692.839/0001-87;IDS BRASIL ENGENHARIA DE SISTEMAS LTDA;04/11/2005;DEMAIS;206-2;64.62-0-00;4791;12/09/2022;Holdings de instituições não-financeiras;ATIVIDADES FINANCEIRAS, DE SEGUROS E SERVIÇOS RELACIONADOS;K;64;64.6;SP
EED;07.692.839/0001-87;IDS BRASIL ENGENHARIA DE SISTEMAS LTDA;04/11/2005;DEMAIS;206-2;71.12-0-00;4791;12/09/2022;Serviços de engenharia;ATIVIDADES PROFISSIONAIS, CIENTÍFICAS E TÉCNICAS;M;71;71.1;SP
EED;07.692.839/0001-87;IDS BRASIL ENGENHARIA DE SISTEMAS LTDA;04/11/2005;DEMAIS;206-2;71.19-7-01;4791;12/09/2022;Atividades técnicas relacionadas à arquitetura e engenharia;ATIVIDADES PROFISSIONAIS, CIENTÍFICAS E TÉCNICAS;M;71;71.1;SP
EED;07.692.839/0001-87;IDS BRASIL ENGENHARIA DE SISTEMAS LTDA;04/11/2005;DEMAIS;206-2;71.19-7-02;4791;12/09/2022;Atividades técnicas relacionadas à arquitetura e engenharia;ATIVIDADES PROFISSIONAIS, CIENTÍFICAS E TÉCNICAS;M;71;71.1;SP
EED;07.692.839/0001-87;IDS BRASIL ENGENHARIA DE SISTEMAS LTDA;04/11/2005;DEMAIS;206-2;71.19-7-99;4791;12/09/2022;Atividades técnicas relacionadas à arquitetura e engenharia;ATIVIDADES PROFISSIONAIS, CIENTÍFICAS E TÉCNICAS;M;71;71.1;SP
EED;07.692.839/0001-87;IDS BRASIL ENGENHARIA DE SISTEMAS LTDA;04/11/2005;DEMAIS;206-2;95.11-8-00;4791;12/09/2022;Reparação e manutenção de computadores e de equipamentos periféricos;OUTRAS ATIVIDADES DE SERVIÇOS;S;95;95.1;SP
EED;0.388.601/0001-13;IHM ENGENHARIA E SISTEMAS DE AUTOMACAO LTDA;10/01/1995;DEMAIS;206-2;27.90-2-99;3261;08/06/2022;Fabricação de equipamentos e aparelhos elétricos não especificados anteriormente;INDÚSTRIAS DE TRANSFORMAÇÃO;C;27;27.9;MG
EED;0.388.601/0001-13;IHM ENGENHARIA E SISTEMAS DE AUTOMACAO LTDA;10/01/1995;DEMAIS;206-2;26.22-1-00;3261;08/06/2022;Fabricação de periféricos para equipamentos de informática;INDÚSTRIAS DE TRANSFORMAÇÃO;C;26;26.2;MG
EED;0.388.601/0001-13;IHM ENGENHARIA E SISTEMAS DE AUTOMACAO LTDA;10/01/1995;DEMAIS;206-2;27.31-7-00;3261;08/06/2022;Fabricação de aparelhos e equipamentos para distribuição e controle de energia elétrica;INDÚSTRIAS DE TRANSFORMAÇÃO;C;27;27.3;MG
EED;0.388.601/0001-13;IHM ENGENHARIA E SISTEMAS DE AUTOMACAO LTDA;10/01/1995;DEMAIS;206-2;27.32-5-00;3261;08/06/2022;Fabricação de material elétrico para instalações em circuito de consumo;INDÚSTRIAS DE TRANSFORMAÇÃO;C;27;27.3;MG
EED;0.388.601/0001-13;IHM ENGENHARIA E SISTEMAS DE AUTOMACAO LTDA;10/01/1995;DEMAIS;206-2;28.69-1-00;3261;08/06/2022;Fabricação de máquinas e equipamentos para uso industrial específico não especificados anteriormente;INDÚSTRIAS DE TRANSFORMAÇÃO;C;28;28.6;MG
EED;0.388.601/0001-13;IHM ENGENHARIA E SISTEMAS DE AUTOMACAO LTDA;10/01/1995;DEMAIS;206-2;33.12-1-02;3261;08/06/2022;Manutenção e reparação de equipamentos eletrônicos e ópticos;INDÚSTRIAS DE TRANSFORMAÇÃO;C;33;33.1;MG
EED;0.388.601/0001-13;IHM ENGENHARIA E SISTEMAS DE AUTOMACAO LTDA;10/01/1995;DEMAIS;206-2;33.14-7-10;3261;08/06/2022;Manutenção e reparação de máquinas e equipamentos da indústria mecânica;INDÚSTRIAS DE TRANSFORMAÇÃO;C;33;33.1;MG
EED;0.388.601/0001-13;IHM ENGENHARIA E SISTEMAS DE AUTOMACAO LTDA;10/01/1995;DEMAIS;206-2;42.92-8-02;3261;08/06/2022;Montagem de instalações industriais e de estruturas metálicas;CONSTRUÇÃO;F;42;42.9;MG
EED;0.388.601/0001-13;IHM ENGENHARIA E SISTEMAS DE AUTOMACAO LTDA;10/01/1995;DEMAIS;206-2;43.21-5-00;3261;08/06/2022;Instalações elétricas;CONSTRUÇÃO;F;43;43.2;MG
EED;0.388.601/0001-13;IHM ENGENHARIA E SISTEMAS DE AUTOMACAO LTDA;10/01/1995;DEMAIS;206-2;46.18-4-99;3261;08/06/2022;Representantes comerciais e agentes do comércio especializado em produtos não especificados anteriormente;"COMÉRCIO; REPARAÇÃO DE VEÍCULOS AUTOMOTORES E MOTOCICLETAS";G;46;46.1;MG
EED;0.388.601/0001-13;IHM ENGENHARIA E SISTEMAS DE AUTOMACAO LTDA;10/01/1995;DEMAIS;206-2;62.01-5-01;3261;08/06/2022;Desenvolvimento de programas de computador sob encomenda;INFORMAÇÃO E COMUNICAÇÃO;J;62;62.0;MG
EED;0.388.601/0001-13;IHM ENGENHARIA E SISTEMAS DE AUTOMACAO LTDA;10/01/1995;DEMAIS;206-2;62.03-1-00;3261;08/06/2022;Desenvolvimento e licenciamento de programas de computador não-customizáveis;INFORMAÇÃO E COMUNICAÇÃO;J;62;62.0;MG
EED;0.388.601/0001-13;IHM ENGENHARIA E SISTEMAS DE AUTOMACAO LTDA;10/01/1995;DEMAIS;206-2;62.04-0-00;3261;08/06/2022;Consultoria em tecnologia da informação;INFORMAÇÃO E COMUNICAÇÃO;J;62;62.0;MG
EED;0.388.601/0001-13;IHM ENGENHARIA E SISTEMAS DE AUTOMACAO LTDA;10/01/1995;DEMAIS;206-2;62.09-1-00;3261;08/06/2022;Suporte técnico, manutenção e outros serviços em tecnologia da informação;INFORMAÇÃO E COMUNICAÇÃO;J;62;62.0;MG
EED;0.388.601/0001-13;IHM ENGENHARIA E SISTEMAS DE AUTOMACAO LTDA;10/01/1995;DEMAIS;206-2;71.12-0-00;3261;08/06/2022;Serviços de engenharia;ATIVIDADES PROFISSIONAIS, CIENTÍFICAS E TÉCNICAS;M;71;71.1;MG
EED;0.388.601/0001-13;IHM ENGENHARIA E SISTEMAS DE AUTOMACAO LTDA;10/01/1995;DEMAIS;206-2;85.99-6-04;3261;08/06/2022;Atividades de ensino não especificadas anteriormente;EDUCAÇÃO;P;85;85.9;MG
EED;01.179.593/0001-68;INACE IATES LTDA;22/03/1996;DEMAIS;206-2;30.12-1-00;2340;06/05/2024;Construção de embarcações para esporte e lazer;INDÚSTRIAS DE TRANSFORMAÇÃO;C;30;30.1;CE
EED;01.179.593/0001-68;INACE IATES LTDA;22/03/1996;DEMAIS;206-2;30.11-3-01;2340;06/05/2024;Construção de embarcações e estruturas flutuantes;INDÚSTRIAS DE TRANSFORMAÇÃO;C;30;30.1;CE
EED;01.179.593/0001-68;INACE IATES LTDA;22/03/1996;DEMAIS;206-2;30.11-3-02;2340;06/05/2024;Construção de embarcações e estruturas flutuantes;INDÚSTRIAS DE TRANSFORMAÇÃO;C;30;30.1;CE
EED;01.179.593/0001-68;INACE IATES LTDA;22/03/1996;DEMAIS;206-2;33.17-1-01 ;2340;06/05/2024;Manutenção e reparação de embarcações;INDÚSTRIAS DE TRANSFORMAÇÃO;C;33;33.1;CE
EED;01.179.593/0001-68;INACE IATES LTDA;22/03/1996;DEMAIS;206-2;71.12-0-00;2340;06/05/2024;Serviços de engenharia;ATIVIDADES PROFISSIONAIS, CIENTÍFICAS E TÉCNICAS;M;71;71.1;CE
EED;26.836.227/0001-65;INBRA TECNOLOGIA E DEFESA INDUSTRIA E COMERCIO LTDA;10/01/2017;DEMAIS;206-2;32.92-2-02 ;4514;27/09/2024;Fabricação de equipamentos e acessórios para segurança e proteção pessoal e profissional;INDÚSTRIAS DE TRANSFORMAÇÃO;C;32;32.9;SP
EED;26.836.227/0001-65;INBRA TECNOLOGIA E DEFESA INDUSTRIA E COMERCIO LTDA;10/01/2017;DEMAIS;206-2;29.30-1-03;4514;27/09/2024;Fabricação de cabines, carrocerias e reboques para veículos automotores;INDÚSTRIAS DE TRANSFORMAÇÃO;C;29;29.3;SP
EED;26.836.227/0001-65;INBRA TECNOLOGIA E DEFESA INDUSTRIA E COMERCIO LTDA;10/01/2017;DEMAIS;206-2;33.21-0-00;4514;27/09/2024;Instalação de máquinas e equipamentos industriais;INDÚSTRIAS DE TRANSFORMAÇÃO;C;33;33.2;SP
EED;26.836.227/0001-65;INBRA TECNOLOGIA E DEFESA INDUSTRIA E COMERCIO LTDA;10/01/2017;DEMAIS;206-2;45.11-1-01;4514;27/09/2024;Comércio a varejo e por atacado de veículos automotores;"COMÉRCIO; REPARAÇÃO DE VEÍCULOS AUTOMOTORES E MOTOCICLETAS";G;45;45.1;SP
EED;26.836.227/0001-65;INBRA TECNOLOGIA E DEFESA INDUSTRIA E COMERCIO LTDA;10/01/2017;DEMAIS;206-2;46.42-7-02;4514;27/09/2024;Comércio atacadista de artigos do vestuário e acessórios;"COMÉRCIO; REPARAÇÃO DE VEÍCULOS AUTOMOTORES E MOTOCICLETAS";G;46;46.4;SP
EED;26.836.227/0001-65;INBRA TECNOLOGIA E DEFESA INDUSTRIA E COMERCIO LTDA;10/01/2017;DEMAIS;206-2;64.63-8-00;4514;27/09/2024;Outras sociedades de participação, exceto holdings;ATIVIDADES FINANCEIRAS, DE SEGUROS E SERVIÇOS RELACIONADOS;K;64;64.6;SP
EED;26.836.227/0001-65;INBRA TECNOLOGIA E DEFESA INDUSTRIA E COMERCIO LTDA;10/01/2017;DEMAIS;206-2;77.11-0-00;4514;27/09/2024;Locação de automóveis sem condutor;ATIVIDADES ADMINISTRATIVAS E SERVIÇOS COMPLEMENTARES;N;77;77.1;SP
EED;12.887.936/0001-65;INBRATERRESTRE INDUSTRIA E COMERCIO DE MATERIAIS DE SEGURANCA LTDA;19/10/2010;DEMAIS;206-2;32.92-2-02;1346;28/05/2014;Fabricação de equipamentos e acessórios para segurança e proteção pessoal e profissional;INDÚSTRIAS DE TRANSFORMAÇÃO;C;32;32.9;SP
EED;12.887.936/0001-65;INBRATERRESTRE INDUSTRIA E COMERCIO DE MATERIAIS DE SEGURANCA LTDA;19/10/2010;DEMAIS;206-2;13.54-5-00;1346;28/05/2014;Fabricação de tecidos especiais, inclusive artefatos;INDÚSTRIAS DE TRANSFORMAÇÃO;C;13;13.5;SP
EED;12.887.936/0001-65;INBRATERRESTRE INDUSTRIA E COMERCIO DE MATERIAIS DE SEGURANCA LTDA;19/10/2010;DEMAIS;206-2;33.21-0-00;1346;28/05/2014;Instalação de máquinas e equipamentos industriais;INDÚSTRIAS DE TRANSFORMAÇÃO;C;33;33.2;SP
EED;12.887.936/0001-65;INBRATERRESTRE INDUSTRIA E COMERCIO DE MATERIAIS DE SEGURANCA LTDA;19/10/2010;DEMAIS;206-2;45.11-1-01;1346;28/05/2014;Comércio a varejo e por atacado de veículos automotores;"COMÉRCIO; REPARAÇÃO DE VEÍCULOS AUTOMOTORES E MOTOCICLETAS";G;45;45.1;SP
EED;12.887.936/0001-65;INBRATERRESTRE INDUSTRIA E COMERCIO DE MATERIAIS DE SEGURANCA LTDA;19/10/2010;DEMAIS;206-2;64.63-8-00;1346;28/05/2014;Outras sociedades de participação, exceto holdings;ATIVIDADES FINANCEIRAS, DE SEGUROS E SERVIÇOS RELACIONADOS;K;64;64.6;SP
EED;12.887.936/0001-65;INBRATERRESTRE INDUSTRIA E COMERCIO DE MATERIAIS DE SEGURANCA LTDA;19/10/2010;DEMAIS;206-2;77.11-0-00;1346;28/05/2014;Locação de automóveis sem condutor;ATIVIDADES ADMINISTRATIVAS E SERVIÇOS COMPLEMENTARES;N;77;77.1;SP
EED;0.784.848/0001-59;INDIOS PIROTECNIAL LTDA;31/08/1995;EPP;206-2;20.92-4-02;2639;08/10/2014;Fabricação de explosivos;INDÚSTRIAS DE TRANSFORMAÇÃO;C;20;20.9;SP
EED;0.784.848/0001-59;INDIOS PIROTECNIAL LTDA;31/08/1995;EPP;206-2;20.92-4-01;2639;08/10/2014;Fabricação de explosivos;INDÚSTRIAS DE TRANSFORMAÇÃO;C;20;20.9;SP
EED;0.784.848/0001-59;INDIOS PIROTECNIAL LTDA;31/08/1995;EPP;206-2;25.50-1-02;2639;08/10/2014;Fabricação de equipamento bélico pesado, armas de fogo e munições;INDÚSTRIAS DE TRANSFORMAÇÃO;C;25;25.5;SP
EED;0.784.848/0001-59;INDIOS PIROTECNIAL LTDA;31/08/1995;EPP;206-2;46.84-2-99;2639;08/10/2014;Comércio atacadista de produtos químicos e petroquímicos, exceto agroquímicos;"COMÉRCIO; REPARAÇÃO DE VEÍCULOS AUTOMOTORES E MOTOCICLETAS";G;46;46.8;SP
ED;15.401.644/0001-69;INDRA TECNOLOGIA BRASIL LTDA;21/03/2012;DEMAIS;206-2;46.69-9-99;89;11/01/2018;"Comércio atacadista de máquinas, aparelhos e equipamentos não especificados anteriormente; partes e peças";"COMÉRCIO; REPARAÇÃO DE VEÍCULOS AUTOMOTORES E MOTOCICLETAS";G;46;46.6;SP
ED;15.401.644/0001-69;INDRA TECNOLOGIA BRASIL LTDA;21/03/2012;DEMAIS;206-2;43.29-1-99;89;11/01/2018;Obras de instalações em construções não especificadas anteriormente;CONSTRUÇÃO;F;43;43.2;SP
ED;15.401.644/0001-69;INDRA TECNOLOGIA BRASIL LTDA;21/03/2012;DEMAIS;206-2;46.51-6-01 ;89;11/01/2018;Comércio atacadista de computadores, periféricos e suprimentos de informática;"COMÉRCIO; REPARAÇÃO DE VEÍCULOS AUTOMOTORES E MOTOCICLETAS";G;46;46.5;SP
ED;15.401.644/0001-69;INDRA TECNOLOGIA BRASIL LTDA;21/03/2012;DEMAIS;206-2;46.52-4-00 ;89;11/01/2018;Comércio atacadista de componentes eletrônicos e equipamentos de telefonia e comunicação;"COMÉRCIO; REPARAÇÃO DE VEÍCULOS AUTOMOTORES E MOTOCICLETAS";G;46;46.5;SP
ED;15.401.644/0001-69;INDRA TECNOLOGIA BRASIL LTDA;21/03/2012;DEMAIS;206-2;61.20-5-99;89;11/01/2018;Telecomunicações sem fio;INFORMAÇÃO E COMUNICAÇÃO;J;61;61.2;SP
ED;15.401.644/0001-69;INDRA TECNOLOGIA BRASIL LTDA;21/03/2012;DEMAIS;206-2;62.01-5-00;89;11/01/2018;Desenvolvimento de programas de computador sob encomenda;INFORMAÇÃO E COMUNICAÇÃO;J;62;62.0;SP
ED;15.401.644/0001-69;INDRA TECNOLOGIA BRASIL LTDA;21/03/2012;DEMAIS;206-2;62.02-3-00;89;11/01/2018;Desenvolvimento e licenciamento de programas de computador customizáveis;INFORMAÇÃO E COMUNICAÇÃO;J;62;62.0;SP
ED;15.401.644/0001-69;INDRA TECNOLOGIA BRASIL LTDA;21/03/2012;DEMAIS;206-2;62.03-1-00;89;11/01/2018;Desenvolvimento e licenciamento de programas de computador não-customizáveis;INFORMAÇÃO E COMUNICAÇÃO;J;62;62.0;SP
ED;15.401.644/0001-69;INDRA TECNOLOGIA BRASIL LTDA;21/03/2012;DEMAIS;206-2;62.04-0-00;89;11/01/2018;Consultoria em tecnologia da informação;INFORMAÇÃO E COMUNICAÇÃO;J;62;62.0;SP
ED;15.401.644/0001-69;INDRA TECNOLOGIA BRASIL LTDA;21/03/2012;DEMAIS;206-2;62.09-1-00;89;11/01/2018;Suporte técnico, manutenção e outros serviços em tecnologia da informação;INFORMAÇÃO E COMUNICAÇÃO;J;62;62.0;SP
ED;15.401.644/0001-69;INDRA TECNOLOGIA BRASIL LTDA;21/03/2012;DEMAIS;206-2;71.12-0-00;89;11/01/2018;Serviços de engenharia;ATIVIDADES PROFISSIONAIS, CIENTÍFICAS E TÉCNICAS;M;71;71.1;SP
ED;15.401.644/0001-69;INDRA TECNOLOGIA BRASIL LTDA;21/03/2012;DEMAIS;206-2;71.19-7-99;89;11/01/2018;Atividades técnicas relacionadas à arquitetura e engenharia;ATIVIDADES PROFISSIONAIS, CIENTÍFICAS E TÉCNICAS;M;71;71.1;SP
ED;15.401.644/0001-69;INDRA TECNOLOGIA BRASIL LTDA;21/03/2012;DEMAIS;206-2;80.20-0-01;89;11/01/2018;Atividades de monitoramento de sistemas de segurança;ATIVIDADES ADMINISTRATIVAS E SERVIÇOS COMPLEMENTARES;N;80;80.2;SP
ED;15.401.644/0001-69;INDRA TECNOLOGIA BRASIL LTDA;21/03/2012;DEMAIS;206-2;82.11-3-00;89;11/01/2018;Serviços combinados de escritório e apoio administrativo;ATIVIDADES ADMINISTRATIVAS E SERVIÇOS COMPLEMENTARES;N;82;82.1;SP
ED;15.401.644/0001-69;INDRA TECNOLOGIA BRASIL LTDA;21/03/2012;DEMAIS;206-2;95.12-6-00;89;11/01/2018;Reparação e manutenção de equipamentos de comunicação;OUTRAS ATIVIDADES DE SERVIÇOS;S;95;95.1;SP
EED;0.444.232/0001-39;INDUSTRIA DE MATERIAL BELICO DO BRASIL IMBEL;06/04/1976;DEMAIS;201-1;84.22-1-00;1346;28/05/2014;Defesa;ADMINISTRAÇÃO PÚBLICA, DEFESA E SEGURIDADE SOCIAL;O;84;84.2;DF
EED;0.322.818/0020-93;INDUSTRIAS NUCLEARES DO BRASIL SA;17/02/1978;DEMAIS;201-1;20.19-3-01;5893;15/12/2022;Fabricação de produtos químicos inorgânicos não especificados anteriormente;INDÚSTRIAS DE TRANSFORMAÇÃO;C;20;20.1;RJ
EED;0.322.818/0020-93;INDUSTRIAS NUCLEARES DO BRASIL SA;17/02/1978;DEMAIS;201-1;24.49-1-99;5893;15/12/2022;Metalurgia dos metais não-ferrosos e suas ligas não especificados anteriormente;INDÚSTRIAS DE TRANSFORMAÇÃO;C;24;24.4;RJ
EED;0.322.818/0020-93;INDUSTRIAS NUCLEARES DO BRASIL SA;17/02/1978;DEMAIS;201-1;38.12-2-00;5893;15/12/2022;Coleta de resíduos perigosos;ÁGUA, ESGOTO, ATIVIDADES DE GESTÃO DE RESÍDUOS E DESCONTAMINAÇÃO;E;38;38.1;RJ
EED;0.322.818/0020-93;INDUSTRIAS NUCLEARES DO BRASIL SA;17/02/1978;DEMAIS;201-1;38.22-0-00;5893;15/12/2022;Tratamento e disposição de resíduos perigosos;ÁGUA, ESGOTO, ATIVIDADES DE GESTÃO DE RESÍDUOS E DESCONTAMINAÇÃO;E;38;38.2;RJ
EED;90.909.631/0001-10;INSTRAMED INDUSTRIA MEDICO HOSPITALAR LTDA;11/03/1980;DEMAIS;206-2;26.60-4-00;4514;27/09/2024;Fabricação de aparelhos eletromédicos e eletroterapêuticos e equipamentos de irradiação;INDÚSTRIAS DE TRANSFORMAÇÃO;C;26;26.6;RS
EED;90.909.631/0001-10;INSTRAMED INDUSTRIA MEDICO HOSPITALAR LTDA;11/03/1980;DEMAIS;206-2;32.50-7-01;4514;27/09/2024;Fabricação de instrumentos e materiais para uso médico e odontológico e de artigos ópticos;INDÚSTRIAS DE TRANSFORMAÇÃO;C;32;32.5;RS
EED;90.909.631/0001-10;INSTRAMED INDUSTRIA MEDICO HOSPITALAR LTDA;11/03/1980;DEMAIS;206-2;33.12-1-03;4514;27/09/2024;Manutenção e reparação de equipamentos eletrônicos e ópticos;INDÚSTRIAS DE TRANSFORMAÇÃO;C;33;33.1;RS
EED;90.909.631/0001-10;INSTRAMED INDUSTRIA MEDICO HOSPITALAR LTDA;11/03/1980;DEMAIS;206-2;33.19-8-00;4514;27/09/2024;Manutenção e reparação de equipamentos e produtos não especificados anteriormente;INDÚSTRIAS DE TRANSFORMAÇÃO;C;33;33.1;RS
EED;90.909.631/0001-10;INSTRAMED INDUSTRIA MEDICO HOSPITALAR LTDA;11/03/1980;DEMAIS;206-2;46.14-1-00 ;4514;27/09/2024;Representantes comerciais e agentes do comércio de máquinas, equipamentos, embarcações e aeronaves;"COMÉRCIO; REPARAÇÃO DE VEÍCULOS AUTOMOTORES E MOTOCICLETAS";G;46;46.1;RS
EED;90.909.631/0001-10;INSTRAMED INDUSTRIA MEDICO HOSPITALAR LTDA;11/03/1980;DEMAIS;206-2;46.18-4-02 ;4514;27/09/2024;Representantes comerciais e agentes do comércio especializado em produtos não especificados anteriormente;"COMÉRCIO; REPARAÇÃO DE VEÍCULOS AUTOMOTORES E MOTOCICLETAS";G;46;46.1;RS
EED;90.909.631/0001-10;INSTRAMED INDUSTRIA MEDICO HOSPITALAR LTDA;11/03/1980;DEMAIS;206-2;46.45-1-01;4514;27/09/2024;Comércio atacadista de instrumentos e materiais para uso médico, cirúrgico, ortopédico e odontológico;"COMÉRCIO; REPARAÇÃO DE VEÍCULOS AUTOMOTORES E MOTOCICLETAS";G;46;46.4;RS
EED;90.909.631/0001-10;INSTRAMED INDUSTRIA MEDICO HOSPITALAR LTDA;11/03/1980;DEMAIS;206-2;46.64-8-00;4514;27/09/2024;"Comércio atacadista de máquinas, aparelhos e equipamentos para uso odonto-médico-hospitalar; partes e peças";"COMÉRCIO; REPARAÇÃO DE VEÍCULOS AUTOMOTORES E MOTOCICLETAS";G;46;46.6;RS
EED;90.909.631/0001-10;INSTRAMED INDUSTRIA MEDICO HOSPITALAR LTDA;11/03/1980;DEMAIS;206-2;62.03-1-00;4514;27/09/2024;Desenvolvimento e licenciamento de programas de computador não-customizáveis;INFORMAÇÃO E COMUNICAÇÃO;J;62;62.0;RS
EED;90.909.631/0001-10;INSTRAMED INDUSTRIA MEDICO HOSPITALAR LTDA;11/03/1980;DEMAIS;206-2;64.63-8-00;4514;27/09/2024;Outras sociedades de participação, exceto holdings;ATIVIDADES FINANCEIRAS, DE SEGUROS E SERVIÇOS RELACIONADOS;K;64;64.6;RS
EED;90.909.631/0001-10;INSTRAMED INDUSTRIA MEDICO HOSPITALAR LTDA;11/03/1980;DEMAIS;206-2;77.39-0-02;4514;27/09/2024;Aluguel de máquinas e equipamentos não especificados anteriormente;ATIVIDADES ADMINISTRATIVAS E SERVIÇOS COMPLEMENTARES;N;77;77.3;RS
ED;48.613.068/0001-72;INSURBIDS TECNOLOGIAS DE SEGUROS LTDA;14/11/2022;ME;206-2;63.19-4-00;3215;12/06/2023;Portais, provedores de conteúdo e outros serviços de informação na internet;INFORMAÇÃO E COMUNICAÇÃO;J;63;63.1;SP
ED;48.613.068/0001-72;INSURBIDS TECNOLOGIAS DE SEGUROS LTDA;14/11/2022;ME;206-2;62.09-1-00;3215;12/06/2023;Suporte técnico, manutenção e outros serviços em tecnologia da informação;INFORMAÇÃO E COMUNICAÇÃO;J;62;62.0;SP
ED;48.613.068/0001-72;INSURBIDS TECNOLOGIAS DE SEGUROS LTDA;14/11/2022;ME;206-2;62.04-0-00;3215;12/06/2023;Consultoria em tecnologia da informação;INFORMAÇÃO E COMUNICAÇÃO;J;62;62.0;SP
ED;48.613.068/0001-72;INSURBIDS TECNOLOGIAS DE SEGUROS LTDA;14/11/2022;ME;206-2;63.11-9-00;3215;12/06/2023;Tratamento de dados, provedores de serviços de aplicação e serviços de hospedagem na internet;INFORMAÇÃO E COMUNICAÇÃO;J;63;63.1;SP
ED;48.613.068/0001-72;INSURBIDS TECNOLOGIAS DE SEGUROS LTDA;14/11/2022;ME;206-2;62.02-3-00;3215;12/06/2023;Desenvolvimento e licenciamento de programas de computador customizáveis;INFORMAÇÃO E COMUNICAÇÃO;J;62;62.0;SP
ED;48.613.068/0001-72;INSURBIDS TECNOLOGIAS DE SEGUROS LTDA;14/11/2022;ME;206-2;62.03-1-00;3215;12/06/2023;Desenvolvimento e licenciamento de programas de computador não-customizáveis;INFORMAÇÃO E COMUNICAÇÃO;J;62;62.0;SP
EED;82.901.000/0001-27;INTELBRAS SA INDUSTRIA DE TELECOMUNICACAO ELETRONICA BRASILEIRA;18/01/1974;DEMAIS;204-6;26.32-9-00;2823;05/07/2021;Fabricação de aparelhos telefônicos e de outros equipamentos de comunicação;INDÚSTRIAS DE TRANSFORMAÇÃO;C;26;26.3;SC
EED;82.901.000/0001-27;INTELBRAS SA INDUSTRIA DE TELECOMUNICACAO ELETRONICA BRASILEIRA;18/01/1974;DEMAIS;204-6;26.22-1-00;2823;05/07/2021;Fabricação de periféricos para equipamentos de informática;INDÚSTRIAS DE TRANSFORMAÇÃO;C;26;26.2;SC
EED;82.901.000/0001-27;INTELBRAS SA INDUSTRIA DE TELECOMUNICACAO ELETRONICA BRASILEIRA;18/01/1974;DEMAIS;204-6;26.31-1-00 ;2823;05/07/2021;Fabricação de equipamentos transmissores de comunicação;INDÚSTRIAS DE TRANSFORMAÇÃO;C;26;26.3;SC
EED;82.901.000/0001-27;INTELBRAS SA INDUSTRIA DE TELECOMUNICACAO ELETRONICA BRASILEIRA;18/01/1974;DEMAIS;204-6;27.10-4-01;2823;05/07/2021;Fabricação de geradores, transformadores e motores elétricos;INDÚSTRIAS DE TRANSFORMAÇÃO;C;27;27.1;SC
EED;82.901.000/0001-27;INTELBRAS SA INDUSTRIA DE TELECOMUNICACAO ELETRONICA BRASILEIRA;18/01/1974;DEMAIS;204-6;27.33-3-00;2823;05/07/2021;Fabricação de fios, cabos e condutores elétricos isolados;INDÚSTRIAS DE TRANSFORMAÇÃO;C;27;27.3;SC
EED;82.901.000/0001-27;INTELBRAS SA INDUSTRIA DE TELECOMUNICACAO ELETRONICA BRASILEIRA;18/01/1974;DEMAIS;204-6;27.90-2-02;2823;05/07/2021;Fabricação de equipamentos e aparelhos elétricos não especificados anteriormente;INDÚSTRIAS DE TRANSFORMAÇÃO;C;27;27.9;SC
EED;82.901.000/0001-27;INTELBRAS SA INDUSTRIA DE TELECOMUNICACAO ELETRONICA BRASILEIRA;18/01/1974;DEMAIS;204-6;27.90-2-99;2823;05/07/2021;Fabricação de equipamentos e aparelhos elétricos não especificados anteriormente;INDÚSTRIAS DE TRANSFORMAÇÃO;C;27;27.9;SC
EED;82.901.000/0001-27;INTELBRAS SA INDUSTRIA DE TELECOMUNICACAO ELETRONICA BRASILEIRA;18/01/1974;DEMAIS;204-6;28.21-6-01;2823;05/07/2021;Fabricação de aparelhos e equipamentos para instalações térmicas;INDÚSTRIAS DE TRANSFORMAÇÃO;C;28;28.2;SC
EED;82.901.000/0001-27;INTELBRAS SA INDUSTRIA DE TELECOMUNICACAO ELETRONICA BRASILEIRA;18/01/1974;DEMAIS;204-6;43.21-5-00;2823;05/07/2021;Instalações elétricas;CONSTRUÇÃO;F;43;43.2;SC
EED;82.901.000/0001-27;INTELBRAS SA INDUSTRIA DE TELECOMUNICACAO ELETRONICA BRASILEIRA;18/01/1974;DEMAIS;204-6;43.22-3-03;2823;05/07/2021;Instalações hidráulicas, de sistemas de ventilação e refrigeração;CONSTRUÇÃO;F;43;43.2;SC
EED;82.901.000/0001-27;INTELBRAS SA INDUSTRIA DE TELECOMUNICACAO ELETRONICA BRASILEIRA;18/01/1974;DEMAIS;204-6;46.14-1-00;2823;05/07/2021;Representantes comerciais e agentes do comércio de máquinas, equipamentos, embarcações e aeronaves;"COMÉRCIO; REPARAÇÃO DE VEÍCULOS AUTOMOTORES E MOTOCICLETAS";G;46;46.1;SC
EED;82.901.000/0001-27;INTELBRAS SA INDUSTRIA DE TELECOMUNICACAO ELETRONICA BRASILEIRA;18/01/1974;DEMAIS;204-6;46.15-0-00;2823;05/07/2021;Representantes comerciais e agentes do comércio de eletrodomésticos, móveis e artigos de uso doméstico;"COMÉRCIO; REPARAÇÃO DE VEÍCULOS AUTOMOTORES E MOTOCICLETAS";G;46;46.1;SC
EED;82.901.000/0001-27;INTELBRAS SA INDUSTRIA DE TELECOMUNICACAO ELETRONICA BRASILEIRA;18/01/1974;DEMAIS;204-6;46.52-4-00;2823;05/07/2021;Comércio atacadista de componentes eletrônicos e equipamentos de telefonia e comunicação;"COMÉRCIO; REPARAÇÃO DE VEÍCULOS AUTOMOTORES E MOTOCICLETAS";G;46;46.5;SC
EED;82.901.000/0001-27;INTELBRAS SA INDUSTRIA DE TELECOMUNICACAO ELETRONICA BRASILEIRA;18/01/1974;DEMAIS;204-6;46.63-0-00;2823;05/07/2021;"Comércio atacadista de máquinas e equipamentos para uso industrial; partes e peças";"COMÉRCIO; REPARAÇÃO DE VEÍCULOS AUTOMOTORES E MOTOCICLETAS";G;46;46.6;SC
EED;82.901.000/0001-27;INTELBRAS SA INDUSTRIA DE TELECOMUNICACAO ELETRONICA BRASILEIRA;18/01/1974;DEMAIS;204-6;46.69-9-99;2823;05/07/2021;"Comércio atacadista de máquinas, aparelhos e equipamentos não especificados anteriormente; partes e peças";"COMÉRCIO; REPARAÇÃO DE VEÍCULOS AUTOMOTORES E MOTOCICLETAS";G;46;46.6;SC
EED;82.901.000/0001-27;INTELBRAS SA INDUSTRIA DE TELECOMUNICACAO ELETRONICA BRASILEIRA;18/01/1974;DEMAIS;204-6;46.73-7-00;2823;05/07/2021;Comércio atacadista de material elétrico;"COMÉRCIO; REPARAÇÃO DE VEÍCULOS AUTOMOTORES E MOTOCICLETAS";G;46;46.7;SC
EED;82.901.000/0001-27;INTELBRAS SA INDUSTRIA DE TELECOMUNICACAO ELETRONICA BRASILEIRA;18/01/1974;DEMAIS;204-6;47.51-2-01;2823;05/07/2021;Comércio varejista especializado de equipamentos e suprimentos de informática;"COMÉRCIO; REPARAÇÃO DE VEÍCULOS AUTOMOTORES E MOTOCICLETAS";G;47;47.5;SC
EED;82.901.000/0001-27;INTELBRAS SA INDUSTRIA DE TELECOMUNICACAO ELETRONICA BRASILEIRA;18/01/1974;DEMAIS;204-6;47.52-1-00;2823;05/07/2021;Comércio varejista especializado de equipamentos de telefonia e comunicação;"COMÉRCIO; REPARAÇÃO DE VEÍCULOS AUTOMOTORES E MOTOCICLETAS";G;47;47.5;SC
EED;82.901.000/0001-27;INTELBRAS SA INDUSTRIA DE TELECOMUNICACAO ELETRONICA BRASILEIRA;18/01/1974;DEMAIS;204-6;47.53-9-00;2823;05/07/2021;Comércio varejista especializado de eletrodomésticos e equipamentos de áudio e vídeo;"COMÉRCIO; REPARAÇÃO DE VEÍCULOS AUTOMOTORES E MOTOCICLETAS";G;47;47.5;SC
EED;82.901.000/0001-27;INTELBRAS SA INDUSTRIA DE TELECOMUNICACAO ELETRONICA BRASILEIRA;18/01/1974;DEMAIS;204-6;47.89-0-99;2823;05/07/2021;Comércio varejista de outros produtos novos não especificados anteriormente;"COMÉRCIO; REPARAÇÃO DE VEÍCULOS AUTOMOTORES E MOTOCICLETAS";G;47;47.8;SC
EED;82.901.000/0001-27;INTELBRAS SA INDUSTRIA DE TELECOMUNICACAO ELETRONICA BRASILEIRA;18/01/1974;DEMAIS;204-6;62.02-3-00;2823;05/07/2021;Desenvolvimento e licenciamento de programas de computador customizáveis;INFORMAÇÃO E COMUNICAÇÃO;J;62;62.0;SC
EED;82.901.000/0001-27;INTELBRAS SA INDUSTRIA DE TELECOMUNICACAO ELETRONICA BRASILEIRA;18/01/1974;DEMAIS;204-6;62.03-1-00;2823;05/07/2021;Desenvolvimento e licenciamento de programas de computador não-customizáveis;INFORMAÇÃO E COMUNICAÇÃO;J;62;62.0;SC
EED;82.901.000/0001-27;INTELBRAS SA INDUSTRIA DE TELECOMUNICACAO ELETRONICA BRASILEIRA;18/01/1974;DEMAIS;204-6;62.09-1-00;2823;05/07/2021;Suporte técnico, manutenção e outros serviços em tecnologia da informação;INFORMAÇÃO E COMUNICAÇÃO;J;62;62.0;SC
EED;82.901.000/0001-27;INTELBRAS SA INDUSTRIA DE TELECOMUNICACAO ELETRONICA BRASILEIRA;18/01/1974;DEMAIS;204-6;63.11-9-00;2823;05/07/2021;Tratamento de dados, provedores de serviços de aplicação e serviços de hospedagem na internet;INFORMAÇÃO E COMUNICAÇÃO;J;63;63.1;SC
EED;82.901.000/0001-27;INTELBRAS SA INDUSTRIA DE TELECOMUNICACAO ELETRONICA BRASILEIRA;18/01/1974;DEMAIS;204-6;64.62-0-00;2823;05/07/2021;Holdings de instituições não-financeiras;ATIVIDADES FINANCEIRAS, DE SEGUROS E SERVIÇOS RELACIONADOS;K;64;64.6;SC
EED;82.901.000/0001-27;INTELBRAS SA INDUSTRIA DE TELECOMUNICACAO ELETRONICA BRASILEIRA;18/01/1974;DEMAIS;204-6;64.63-8-00;2823;05/07/2021;Outras sociedades de participação, exceto holdings;ATIVIDADES FINANCEIRAS, DE SEGUROS E SERVIÇOS RELACIONADOS;K;64;64.6;SC
EED;82.901.000/0001-27;INTELBRAS SA INDUSTRIA DE TELECOMUNICACAO ELETRONICA BRASILEIRA;18/01/1974;DEMAIS;204-6;68.10-2-02;2823;05/07/2021;Atividades imobiliárias de imóveis próprios;ATIVIDADES IMOBILIÁRIAS;L;68;68.1;SC
EED;82.901.000/0001-27;INTELBRAS SA INDUSTRIA DE TELECOMUNICACAO ELETRONICA BRASILEIRA;18/01/1974;DEMAIS;204-6;71.12-0-00;2823;05/07/2021;Serviços de engenharia;ATIVIDADES PROFISSIONAIS, CIENTÍFICAS E TÉCNICAS;M;71;71.1;SC
EED;82.901.000/0001-27;INTELBRAS SA INDUSTRIA DE TELECOMUNICACAO ELETRONICA BRASILEIRA;18/01/1974;DEMAIS;204-6;71.19-7-99;2823;05/07/2021;Atividades técnicas relacionadas à arquitetura e engenharia;ATIVIDADES PROFISSIONAIS, CIENTÍFICAS E TÉCNICAS;M;71;71.1;SC
EED;82.901.000/0001-27;INTELBRAS SA INDUSTRIA DE TELECOMUNICACAO ELETRONICA BRASILEIRA;18/01/1974;DEMAIS;204-6;74.90-1-04;2823;05/07/2021;Atividades profissionais, científicas e técnicas não especificadas anteriormente;ATIVIDADES PROFISSIONAIS, CIENTÍFICAS E TÉCNICAS;M;74;74.9;SC
EED;82.901.000/0001-27;INTELBRAS SA INDUSTRIA DE TELECOMUNICACAO ELETRONICA BRASILEIRA;18/01/1974;DEMAIS;204-6;82.11-3-00;2823;05/07/2021;Serviços combinados de escritório e apoio administrativo;ATIVIDADES ADMINISTRATIVAS E SERVIÇOS COMPLEMENTARES;N;82;82.1;SC
EED;82.901.000/0001-27;INTELBRAS SA INDUSTRIA DE TELECOMUNICACAO ELETRONICA BRASILEIRA;18/01/1974;DEMAIS;204-6;82.99-7-99;2823;05/07/2021;Atividades de serviços prestados principalmente às empresas não especificadas anteriormente;ATIVIDADES ADMINISTRATIVAS E SERVIÇOS COMPLEMENTARES;N;82;82.9;SC
EED;82.901.000/0001-27;INTELBRAS SA INDUSTRIA DE TELECOMUNICACAO ELETRONICA BRASILEIRA;18/01/1974;DEMAIS;204-6;85.99-6-04;2823;05/07/2021;Atividades de ensino não especificadas anteriormente;EDUCAÇÃO;P;85;85.9;SC
EED;82.901.000/0001-27;INTELBRAS SA INDUSTRIA DE TELECOMUNICACAO ELETRONICA BRASILEIRA;18/01/1974;DEMAIS;204-6;95.11-8-00;2823;05/07/2021;Reparação e manutenção de computadores e de equipamentos periféricos;OUTRAS ATIVIDADES DE SERVIÇOS;S;95;95.1;SC
EED;82.901.000/0001-27;INTELBRAS SA INDUSTRIA DE TELECOMUNICACAO ELETRONICA BRASILEIRA;18/01/1974;DEMAIS;204-6;95.12-6-00;2823;05/07/2021;Reparação e manutenção de equipamentos de comunicação;OUTRAS ATIVIDADES DE SERVIÇOS;S;95;95.1;SC
EED;82.901.000/0001-27;INTELBRAS SA INDUSTRIA DE TELECOMUNICACAO ELETRONICA BRASILEIRA;18/01/1974;DEMAIS;204-6;95.21-5-00;2823;05/07/2021;Reparação e manutenção de equipamentos eletroeletrônicos de uso pessoal e doméstico;OUTRAS ATIVIDADES DE SERVIÇOS;S;95;95.2;SC
EED;82.901.000/0001-27;INTELBRAS SA INDUSTRIA DE TELECOMUNICACAO ELETRONICA BRASILEIRA;18/01/1974;DEMAIS;204-6;26.32-9-00;2823;05/07/2021;Fabricação de aparelhos telefônicos e de outros equipamentos de comunicação;INDÚSTRIAS DE TRANSFORMAÇÃO;C;26;26.3;SC
EED;82.901.000/0001-27;INTELBRAS SA INDUSTRIA DE TELECOMUNICACAO ELETRONICA BRASILEIRA;18/01/1974;DEMAIS;204-6;26.22-1-00;2823;05/07/2021;Fabricação de periféricos para equipamentos de informática;INDÚSTRIAS DE TRANSFORMAÇÃO;C;26;26.2;SC
EED;82.901.000/0001-27;INTELBRAS SA INDUSTRIA DE TELECOMUNICACAO ELETRONICA BRASILEIRA;18/01/1974;DEMAIS;204-6;26.31-1-00 ;2823;05/07/2021;Fabricação de equipamentos transmissores de comunicação;INDÚSTRIAS DE TRANSFORMAÇÃO;C;26;26.3;SC
EED;82.901.000/0001-27;INTELBRAS SA INDUSTRIA DE TELECOMUNICACAO ELETRONICA BRASILEIRA;18/01/1974;DEMAIS;204-6;27.10-4-01;2823;05/07/2021;Fabricação de geradores, transformadores e motores elétricos;INDÚSTRIAS DE TRANSFORMAÇÃO;C;27;27.1;SC
EED;82.901.000/0001-27;INTELBRAS SA INDUSTRIA DE TELECOMUNICACAO ELETRONICA BRASILEIRA;18/01/1974;DEMAIS;204-6;27.33-3-00;2823;05/07/2021;Fabricação de fios, cabos e condutores elétricos isolados;INDÚSTRIAS DE TRANSFORMAÇÃO;C;27;27.3;SC
EED;82.901.000/0001-27;INTELBRAS SA INDUSTRIA DE TELECOMUNICACAO ELETRONICA BRASILEIRA;18/01/1974;DEMAIS;204-6;27.90-2-02;2823;05/07/2021;Fabricação de equipamentos e aparelhos elétricos não especificados anteriormente;INDÚSTRIAS DE TRANSFORMAÇÃO;C;27;27.9;SC
EED;82.901.000/0001-27;INTELBRAS SA INDUSTRIA DE TELECOMUNICACAO ELETRONICA BRASILEIRA;18/01/1974;DEMAIS;204-6;27.90-2-99;2823;05/07/2021;Fabricação de equipamentos e aparelhos elétricos não especificados anteriormente;INDÚSTRIAS DE TRANSFORMAÇÃO;C;27;27.9;SC
EED;82.901.000/0001-27;INTELBRAS SA INDUSTRIA DE TELECOMUNICACAO ELETRONICA BRASILEIRA;18/01/1974;DEMAIS;204-6;28.21-6-01;2823;05/07/2021;Fabricação de aparelhos e equipamentos para instalações térmicas;INDÚSTRIAS DE TRANSFORMAÇÃO;C;28;28.2;SC
EED;82.901.000/0001-27;INTELBRAS SA INDUSTRIA DE TELECOMUNICACAO ELETRONICA BRASILEIRA;18/01/1974;DEMAIS;204-6;43.21-5-00;2823;05/07/2021;Instalações elétricas;CONSTRUÇÃO;F;43;43.2;SC
EED;82.901.000/0001-27;INTELBRAS SA INDUSTRIA DE TELECOMUNICACAO ELETRONICA BRASILEIRA;18/01/1974;DEMAIS;204-6;43.22-3-03;2823;05/07/2021;Instalações hidráulicas, de sistemas de ventilação e refrigeração;CONSTRUÇÃO;F;43;43.2;SC
EED;82.901.000/0001-27;INTELBRAS SA INDUSTRIA DE TELECOMUNICACAO ELETRONICA BRASILEIRA;18/01/1974;DEMAIS;204-6;46.14-1-00;2823;05/07/2021;Representantes comerciais e agentes do comércio de máquinas, equipamentos, embarcações e aeronaves;"COMÉRCIO; REPARAÇÃO DE VEÍCULOS AUTOMOTORES E MOTOCICLETAS";G;46;46.1;SC
EED;82.901.000/0001-27;INTELBRAS SA INDUSTRIA DE TELECOMUNICACAO ELETRONICA BRASILEIRA;18/01/1974;DEMAIS;204-6;46.15-0-00;2823;05/07/2021;Representantes comerciais e agentes do comércio de eletrodomésticos, móveis e artigos de uso doméstico;"COMÉRCIO; REPARAÇÃO DE VEÍCULOS AUTOMOTORES E MOTOCICLETAS";G;46;46.1;SC
EED;82.901.000/0001-27;INTELBRAS SA INDUSTRIA DE TELECOMUNICACAO ELETRONICA BRASILEIRA;18/01/1974;DEMAIS;204-6;46.52-4-00;2823;05/07/2021;Comércio atacadista de componentes eletrônicos e equipamentos de telefonia e comunicação;"COMÉRCIO; REPARAÇÃO DE VEÍCULOS AUTOMOTORES E MOTOCICLETAS";G;46;46.5;SC
EED;82.901.000/0001-27;INTELBRAS SA INDUSTRIA DE TELECOMUNICACAO ELETRONICA BRASILEIRA;18/01/1974;DEMAIS;204-6;46.63-0-00;2823;05/07/2021;"Comércio atacadista de máquinas e equipamentos para uso industrial; partes e peças";"COMÉRCIO; REPARAÇÃO DE VEÍCULOS AUTOMOTORES E MOTOCICLETAS";G;46;46.6;SC
EED;82.901.000/0001-27;INTELBRAS SA INDUSTRIA DE TELECOMUNICACAO ELETRONICA BRASILEIRA;18/01/1974;DEMAIS;204-6;46.69-9-99;2823;05/07/2021;"Comércio atacadista de máquinas, aparelhos e equipamentos não especificados anteriormente; partes e peças";"COMÉRCIO; REPARAÇÃO DE VEÍCULOS AUTOMOTORES E MOTOCICLETAS";G;46;46.6;SC
EED;82.901.000/0001-27;INTELBRAS SA INDUSTRIA DE TELECOMUNICACAO ELETRONICA BRASILEIRA;18/01/1974;DEMAIS;204-6;46.73-7-00;2823;05/07/2021;Comércio atacadista de material elétrico;"COMÉRCIO; REPARAÇÃO DE VEÍCULOS AUTOMOTORES E MOTOCICLETAS";G;46;46.7;SC
EED;82.901.000/0001-27;INTELBRAS SA INDUSTRIA DE TELECOMUNICACAO ELETRONICA BRASILEIRA;18/01/1974;DEMAIS;204-6;47.51-2-01;2823;05/07/2021;Comércio varejista especializado de equipamentos e suprimentos de informática;"COMÉRCIO; REPARAÇÃO DE VEÍCULOS AUTOMOTORES E MOTOCICLETAS";G;47;47.5;SC
EED;82.901.000/0001-27;INTELBRAS SA INDUSTRIA DE TELECOMUNICACAO ELETRONICA BRASILEIRA;18/01/1974;DEMAIS;204-6;47.52-1-00;2823;05/07/2021;Comércio varejista especializado de equipamentos de telefonia e comunicação;"COMÉRCIO; REPARAÇÃO DE VEÍCULOS AUTOMOTORES E MOTOCICLETAS";G;47;47.5;SC
EED;82.901.000/0001-27;INTELBRAS SA INDUSTRIA DE TELECOMUNICACAO ELETRONICA BRASILEIRA;18/01/1974;DEMAIS;204-6;47.53-9-00;2823;05/07/2021;Comércio varejista especializado de eletrodomésticos e equipamentos de áudio e vídeo;"COMÉRCIO; REPARAÇÃO DE VEÍCULOS AUTOMOTORES E MOTOCICLETAS";G;47;47.5;SC
EED;82.901.000/0001-27;INTELBRAS SA INDUSTRIA DE TELECOMUNICACAO ELETRONICA BRASILEIRA;18/01/1974;DEMAIS;204-6;47.89-0-99;2823;05/07/2021;Comércio varejista de outros produtos novos não especificados anteriormente;"COMÉRCIO; REPARAÇÃO DE VEÍCULOS AUTOMOTORES E MOTOCICLETAS";G;47;47.8;SC
EED;82.901.000/0001-27;INTELBRAS SA INDUSTRIA DE TELECOMUNICACAO ELETRONICA BRASILEIRA;18/01/1974;DEMAIS;204-6;62.02-3-00;2823;05/07/2021;Desenvolvimento e licenciamento de programas de computador customizáveis;INFORMAÇÃO E COMUNICAÇÃO;J;62;62.0;SC
EED;82.901.000/0001-27;INTELBRAS SA INDUSTRIA DE TELECOMUNICACAO ELETRONICA BRASILEIRA;18/01/1974;DEMAIS;204-6;62.03-1-00;2823;05/07/2021;Desenvolvimento e licenciamento de programas de computador não-customizáveis;INFORMAÇÃO E COMUNICAÇÃO;J;62;62.0;SC
EED;82.901.000/0001-27;INTELBRAS SA INDUSTRIA DE TELECOMUNICACAO ELETRONICA BRASILEIRA;18/01/1974;DEMAIS;204-6;62.09-1-00;2823;05/07/2021;Suporte técnico, manutenção e outros serviços em tecnologia da informação;INFORMAÇÃO E COMUNICAÇÃO;J;62;62.0;SC
EED;82.901.000/0001-27;INTELBRAS SA INDUSTRIA DE TELECOMUNICACAO ELETRONICA BRASILEIRA;18/01/1974;DEMAIS;204-6;63.11-9-00;2823;05/07/2021;Tratamento de dados, provedores de serviços de aplicação e serviços de hospedagem na internet;INFORMAÇÃO E COMUNICAÇÃO;J;63;63.1;SC
EED;82.901.000/0001-27;INTELBRAS SA INDUSTRIA DE TELECOMUNICACAO ELETRONICA BRASILEIRA;18/01/1974;DEMAIS;204-6;64.62-0-00;2823;05/07/2021;Holdings de instituições não-financeiras;ATIVIDADES FINANCEIRAS, DE SEGUROS E SERVIÇOS RELACIONADOS;K;64;64.6;SC
EED;82.901.000/0001-27;INTELBRAS SA INDUSTRIA DE TELECOMUNICACAO ELETRONICA BRASILEIRA;18/01/1974;DEMAIS;204-6;64.63-8-00;2823;05/07/2021;Outras sociedades de participação, exceto holdings;ATIVIDADES FINANCEIRAS, DE SEGUROS E SERVIÇOS RELACIONADOS;K;64;64.6;SC
EED;82.901.000/0001-27;INTELBRAS SA INDUSTRIA DE TELECOMUNICACAO ELETRONICA BRASILEIRA;18/01/1974;DEMAIS;204-6;68.10-2-02;2823;05/07/2021;Atividades imobiliárias de imóveis próprios;ATIVIDADES IMOBILIÁRIAS;L;68;68.1;SC
EED;82.901.000/0001-27;INTELBRAS SA INDUSTRIA DE TELECOMUNICACAO ELETRONICA BRASILEIRA;18/01/1974;DEMAIS;204-6;71.12-0-00;2823;05/07/2021;Serviços de engenharia;ATIVIDADES PROFISSIONAIS, CIENTÍFICAS E TÉCNICAS;M;71;71.1;SC
EED;82.901.000/0001-27;INTELBRAS SA INDUSTRIA DE TELECOMUNICACAO ELETRONICA BRASILEIRA;18/01/1974;DEMAIS;204-6;71.19-7-99;2823;05/07/2021;Atividades técnicas relacionadas à arquitetura e engenharia;ATIVIDADES PROFISSIONAIS, CIENTÍFICAS E TÉCNICAS;M;71;71.1;SC
EED;82.901.000/0001-27;INTELBRAS SA INDUSTRIA DE TELECOMUNICACAO ELETRONICA BRASILEIRA;18/01/1974;DEMAIS;204-6;74.90-1-04;2823;05/07/2021;Atividades profissionais, científicas e técnicas não especificadas anteriormente;ATIVIDADES PROFISSIONAIS, CIENTÍFICAS E TÉCNICAS;M;74;74.9;SC
EED;82.901.000/0001-27;INTELBRAS SA INDUSTRIA DE TELECOMUNICACAO ELETRONICA BRASILEIRA;18/01/1974;DEMAIS;204-6;82.11-3-00;2823;05/07/2021;Serviços combinados de escritório e apoio administrativo;ATIVIDADES ADMINISTRATIVAS E SERVIÇOS COMPLEMENTARES;N;82;82.1;SC
EED;82.901.000/0001-27;INTELBRAS SA INDUSTRIA DE TELECOMUNICACAO ELETRONICA BRASILEIRA;18/01/1974;DEMAIS;204-6;82.99-7-99;2823;05/07/2021;Atividades de serviços prestados principalmente às empresas não especificadas anteriormente;ATIVIDADES ADMINISTRATIVAS E SERVIÇOS COMPLEMENTARES;N;82;82.9;SC
EED;82.901.000/0001-27;INTELBRAS SA INDUSTRIA DE TELECOMUNICACAO ELETRONICA BRASILEIRA;18/01/1974;DEMAIS;204-6;85.99-6-04;2823;05/07/2021;Atividades de ensino não especificadas anteriormente;EDUCAÇÃO;P;85;85.9;SC
EED;82.901.000/0001-27;INTELBRAS SA INDUSTRIA DE TELECOMUNICACAO ELETRONICA BRASILEIRA;18/01/1974;DEMAIS;204-6;95.11-8-00;2823;05/07/2021;Reparação e manutenção de computadores e de equipamentos periféricos;OUTRAS ATIVIDADES DE SERVIÇOS;S;95;95.1;SC
EED;82.901.000/0001-27;INTELBRAS SA INDUSTRIA DE TELECOMUNICACAO ELETRONICA BRASILEIRA;18/01/1974;DEMAIS;204-6;95.12-6-00;2823;05/07/2021;Reparação e manutenção de equipamentos de comunicação;OUTRAS ATIVIDADES DE SERVIÇOS;S;95;95.1;SC
EED;82.901.000/0001-27;INTELBRAS SA INDUSTRIA DE TELECOMUNICACAO ELETRONICA BRASILEIRA;18/01/1974;DEMAIS;204-6;95.21-5-00;2823;05/07/2021;Reparação e manutenção de equipamentos eletroeletrônicos de uso pessoal e doméstico;OUTRAS ATIVIDADES DE SERVIÇOS;S;95;95.2;SC
EED;15.806.518/0001-94;INVICTA DEFESA SA;22/06/2012;DEMAIS;205-4;64.62-0-00;1346;28/05/2014;Holdings de instituições não-financeiras;ATIVIDADES FINANCEIRAS, DE SEGUROS E SERVIÇOS RELACIONADOS;K;64;64.6;BA
EED;15.806.518/0001-94;INVICTA DEFESA SA;22/06/2012;DEMAIS;205-4;46.69-9-99;1346;28/05/2014;"Comércio atacadista de máquinas, aparelhos e equipamentos não especificados anteriormente; partes e peças";"COMÉRCIO; REPARAÇÃO DE VEÍCULOS AUTOMOTORES E MOTOCICLETAS";G;46;46.6;BA
EED;15.806.518/0001-94;INVICTA DEFESA SA;22/06/2012;DEMAIS;205-4;62.02-3-00;1346;28/05/2014;Desenvolvimento e licenciamento de programas de computador customizáveis;INFORMAÇÃO E COMUNICAÇÃO;J;62;62.0;BA
EED;15.806.518/0001-94;INVICTA DEFESA SA;22/06/2012;DEMAIS;205-4;42.92-8-02;1346;28/05/2014;Montagem de instalações industriais e de estruturas metálicas;CONSTRUÇÃO;F;42;42.9;BA
EED;15.806.518/0001-94;INVICTA DEFESA SA;22/06/2012;DEMAIS;205-4;80.20-0-01;1346;28/05/2014;Atividades de monitoramento de sistemas de segurança;ATIVIDADES ADMINISTRATIVAS E SERVIÇOS COMPLEMENTARES;N;80;80.2;BA
EED;34.460.760/0001-01;IRONFENCE INTELIGENCIA ARTIFICIAL S.A.;07/08/2019;DEMAIS;205-4;62.02-3-00;5576;12/12/2024;Desenvolvimento e licenciamento de programas de computador customizáveis;INFORMAÇÃO E COMUNICAÇÃO;J;62;62.0;DF
EED;34.460.760/0001-01;IRONFENCE INTELIGENCIA ARTIFICIAL S.A.;07/08/2019;DEMAIS;205-4;62.01-5-01;5576;12/12/2024;Desenvolvimento de programas de computador sob encomenda;INFORMAÇÃO E COMUNICAÇÃO;J;62;62.0;DF
EED;34.460.760/0001-01;IRONFENCE INTELIGENCIA ARTIFICIAL S.A.;07/08/2019;DEMAIS;205-4;62.04-0-00;5576;12/12/2024;Consultoria em tecnologia da informação;INFORMAÇÃO E COMUNICAÇÃO;J;62;62.0;DF
EED;34.460.760/0001-01;IRONFENCE INTELIGENCIA ARTIFICIAL S.A.;07/08/2019;DEMAIS;205-4;62.09-1-00;5576;12/12/2024;Suporte técnico, manutenção e outros serviços em tecnologia da informação;INFORMAÇÃO E COMUNICAÇÃO;J;62;62.0;DF
EED;34.460.760/0001-01;IRONFENCE INTELIGENCIA ARTIFICIAL S.A.;07/08/2019;DEMAIS;205-4;82.11-3-00;5576;12/12/2024;Serviços combinados de escritório e apoio administrativo;ATIVIDADES ADMINISTRATIVAS E SERVIÇOS COMPLEMENTARES;N;82;82.1;DF
ED;10.827.182/0001-22;ITAGUAI CONSTRUCOES NAVAIS SA;14/05/2009;DEMAIS;205-4;30.11-3-01;4789;12/09/2022;Construção de embarcações e estruturas flutuantes;INDÚSTRIAS DE TRANSFORMAÇÃO;C;30;30.1;RJ
ED;10.827.182/0001-22;ITAGUAI CONSTRUCOES NAVAIS SA;14/05/2009;DEMAIS;205-4;26.51-5-00;4789;12/09/2022;Fabricação de aparelhos e equipamentos de medida, teste e controle;INDÚSTRIAS DE TRANSFORMAÇÃO;C;26;26.5;RJ
ED;10.827.182/0001-22;ITAGUAI CONSTRUCOES NAVAIS SA;14/05/2009;DEMAIS;205-4;30.11-3-02;4789;12/09/2022;Construção de embarcações e estruturas flutuantes;INDÚSTRIAS DE TRANSFORMAÇÃO;C;30;30.1;RJ
ED;10.827.182/0001-22;ITAGUAI CONSTRUCOES NAVAIS SA;14/05/2009;DEMAIS;205-4;33.17-1-01;4789;12/09/2022;Manutenção e reparação de embarcações;INDÚSTRIAS DE TRANSFORMAÇÃO;C;33;33.1;RJ
ED;10.827.182/0001-22;ITAGUAI CONSTRUCOES NAVAIS SA;14/05/2009;DEMAIS;205-4;62.01-5-01;4789;12/09/2022;Desenvolvimento de programas de computador sob encomenda;INFORMAÇÃO E COMUNICAÇÃO;J;62;62.0;RJ
ED;10.827.182/0001-22;ITAGUAI CONSTRUCOES NAVAIS SA;14/05/2009;DEMAIS;205-4;62.04-0-00;4789;12/09/2022;Consultoria em tecnologia da informação;INFORMAÇÃO E COMUNICAÇÃO;J;62;62.0;RJ
ED;10.827.182/0001-22;ITAGUAI CONSTRUCOES NAVAIS SA;14/05/2009;DEMAIS;205-4;62.09-1-00;4789;12/09/2022;Suporte técnico, manutenção e outros serviços em tecnologia da informação;INFORMAÇÃO E COMUNICAÇÃO;J;62;62.0;RJ
ED;10.827.182/0001-22;ITAGUAI CONSTRUCOES NAVAIS SA;14/05/2009;DEMAIS;205-4;71.12-0-00;4789;12/09/2022;Serviços de engenharia;ATIVIDADES PROFISSIONAIS, CIENTÍFICAS E TÉCNICAS;M;71;71.1;RJ
EED;05.883.246/0001-72;IVISION SISTEMAS DE IMAGEM E VISAO SA;08/09/2003;DEMAIS;205-4;26.51-5-00;4787;26/09/2023;Fabricação de aparelhos e equipamentos de medida, teste e controle;INDÚSTRIAS DE TRANSFORMAÇÃO;C;26;26.5;MG
EED;05.883.246/0001-72;IVISION SISTEMAS DE IMAGEM E VISAO SA;08/09/2003;DEMAIS;205-4;26.21-3-00;4787;26/09/2023;Fabricação de equipamentos de informática;INDÚSTRIAS DE TRANSFORMAÇÃO;C;26;26.2;MG
EED;05.883.246/0001-72;IVISION SISTEMAS DE IMAGEM E VISAO SA;08/09/2003;DEMAIS;205-4;26.40-0-00;4787;26/09/2023;Fabricação de aparelhos de recepção, reprodução, gravação e amplificação de áudio e vídeo;INDÚSTRIAS DE TRANSFORMAÇÃO;C;26;26.4;MG
EED;05.883.246/0001-72;IVISION SISTEMAS DE IMAGEM E VISAO SA;08/09/2003;DEMAIS;205-4;26.70-1-01;4787;26/09/2023;Fabricação de equipamentos e instrumentos ópticos, fotográficos e cinematográficos;INDÚSTRIAS DE TRANSFORMAÇÃO;C;26;26.7;MG
EED;05.883.246/0001-72;IVISION SISTEMAS DE IMAGEM E VISAO SA;08/09/2003;DEMAIS;205-4;26.70-1-02;4787;26/09/2023;Fabricação de equipamentos e instrumentos ópticos, fotográficos e cinematográficos;INDÚSTRIAS DE TRANSFORMAÇÃO;C;26;26.7;MG
EED;05.883.246/0001-72;IVISION SISTEMAS DE IMAGEM E VISAO SA;08/09/2003;DEMAIS;205-4;33.12-1-02;4787;26/09/2023;Manutenção e reparação de equipamentos eletrônicos e ópticos;INDÚSTRIAS DE TRANSFORMAÇÃO;C;33;33.1;MG
EED;05.883.246/0001-72;IVISION SISTEMAS DE IMAGEM E VISAO SA;08/09/2003;DEMAIS;205-4;33.14-7-10;4787;26/09/2023;Manutenção e reparação de máquinas e equipamentos da indústria mecânica;INDÚSTRIAS DE TRANSFORMAÇÃO;C;33;33.1;MG
EED;05.883.246/0001-72;IVISION SISTEMAS DE IMAGEM E VISAO SA;08/09/2003;DEMAIS;205-4;33.21-0-00;4787;26/09/2023;Instalação de máquinas e equipamentos industriais;INDÚSTRIAS DE TRANSFORMAÇÃO;C;33;33.2;MG
EED;05.883.246/0001-72;IVISION SISTEMAS DE IMAGEM E VISAO SA;08/09/2003;DEMAIS;205-4;62.01-5-01;4787;26/09/2023;Desenvolvimento de programas de computador sob encomenda;INFORMAÇÃO E COMUNICAÇÃO;J;62;62.0;MG
EED;05.883.246/0001-72;IVISION SISTEMAS DE IMAGEM E VISAO SA;08/09/2003;DEMAIS;205-4;62.02-3-00;4787;26/09/2023;Desenvolvimento e licenciamento de programas de computador customizáveis;INFORMAÇÃO E COMUNICAÇÃO;J;62;62.0;MG
EED;05.883.246/0001-72;IVISION SISTEMAS DE IMAGEM E VISAO SA;08/09/2003;DEMAIS;205-4;62.03-1-00;4787;26/09/2023;Desenvolvimento e licenciamento de programas de computador não-customizáveis;INFORMAÇÃO E COMUNICAÇÃO;J;62;62.0;MG
EED;05.883.246/0001-72;IVISION SISTEMAS DE IMAGEM E VISAO SA;08/09/2003;DEMAIS;205-4;62.04-0-00;4787;26/09/2023;Consultoria em tecnologia da informação;INFORMAÇÃO E COMUNICAÇÃO;J;62;62.0;MG
EED;05.883.246/0001-72;IVISION SISTEMAS DE IMAGEM E VISAO SA;08/09/2003;DEMAIS;205-4;62.09-1-00;4787;26/09/2023;Suporte técnico, manutenção e outros serviços em tecnologia da informação;INFORMAÇÃO E COMUNICAÇÃO;J;62;62.0;MG
EED;05.883.246/0001-72;IVISION SISTEMAS DE IMAGEM E VISAO SA;08/09/2003;DEMAIS;205-4;63.11-9-00;4787;26/09/2023;Tratamento de dados, provedores de serviços de aplicação e serviços de hospedagem na internet;INFORMAÇÃO E COMUNICAÇÃO;J;63;63.1;MG
EED;05.883.246/0001-72;IVISION SISTEMAS DE IMAGEM E VISAO SA;08/09/2003;DEMAIS;205-4;63.19-4-00;4787;26/09/2023;Portais, provedores de conteúdo e outros serviços de informação na internet;INFORMAÇÃO E COMUNICAÇÃO;J;63;63.1;MG
EED;05.883.246/0001-72;IVISION SISTEMAS DE IMAGEM E VISAO SA;08/09/2003;DEMAIS;205-4;64.62-0-00;4787;26/09/2023;Holdings de instituições não-financeiras;ATIVIDADES FINANCEIRAS, DE SEGUROS E SERVIÇOS RELACIONADOS;K;64;64.6;MG
EED;05.883.246/0001-72;IVISION SISTEMAS DE IMAGEM E VISAO SA;08/09/2003;DEMAIS;205-4;71.12-0-00;4787;26/09/2023;Serviços de engenharia;ATIVIDADES PROFISSIONAIS, CIENTÍFICAS E TÉCNICAS;M;71;71.1;MG
EED;05.883.246/0001-72;IVISION SISTEMAS DE IMAGEM E VISAO SA;08/09/2003;DEMAIS;205-4;71.20-1-00;4787;26/09/2023;Testes e análises técnicas;ATIVIDADES PROFISSIONAIS, CIENTÍFICAS E TÉCNICAS;M;71;71.2;MG
EED;05.883.246/0001-72;IVISION SISTEMAS DE IMAGEM E VISAO SA;08/09/2003;DEMAIS;205-4;72.10-0-00;4787;26/09/2023;Pesquisa e desenvolvimento experimental em ciências físicas e naturais;ATIVIDADES PROFISSIONAIS, CIENTÍFICAS E TÉCNICAS;M;72;72.1;MG
EED;05.883.246/0001-72;IVISION SISTEMAS DE IMAGEM E VISAO SA;08/09/2003;DEMAIS;205-4;77.39-0-02;4787;26/09/2023;Aluguel de máquinas e equipamentos não especificados anteriormente;ATIVIDADES ADMINISTRATIVAS E SERVIÇOS COMPLEMENTARES;N;77;77.3;MG
EED;05.883.246/0001-72;IVISION SISTEMAS DE IMAGEM E VISAO SA;08/09/2003;DEMAIS;205-4;77.39-0-99;4787;26/09/2023;Aluguel de máquinas e equipamentos não especificados anteriormente;ATIVIDADES ADMINISTRATIVAS E SERVIÇOS COMPLEMENTARES;N;77;77.3;MG
EED;05.883.246/0001-72;IVISION SISTEMAS DE IMAGEM E VISAO SA;08/09/2003;DEMAIS;205-4;80.20-0-01;4787;26/09/2023;Atividades de monitoramento de sistemas de segurança;ATIVIDADES ADMINISTRATIVAS E SERVIÇOS COMPLEMENTARES;N;80;80.2;MG
EED;05.883.246/0001-72;IVISION SISTEMAS DE IMAGEM E VISAO SA;08/09/2003;DEMAIS;205-4;85.99-6-03;4787;26/09/2023;Atividades de ensino não especificadas anteriormente;EDUCAÇÃO;P;85;85.9;MG
EED;05.883.246/0001-72;IVISION SISTEMAS DE IMAGEM E VISAO SA;08/09/2003;DEMAIS;205-4;85.99-6-04;4787;26/09/2023;Atividades de ensino não especificadas anteriormente;EDUCAÇÃO;P;85;85.9;MG
EED;05.883.246/0001-72;IVISION SISTEMAS DE IMAGEM E VISAO SA;08/09/2003;DEMAIS;205-4;95.11-8-00;4787;26/09/2023;Reparação e manutenção de computadores e de equipamentos periféricos;OUTRAS ATIVIDADES DE SERVIÇOS;S;95;95.1;MG
EED;20.165.929/0001-88;JETWIND BRASIL TECNOLOGIAS E SERVICOS LTDA;30/04/2014;DEMAIS;206-2;30.41-5-00;4791;12/09/2022;Fabricação de aeronaves;INDÚSTRIAS DE TRANSFORMAÇÃO;C;30;30.4;SP
EED;20.165.929/0001-88;JETWIND BRASIL TECNOLOGIAS E SERVICOS LTDA;30/04/2014;DEMAIS;206-2;26.10-8-00;4791;12/09/2022;Fabricação de componentes eletrônicos;INDÚSTRIAS DE TRANSFORMAÇÃO;C;26;26.1;SP
EED;20.165.929/0001-88;JETWIND BRASIL TECNOLOGIAS E SERVICOS LTDA;30/04/2014;DEMAIS;206-2;26.51-5-00;4791;12/09/2022;Fabricação de aparelhos e equipamentos de medida, teste e controle;INDÚSTRIAS DE TRANSFORMAÇÃO;C;26;26.5;SP
EED;20.165.929/0001-88;JETWIND BRASIL TECNOLOGIAS E SERVICOS LTDA;30/04/2014;DEMAIS;206-2;30.42-3-00;4791;12/09/2022;Fabricação de turbinas, motores e outros componentes e peças para aeronaves;INDÚSTRIAS DE TRANSFORMAÇÃO;C;30;30.4;SP
EED;20.165.929/0001-88;JETWIND BRASIL TECNOLOGIAS E SERVICOS LTDA;30/04/2014;DEMAIS;206-2;33.12-1-02;4791;12/09/2022;Manutenção e reparação de equipamentos eletrônicos e ópticos;INDÚSTRIAS DE TRANSFORMAÇÃO;C;33;33.1;SP
EED;20.165.929/0001-88;JETWIND BRASIL TECNOLOGIAS E SERVICOS LTDA;30/04/2014;DEMAIS;206-2;33.16-3-01;4791;12/09/2022;Manutenção e reparação de aeronaves;INDÚSTRIAS DE TRANSFORMAÇÃO;C;33;33.1;SP
EED;20.165.929/0001-88;JETWIND BRASIL TECNOLOGIAS E SERVICOS LTDA;30/04/2014;DEMAIS;206-2;47.89-0-99;4791;12/09/2022;Comércio varejista de outros produtos novos não especificados anteriormente;"COMÉRCIO; REPARAÇÃO DE VEÍCULOS AUTOMOTORES E MOTOCICLETAS";G;47;47.8;SP
EED;20.165.929/0001-88;JETWIND BRASIL TECNOLOGIAS E SERVICOS LTDA;30/04/2014;DEMAIS;206-2;51.20-0-00 ;4791;12/09/2022;Transporte aéreo de carga;TRANSPORTE, ARMAZENAGEM E CORREIO;H;51;51.2;SP
EED;20.165.929/0001-88;JETWIND BRASIL TECNOLOGIAS E SERVICOS LTDA;30/04/2014;DEMAIS;206-2;52.40-1-99;4791;12/09/2022;Atividades auxiliares dos transportes aéreos;TRANSPORTE, ARMAZENAGEM E CORREIO;H;52;52.4;SP
EED;20.165.929/0001-88;JETWIND BRASIL TECNOLOGIAS E SERVICOS LTDA;30/04/2014;DEMAIS;206-2;72.10-0-00;4791;12/09/2022;Pesquisa e desenvolvimento experimental em ciências físicas e naturais;ATIVIDADES PROFISSIONAIS, CIENTÍFICAS E TÉCNICAS;M;72;72.1;SP
EED;20.165.929/0001-88;JETWIND BRASIL TECNOLOGIAS E SERVICOS LTDA;30/04/2014;DEMAIS;206-2;74.90-1-99 ;4791;12/09/2022;Atividades profissionais, científicas e técnicas não especificadas anteriormente;ATIVIDADES PROFISSIONAIS, CIENTÍFICAS E TÉCNICAS;M;74;74.9;SP
EED;20.165.929/0001-88;JETWIND BRASIL TECNOLOGIAS E SERVICOS LTDA;30/04/2014;DEMAIS;206-2;77.39-0-99;4791;12/09/2022;Aluguel de máquinas e equipamentos não especificados anteriormente;ATIVIDADES ADMINISTRATIVAS E SERVIÇOS COMPLEMENTARES;N;77;77.3;SP
EED;20.165.929/0001-88;JETWIND BRASIL TECNOLOGIAS E SERVICOS LTDA;30/04/2014;DEMAIS;206-2;82.99-7-99;4791;12/09/2022;Atividades de serviços prestados principalmente às empresas não especificadas anteriormente;ATIVIDADES ADMINISTRATIVAS E SERVIÇOS COMPLEMENTARES;N;82;82.9;SP
EED;02.745.351/0003-19;"JR ADAMVER INDUSTRIA E COMERCIO DE PRODUTOS OTICOS
S/A";15/06/2010;DEMAIS;205-4;46.49-4-99;4514;27/09/2024;Comércio atacadista de equipamentos e artigos de uso pessoal e doméstico não especificados anteriormente;"COMÉRCIO; REPARAÇÃO DE VEÍCULOS AUTOMOTORES E MOTOCICLETAS";G;46;46.4;ES
ED;61.094.355/0001-81;JW COMERCIO E CONFECCOES LTDA;27/07/1989;EPP;206-2;14.13-4-02;6132;18/12/2023;Confecção de roupas profissionais;INDÚSTRIAS DE TRANSFORMAÇÃO;C;14;14.1;SP
ED;12.488.158/0001-31;KMW DO BRASIL SISTEMAS DE DEFESA LTDA;25/08/2010;DEMAIS;206-2;45.20-0-01;3435;19/09/2017;Manutenção e reparação de veículos automotores;"COMÉRCIO; REPARAÇÃO DE VEÍCULOS AUTOMOTORES E MOTOCICLETAS";G;45;45.2;RS
ED;12.488.158/0001-31;KMW DO BRASIL SISTEMAS DE DEFESA LTDA;25/08/2010;DEMAIS;206-2;45.30-7-03;3435;19/09/2017;Comércio de peças e acessórios para veículos automotores;"COMÉRCIO; REPARAÇÃO DE VEÍCULOS AUTOMOTORES E MOTOCICLETAS";G;45;45.3;RS
ED;12.488.158/0001-31;KMW DO BRASIL SISTEMAS DE DEFESA LTDA;25/08/2010;DEMAIS;206-2;46.69-9-99;3435;19/09/2017;"Comércio atacadista de máquinas, aparelhos e equipamentos não especificados anteriormente; partes e peças";"COMÉRCIO; REPARAÇÃO DE VEÍCULOS AUTOMOTORES E MOTOCICLETAS";G;46;46.6;RS
ED;12.488.158/0001-31;KMW DO BRASIL SISTEMAS DE DEFESA LTDA;25/08/2010;DEMAIS;206-2;47.51-2-01;3435;19/09/2017;Comércio varejista especializado de equipamentos e suprimentos de informática;"COMÉRCIO; REPARAÇÃO DE VEÍCULOS AUTOMOTORES E MOTOCICLETAS";G;47;47.5;RS
ED;12.488.158/0001-31;KMW DO BRASIL SISTEMAS DE DEFESA LTDA;25/08/2010;DEMAIS;206-2;62.02-3-00;3435;19/09/2017;Desenvolvimento e licenciamento de programas de computador customizáveis;INFORMAÇÃO E COMUNICAÇÃO;J;62;62.0;RS
ED;12.488.158/0001-31;KMW DO BRASIL SISTEMAS DE DEFESA LTDA;25/08/2010;DEMAIS;206-2;62.03-1-00;3435;19/09/2017;Desenvolvimento e licenciamento de programas de computador não-customizáveis;INFORMAÇÃO E COMUNICAÇÃO;J;62;62.0;RS
EED;05.761.098/0001-13;KRYPTUS SEGURANCA DA INFORMACAO SA;16/06/2003;DEMAIS;205-4;47.51-2-01;1346;28/05/2014;Comércio varejista especializado de equipamentos e suprimentos de informática;"COMÉRCIO; REPARAÇÃO DE VEÍCULOS AUTOMOTORES E MOTOCICLETAS";G;47;47.5;SP
EED;05.761.098/0001-13;KRYPTUS SEGURANCA DA INFORMACAO SA;16/06/2003;DEMAIS;205-4;26.21-3-00;1346;28/05/2014;Fabricação de equipamentos de informática;INDÚSTRIAS DE TRANSFORMAÇÃO;C;26;26.2;SP
EED;05.761.098/0001-13;KRYPTUS SEGURANCA DA INFORMACAO SA;16/06/2003;DEMAIS;205-4;62.01-5-01;1346;28/05/2014;Desenvolvimento de programas de computador sob encomenda;INFORMAÇÃO E COMUNICAÇÃO;J;62;62.0;SP
EED;05.761.098/0001-13;KRYPTUS SEGURANCA DA INFORMACAO SA;16/06/2003;DEMAIS;205-4;62.02-3-00;1346;28/05/2014;Desenvolvimento e licenciamento de programas de computador customizáveis;INFORMAÇÃO E COMUNICAÇÃO;J;62;62.0;SP
EED;05.761.098/0001-13;KRYPTUS SEGURANCA DA INFORMACAO SA;16/06/2003;DEMAIS;205-4;62.03-1-00;1346;28/05/2014;Desenvolvimento e licenciamento de programas de computador não-customizáveis;INFORMAÇÃO E COMUNICAÇÃO;J;62;62.0;SP
EED;05.761.098/0001-13;KRYPTUS SEGURANCA DA INFORMACAO SA;16/06/2003;DEMAIS;205-4;62.04-0-00;1346;28/05/2014;Consultoria em tecnologia da informação;INFORMAÇÃO E COMUNICAÇÃO;J;62;62.0;SP
EED;05.761.098/0001-13;KRYPTUS SEGURANCA DA INFORMACAO SA;16/06/2003;DEMAIS;205-4;62.09-1-00;1346;28/05/2014;Suporte técnico, manutenção e outros serviços em tecnologia da informação;INFORMAÇÃO E COMUNICAÇÃO;J;62;62.0;SP
EED;05.761.098/0001-13;KRYPTUS SEGURANCA DA INFORMACAO SA;16/06/2003;DEMAIS;205-4;95.11-8-00;1346;28/05/2014;Reparação e manutenção de computadores e de equipamentos periféricos;OUTRAS ATIVIDADES DE SERVIÇOS;S;95;95.1;SP
EED;05.761.098/0001-13;KRYPTUS SEGURANCA DA INFORMACAO SA;16/06/2003;DEMAIS;205-4;85.99-6-03;1346;28/05/2014;Atividades de ensino não especificadas anteriormente;EDUCAÇÃO;P;85;85.9;SP
EED;10.449.961/0001-31;L H COLUS TECNOLOGIA LTDA;06/10/2008;EPP;206-2;30.42-3-00;4514;27/09/2024;Fabricação de turbinas, motores e outros componentes e peças para aeronaves;INDÚSTRIAS DE TRANSFORMAÇÃO;C;30;30.4;SP
EED;10.449.961/0001-31;L H COLUS TECNOLOGIA LTDA;06/10/2008;EPP;206-2;25.39-0-01;4514;27/09/2024;Serviços de usinagem, solda, tratamento e revestimento em metais;INDÚSTRIAS DE TRANSFORMAÇÃO;C;25;25.3;SP
EED;10.449.961/0001-31;L H COLUS TECNOLOGIA LTDA;06/10/2008;EPP;206-2;30.41-5-00;4514;27/09/2024;Fabricação de aeronaves;INDÚSTRIAS DE TRANSFORMAÇÃO;C;30;30.4;SP
EED;10.449.961/0001-31;L H COLUS TECNOLOGIA LTDA;06/10/2008;EPP;206-2;33.12-1-02 ;4514;27/09/2024;Manutenção e reparação de equipamentos eletrônicos e ópticos;INDÚSTRIAS DE TRANSFORMAÇÃO;C;33;33.1;SP
EED;10.449.961/0001-31;L H COLUS TECNOLOGIA LTDA;06/10/2008;EPP;206-2;33.16-3-01;4514;27/09/2024;Manutenção e reparação de aeronaves;INDÚSTRIAS DE TRANSFORMAÇÃO;C;33;33.1;SP
EED;10.449.961/0001-31;L H COLUS TECNOLOGIA LTDA;06/10/2008;EPP;206-2;33.16-3-02 ;4514;27/09/2024;Manutenção e reparação de aeronaves;INDÚSTRIAS DE TRANSFORMAÇÃO;C;33;33.1;SP
EED;10.449.961/0001-31;L H COLUS TECNOLOGIA LTDA;06/10/2008;EPP;206-2;52.40-1-99;4514;27/09/2024;Atividades auxiliares dos transportes aéreos;TRANSPORTE, ARMAZENAGEM E CORREIO;H;52;52.4;SP
EED;10.449.961/0001-31;L H COLUS TECNOLOGIA LTDA;06/10/2008;EPP;206-2;62.02-3-00;4514;27/09/2024;Desenvolvimento e licenciamento de programas de computador customizáveis;INFORMAÇÃO E COMUNICAÇÃO;J;62;62.0;SP
EED;10.449.961/0001-31;L H COLUS TECNOLOGIA LTDA;06/10/2008;EPP;206-2;70.20-4-00;4514;27/09/2024;Atividades de consultoria em gestão empresarial;ATIVIDADES PROFISSIONAIS, CIENTÍFICAS E TÉCNICAS;M;70;70.2;SP
EED;10.449.961/0001-31;L H COLUS TECNOLOGIA LTDA;06/10/2008;EPP;206-2;71.12-0-00;4514;27/09/2024;Serviços de engenharia;ATIVIDADES PROFISSIONAIS, CIENTÍFICAS E TÉCNICAS;M;71;71.1;SP
EED;10.449.961/0001-31;L H COLUS TECNOLOGIA LTDA;06/10/2008;EPP;206-2;71.19-7-03;4514;27/09/2024;Atividades técnicas relacionadas à arquitetura e engenharia;ATIVIDADES PROFISSIONAIS, CIENTÍFICAS E TÉCNICAS;M;71;71.1;SP
EED;10.449.961/0001-31;L H COLUS TECNOLOGIA LTDA;06/10/2008;EPP;206-2;71.20-1-00;4514;27/09/2024;Testes e análises técnicas;ATIVIDADES PROFISSIONAIS, CIENTÍFICAS E TÉCNICAS;M;71;71.2;SP
EED;10.449.961/0001-31;L H COLUS TECNOLOGIA LTDA;06/10/2008;EPP;206-2;72.10-0-00;4514;27/09/2024;Pesquisa e desenvolvimento experimental em ciências físicas e naturais;ATIVIDADES PROFISSIONAIS, CIENTÍFICAS E TÉCNICAS;M;72;72.1;SP
EED;10.449.961/0001-31;L H COLUS TECNOLOGIA LTDA;06/10/2008;EPP;206-2;82.19-9-99;4514;27/09/2024;Fotocópias, preparação de documentos e outros serviços especializados de apoio administrativo;ATIVIDADES ADMINISTRATIVAS E SERVIÇOS COMPLEMENTARES;N;82;82.1;SP
EED;46.954.004/0001-00;LAVRITA ENGENHARIA CONSULTORIA E EQ INDUSTRIAIS LTDA;25/07/1974;DEMAIS;206-2;28.29-1-99;2667;07/08/2020;Fabricação de máquinas e equipamentos de uso geral não especificados anteriormente;INDÚSTRIAS DE TRANSFORMAÇÃO;C;28;28.2;SP
EED;46.954.004/0001-00;LAVRITA ENGENHARIA CONSULTORIA E EQ INDUSTRIAIS LTDA;25/07/1974;DEMAIS;206-2;29.30-1-01;2667;07/08/2020;Fabricação de cabines, carrocerias e reboques para veículos automotores;INDÚSTRIAS DE TRANSFORMAÇÃO;C;29;29.3;SP
EED;46.954.004/0001-00;LAVRITA ENGENHARIA CONSULTORIA E EQ INDUSTRIAIS LTDA;25/07/1974;DEMAIS;206-2;33.21-0-00;2667;07/08/2020;Instalação de máquinas e equipamentos industriais;INDÚSTRIAS DE TRANSFORMAÇÃO;C;33;33.2;SP
EED;46.954.004/0001-00;LAVRITA ENGENHARIA CONSULTORIA E EQ INDUSTRIAIS LTDA;25/07/1974;DEMAIS;206-2;71.12-0-00;2667;07/08/2020;Serviços de engenharia;ATIVIDADES PROFISSIONAIS, CIENTÍFICAS E TÉCNICAS;M;71;71.1;SP
EED;46.954.004/0001-00;LAVRITA ENGENHARIA CONSULTORIA E EQ INDUSTRIAIS LTDA;25/07/1974;DEMAIS;206-2;45.12-9-01;2667;07/08/2020;Representantes comerciais e agentes do comércio de veículos automotores;"COMÉRCIO; REPARAÇÃO DE VEÍCULOS AUTOMOTORES E MOTOCICLETAS";G;45;45.1;SP
EED;05.947.370/0001-54;LEGADO USINAGEM LTDA;13/10/2003;DEMAIS;206-2;25.39-0-01;4514;27/09/2024;Serviços de usinagem, solda, tratamento e revestimento em metais;INDÚSTRIAS DE TRANSFORMAÇÃO;C;25;25.3;SP
EED;05.947.370/0001-54;LEGADO USINAGEM LTDA;13/10/2003;DEMAIS;206-2;33.12-1-02;4514;27/09/2024;Manutenção e reparação de equipamentos eletrônicos e ópticos;INDÚSTRIAS DE TRANSFORMAÇÃO;C;33;33.1;SP
EED;05.947.370/0001-54;LEGADO USINAGEM LTDA;13/10/2003;DEMAIS;206-2;33.14-7-13;4514;27/09/2024;Manutenção e reparação de máquinas e equipamentos da indústria mecânica;INDÚSTRIAS DE TRANSFORMAÇÃO;C;33;33.1;SP
EED;05.947.370/0001-54;LEGADO USINAGEM LTDA;13/10/2003;DEMAIS;206-2;33.14-7-18;4514;27/09/2024;Manutenção e reparação de máquinas e equipamentos da indústria mecânica;INDÚSTRIAS DE TRANSFORMAÇÃO;C;33;33.1;SP
EED;05.947.370/0001-54;LEGADO USINAGEM LTDA;13/10/2003;DEMAIS;206-2;33.21-0-00;4514;27/09/2024;Instalação de máquinas e equipamentos industriais;INDÚSTRIAS DE TRANSFORMAÇÃO;C;33;33.2;SP
EED;05.947.370/0001-54;LEGADO USINAGEM LTDA;13/10/2003;DEMAIS;206-2;46.63-0-00;4514;27/09/2024;"Comércio atacadista de máquinas e equipamentos para uso industrial; partes e peças";"COMÉRCIO; REPARAÇÃO DE VEÍCULOS AUTOMOTORES E MOTOCICLETAS";G;46;46.6;SP
EED;05.947.370/0001-54;LEGADO USINAGEM LTDA;13/10/2003;DEMAIS;206-2;46.69-9-99;4514;27/09/2024;"Comércio atacadista de máquinas, aparelhos e equipamentos não especificados anteriormente; partes e peças";"COMÉRCIO; REPARAÇÃO DE VEÍCULOS AUTOMOTORES E MOTOCICLETAS";G;46;46.6;SP
EED;05.947.370/0001-54;LEGADO USINAGEM LTDA;13/10/2003;DEMAIS;206-2;47.44-0-01;4514;27/09/2024;Comércio varejista de ferragens, madeira e materiais de construção;"COMÉRCIO; REPARAÇÃO DE VEÍCULOS AUTOMOTORES E MOTOCICLETAS";G;47;47.4;SP
EED;05.947.370/0001-54;LEGADO USINAGEM LTDA;13/10/2003;DEMAIS;206-2;64.62-0-00;4514;27/09/2024;Holdings de instituições não-financeiras;ATIVIDADES FINANCEIRAS, DE SEGUROS E SERVIÇOS RELACIONADOS;K;64;64.6;SP
EED;05.947.370/0001-54;LEGADO USINAGEM LTDA;13/10/2003;DEMAIS;206-2;68.10-2-02;4514;27/09/2024;Atividades imobiliárias de imóveis próprios;ATIVIDADES IMOBILIÁRIAS;L;68;68.1;SP
EED;05.947.370/0001-54;LEGADO USINAGEM LTDA;13/10/2003;DEMAIS;206-2;71.12-0-00;4514;27/09/2024;Serviços de engenharia;ATIVIDADES PROFISSIONAIS, CIENTÍFICAS E TÉCNICAS;M;71;71.1;SP
EED;05.947.370/0001-54;LEGADO USINAGEM LTDA;13/10/2003;DEMAIS;206-2;71.19-7-03;4514;27/09/2024;Atividades técnicas relacionadas à arquitetura e engenharia;ATIVIDADES PROFISSIONAIS, CIENTÍFICAS E TÉCNICAS;M;71;71.1;SP
EED;05.947.370/0001-54;LEGADO USINAGEM LTDA;13/10/2003;DEMAIS;206-2;71.20-1-00;4514;27/09/2024;Testes e análises técnicas;ATIVIDADES PROFISSIONAIS, CIENTÍFICAS E TÉCNICAS;M;71;71.2;SP
ED;31.609.476/0001-58;LINE-X DO BRASIL SOLUCOES PROTETIVAS E INDUSTRIAL LTDA;25/09/2018;DEMAIS;206-2;47.41-5-00;3215;12/06/2023;Comércio varejista de tintas e materiais para pintura;"COMÉRCIO; REPARAÇÃO DE VEÍCULOS AUTOMOTORES E MOTOCICLETAS";G;47;47.4;SP
ED;31.609.476/0001-58;LINE-X DO BRASIL SOLUCOES PROTETIVAS E INDUSTRIAL LTDA;25/09/2018;DEMAIS;206-2;43.21-5-00;3215;12/06/2023;Instalações elétricas;CONSTRUÇÃO;F;43;43.2;SP
ED;31.609.476/0001-58;LINE-X DO BRASIL SOLUCOES PROTETIVAS E INDUSTRIAL LTDA;25/09/2018;DEMAIS;206-2;43.29-1-99;3215;12/06/2023;Obras de instalações em construções não especificadas anteriormente;CONSTRUÇÃO;F;43;43.2;SP
ED;31.609.476/0001-58;LINE-X DO BRASIL SOLUCOES PROTETIVAS E INDUSTRIAL LTDA;25/09/2018;DEMAIS;206-2;43.30-4-05;3215;12/06/2023;Obras de acabamento;CONSTRUÇÃO;F;43;43.3;SP
ED;31.609.476/0001-58;LINE-X DO BRASIL SOLUCOES PROTETIVAS E INDUSTRIAL LTDA;25/09/2018;DEMAIS;206-2;45.20-0-02;3215;12/06/2023;Manutenção e reparação de veículos automotores;"COMÉRCIO; REPARAÇÃO DE VEÍCULOS AUTOMOTORES E MOTOCICLETAS";G;45;45.2;SP
ED;31.609.476/0001-58;LINE-X DO BRASIL SOLUCOES PROTETIVAS E INDUSTRIAL LTDA;25/09/2018;DEMAIS;206-2;46.52-4-00;3215;12/06/2023;Comércio atacadista de componentes eletrônicos e equipamentos de telefonia e comunicação;"COMÉRCIO; REPARAÇÃO DE VEÍCULOS AUTOMOTORES E MOTOCICLETAS";G;46;46.5;SP
ED;31.609.476/0001-58;LINE-X DO BRASIL SOLUCOES PROTETIVAS E INDUSTRIAL LTDA;25/09/2018;DEMAIS;206-2;71.12-0-00;3215;12/06/2023;Serviços de engenharia;ATIVIDADES PROFISSIONAIS, CIENTÍFICAS E TÉCNICAS;M;71;71.1;SP
ED;31.609.476/0001-58;LINE-X DO BRASIL SOLUCOES PROTETIVAS E INDUSTRIAL LTDA;25/09/2018;DEMAIS;206-2;80.20-0-01;3215;12/06/2023;Atividades de monitoramento de sistemas de segurança;ATIVIDADES ADMINISTRATIVAS E SERVIÇOS COMPLEMENTARES;N;80;80.2;SP
EED;19.194.046/0001-17;LINUX4SEC - SEGURANCA DA INFORMACAO LTDA;04/11/2013;ME;206-2;47.51-2-01;4787;26/09/2023;Comércio varejista especializado de equipamentos e suprimentos de informática;"COMÉRCIO; REPARAÇÃO DE VEÍCULOS AUTOMOTORES E MOTOCICLETAS";G;47;47.5;PR
EED;19.194.046/0001-17;LINUX4SEC - SEGURANCA DA INFORMACAO LTDA;04/11/2013;ME;206-2;47.53-9-00;4787;26/09/2023;Comércio varejista especializado de eletrodomésticos e equipamentos de áudio e vídeo;"COMÉRCIO; REPARAÇÃO DE VEÍCULOS AUTOMOTORES E MOTOCICLETAS";G;47;47.5;PR
EED;19.194.046/0001-17;LINUX4SEC - SEGURANCA DA INFORMACAO LTDA;04/11/2013;ME;206-2;47.57-1-00;4787;26/09/2023;Comércio varejista especializado de peças e acessórios para aparelhos eletroeletrônicos para uso doméstico, exceto informática e comunicação;"COMÉRCIO; REPARAÇÃO DE VEÍCULOS AUTOMOTORES E MOTOCICLETAS";G;47;47.5;PR
EED;19.194.046/0001-17;LINUX4SEC - SEGURANCA DA INFORMACAO LTDA;04/11/2013;ME;206-2;62.09-1-00;4787;26/09/2023;Suporte técnico, manutenção e outros serviços em tecnologia da informação;INFORMAÇÃO E COMUNICAÇÃO;J;62;62.0;PR
EED;19.194.046/0001-17;LINUX4SEC - SEGURANCA DA INFORMACAO LTDA;04/11/2013;ME;206-2;85.99-6-03;4787;26/09/2023;Atividades de ensino não especificadas anteriormente;EDUCAÇÃO;P;85;85.9;PR
EED;19.194.046/0001-17;LINUX4SEC - SEGURANCA DA INFORMACAO LTDA;04/11/2013;ME;206-2;85.99-6-04;4787;26/09/2023;Atividades de ensino não especificadas anteriormente;EDUCAÇÃO;P;85;85.9;PR
EED;19.194.046/0001-17;LINUX4SEC - SEGURANCA DA INFORMACAO LTDA;04/11/2013;ME;206-2;95.11-8-00;4787;26/09/2023;Reparação e manutenção de computadores e de equipamentos periféricos;OUTRAS ATIVIDADES DE SERVIÇOS;S;95;95.1;PR
EED;08.191.340/0001-59;LT GLOBAL COMERCIO E SERVICOS LTDA;07/07/2006;DEMAIS;206-2;47.55-5-02;4791;12/09/2022;Comércio varejista especializado de tecidos e artigos de cama, mesa e banho;"COMÉRCIO; REPARAÇÃO DE VEÍCULOS AUTOMOTORES E MOTOCICLETAS";G;47;47.5;SP
EED;08.191.340/0001-59;LT GLOBAL COMERCIO E SERVICOS LTDA;07/07/2006;DEMAIS;206-2;14.11-8-01;4791;12/09/2022;Confecção de roupas íntimas;INDÚSTRIAS DE TRANSFORMAÇÃO;C;14;14.1;SP
EED;08.191.340/0001-59;LT GLOBAL COMERCIO E SERVICOS LTDA;07/07/2006;DEMAIS;206-2;14.12-6-01;4791;12/09/2022;Confecção de peças do vestuário, exceto roupas íntimas;INDÚSTRIAS DE TRANSFORMAÇÃO;C;14;14.1;SP
EED;08.191.340/0001-59;LT GLOBAL COMERCIO E SERVICOS LTDA;07/07/2006;DEMAIS;206-2;14.14-2-00 ;4791;12/09/2022;Fabricação de acessórios do vestuário, exceto para segurança e proteção;INDÚSTRIAS DE TRANSFORMAÇÃO;C;14;14.1;SP
EED;08.191.340/0001-59;LT GLOBAL COMERCIO E SERVICOS LTDA;07/07/2006;DEMAIS;206-2;15.31-9-01 ;4791;12/09/2022;Fabricação de calçados de couro;INDÚSTRIAS DE TRANSFORMAÇÃO;C;15;15.3;SP
EED;08.191.340/0001-59;LT GLOBAL COMERCIO E SERVICOS LTDA;07/07/2006;DEMAIS;206-2;15.32-7-00 ;4791;12/09/2022;Fabricação de tênis de qualquer material;INDÚSTRIAS DE TRANSFORMAÇÃO;C;15;15.3;SP
EED;08.191.340/0001-59;LT GLOBAL COMERCIO E SERVICOS LTDA;07/07/2006;DEMAIS;206-2;15.33-5-00;4791;12/09/2022;Fabricação de calçados de material sintético;INDÚSTRIAS DE TRANSFORMAÇÃO;C;15;15.3;SP
EED;08.191.340/0001-59;LT GLOBAL COMERCIO E SERVICOS LTDA;07/07/2006;DEMAIS;206-2;15.39-4-00 ;4791;12/09/2022;Fabricação de calçados de materiais não especificados anteriormente;INDÚSTRIAS DE TRANSFORMAÇÃO;C;15;15.3;SP
EED;08.191.340/0001-59;LT GLOBAL COMERCIO E SERVICOS LTDA;07/07/2006;DEMAIS;206-2;22.29-3-99;4791;12/09/2022;Fabricação de artefatos de material plástico não especificados anteriormente;INDÚSTRIAS DE TRANSFORMAÇÃO;C;22;22.2;SP
EED;08.191.340/0001-59;LT GLOBAL COMERCIO E SERVICOS LTDA;07/07/2006;DEMAIS;206-2;25.99-3-99;4791;12/09/2022;Fabricação de produtos de metal não especificados anteriormente;INDÚSTRIAS DE TRANSFORMAÇÃO;C;25;25.9;SP
EED;08.191.340/0001-59;LT GLOBAL COMERCIO E SERVICOS LTDA;07/07/2006;DEMAIS;206-2;29.30-1-01;4791;12/09/2022;Fabricação de cabines, carrocerias e reboques para veículos automotores;INDÚSTRIAS DE TRANSFORMAÇÃO;C;29;29.3;SP
EED;08.191.340/0001-59;LT GLOBAL COMERCIO E SERVICOS LTDA;07/07/2006;DEMAIS;206-2;30.50-4-00 ;4791;12/09/2022;Fabricação de veículos militares de combate;INDÚSTRIAS DE TRANSFORMAÇÃO;C;30;30.5;SP
EED;08.191.340/0001-59;LT GLOBAL COMERCIO E SERVICOS LTDA;07/07/2006;DEMAIS;206-2;33.29-5-99;4791;12/09/2022;Instalação de equipamentos não especificados anteriormente;INDÚSTRIAS DE TRANSFORMAÇÃO;C;33;33.2;SP
EED;08.191.340/0001-59;LT GLOBAL COMERCIO E SERVICOS LTDA;07/07/2006;DEMAIS;206-2;43.21-5-00;4791;12/09/2022;Instalações elétricas;CONSTRUÇÃO;F;43;43.2;SP
EED;08.191.340/0001-59;LT GLOBAL COMERCIO E SERVICOS LTDA;07/07/2006;DEMAIS;206-2;43.22-3-01;4791;12/09/2022;Instalações hidráulicas, de sistemas de ventilação e refrigeração;CONSTRUÇÃO;F;43;43.2;SP
EED;08.191.340/0001-59;LT GLOBAL COMERCIO E SERVICOS LTDA;07/07/2006;DEMAIS;206-2;43.22-3-02 ;4791;12/09/2022;Instalações hidráulicas, de sistemas de ventilação e refrigeração;CONSTRUÇÃO;F;43;43.2;SP
EED;08.191.340/0001-59;LT GLOBAL COMERCIO E SERVICOS LTDA;07/07/2006;DEMAIS;206-2;43.29-1-99 ;4791;12/09/2022;Obras de instalações em construções não especificadas anteriormente;CONSTRUÇÃO;F;43;43.2;SP
EED;08.191.340/0001-59;LT GLOBAL COMERCIO E SERVICOS LTDA;07/07/2006;DEMAIS;206-2;43.30-4-99;4791;12/09/2022;Obras de acabamento;CONSTRUÇÃO;F;43;43.3;SP
EED;08.191.340/0001-59;LT GLOBAL COMERCIO E SERVICOS LTDA;07/07/2006;DEMAIS;206-2;45.11-1-02;4791;12/09/2022;Comércio a varejo e por atacado de veículos automotores;"COMÉRCIO; REPARAÇÃO DE VEÍCULOS AUTOMOTORES E MOTOCICLETAS";G;45;45.1;SP
EED;08.191.340/0001-59;LT GLOBAL COMERCIO E SERVICOS LTDA;07/07/2006;DEMAIS;206-2;45.11-1-03;4791;12/09/2022;Comércio a varejo e por atacado de veículos automotores;"COMÉRCIO; REPARAÇÃO DE VEÍCULOS AUTOMOTORES E MOTOCICLETAS";G;45;45.1;SP
EED;08.191.340/0001-59;LT GLOBAL COMERCIO E SERVICOS LTDA;07/07/2006;DEMAIS;206-2;45.20-0-01 ;4791;12/09/2022;Manutenção e reparação de veículos automotores;"COMÉRCIO; REPARAÇÃO DE VEÍCULOS AUTOMOTORES E MOTOCICLETAS";G;45;45.2;SP
EED;08.191.340/0001-59;LT GLOBAL COMERCIO E SERVICOS LTDA;07/07/2006;DEMAIS;206-2;45.20-0-07;4791;12/09/2022;Manutenção e reparação de veículos automotores;"COMÉRCIO; REPARAÇÃO DE VEÍCULOS AUTOMOTORES E MOTOCICLETAS";G;45;45.2;SP
EED;08.191.340/0001-59;LT GLOBAL COMERCIO E SERVICOS LTDA;07/07/2006;DEMAIS;206-2;46.42-7-02;4791;12/09/2022;Comércio atacadista de artigos do vestuário e acessórios;"COMÉRCIO; REPARAÇÃO DE VEÍCULOS AUTOMOTORES E MOTOCICLETAS";G;46;46.4;SP
EED;08.191.340/0001-59;LT GLOBAL COMERCIO E SERVICOS LTDA;07/07/2006;DEMAIS;206-2;46.69-9-99;4791;12/09/2022;"Comércio atacadista de máquinas, aparelhos e equipamentos não especificados anteriormente; partes e peças";"COMÉRCIO; REPARAÇÃO DE VEÍCULOS AUTOMOTORES E MOTOCICLETAS";G;46;46.6;SP
EED;08.191.340/0001-59;LT GLOBAL COMERCIO E SERVICOS LTDA;07/07/2006;DEMAIS;206-2;47.21-1-03;4791;12/09/2022;Comércio varejista de produtos de padaria, laticínio, doces, balas e semelhantes;"COMÉRCIO; REPARAÇÃO DE VEÍCULOS AUTOMOTORES E MOTOCICLETAS";G;47;47.2;SP
EED;08.191.340/0001-59;LT GLOBAL COMERCIO E SERVICOS LTDA;07/07/2006;DEMAIS;206-2;47.41-5-00;4791;12/09/2022;Comércio varejista de tintas e materiais para pintura;"COMÉRCIO; REPARAÇÃO DE VEÍCULOS AUTOMOTORES E MOTOCICLETAS";G;47;47.4;SP
EED;08.191.340/0001-59;LT GLOBAL COMERCIO E SERVICOS LTDA;07/07/2006;DEMAIS;206-2;47.42-3-00;4791;12/09/2022;Comércio varejista de material elétrico;"COMÉRCIO; REPARAÇÃO DE VEÍCULOS AUTOMOTORES E MOTOCICLETAS";G;47;47.4;SP
EED;08.191.340/0001-59;LT GLOBAL COMERCIO E SERVICOS LTDA;07/07/2006;DEMAIS;206-2;47.44-0-01;4791;12/09/2022;Comércio varejista de ferragens, madeira e materiais de construção;"COMÉRCIO; REPARAÇÃO DE VEÍCULOS AUTOMOTORES E MOTOCICLETAS";G;47;47.4;SP
EED;08.191.340/0001-59;LT GLOBAL COMERCIO E SERVICOS LTDA;07/07/2006;DEMAIS;206-2;47.44-0-03;4791;12/09/2022;Comércio varejista de ferragens, madeira e materiais de construção;"COMÉRCIO; REPARAÇÃO DE VEÍCULOS AUTOMOTORES E MOTOCICLETAS";G;47;47.4;SP
EED;08.191.340/0001-59;LT GLOBAL COMERCIO E SERVICOS LTDA;07/07/2006;DEMAIS;206-2;47.44-0-04 ;4791;12/09/2022;Comércio varejista de ferragens, madeira e materiais de construção;"COMÉRCIO; REPARAÇÃO DE VEÍCULOS AUTOMOTORES E MOTOCICLETAS";G;47;47.4;SP
EED;08.191.340/0001-59;LT GLOBAL COMERCIO E SERVICOS LTDA;07/07/2006;DEMAIS;206-2;47.44-0-05;4791;12/09/2022;Comércio varejista de ferragens, madeira e materiais de construção;"COMÉRCIO; REPARAÇÃO DE VEÍCULOS AUTOMOTORES E MOTOCICLETAS";G;47;47.4;SP
EED;08.191.340/0001-59;LT GLOBAL COMERCIO E SERVICOS LTDA;07/07/2006;DEMAIS;206-2;47.51-2-01 ;4791;12/09/2022;Comércio varejista especializado de equipamentos e suprimentos de informática;"COMÉRCIO; REPARAÇÃO DE VEÍCULOS AUTOMOTORES E MOTOCICLETAS";G;47;47.5;SP
EED;08.191.340/0001-59;LT GLOBAL COMERCIO E SERVICOS LTDA;07/07/2006;DEMAIS;206-2;47.53-9-00 ;4791;12/09/2022;Comércio varejista especializado de eletrodomésticos e equipamentos de áudio e vídeo;"COMÉRCIO; REPARAÇÃO DE VEÍCULOS AUTOMOTORES E MOTOCICLETAS";G;47;47.5;SP
EED;08.191.340/0001-59;LT GLOBAL COMERCIO E SERVICOS LTDA;07/07/2006;DEMAIS;206-2;47.54-7-01 ;4791;12/09/2022;Comércio varejista especializado de móveis, colchoaria e artigos de iluminação;"COMÉRCIO; REPARAÇÃO DE VEÍCULOS AUTOMOTORES E MOTOCICLETAS";G;47;47.5;SP
EED;08.191.340/0001-59;LT GLOBAL COMERCIO E SERVICOS LTDA;07/07/2006;DEMAIS;206-2;47.56-3-00;4791;12/09/2022;Comércio varejista especializado de instrumentos musicais e acessórios;"COMÉRCIO; REPARAÇÃO DE VEÍCULOS AUTOMOTORES E MOTOCICLETAS";G;47;47.5;SP
EED;08.191.340/0001-59;LT GLOBAL COMERCIO E SERVICOS LTDA;07/07/2006;DEMAIS;206-2;47.59-8-99 ;4791;12/09/2022;Comércio varejista de artigos de uso doméstico não especificados anteriormente;"COMÉRCIO; REPARAÇÃO DE VEÍCULOS AUTOMOTORES E MOTOCICLETAS";G;47;47.5;SP
EED;08.191.340/0001-59;LT GLOBAL COMERCIO E SERVICOS LTDA;07/07/2006;DEMAIS;206-2;47.61-0-03 ;4791;12/09/2022;Comércio varejista de livros, jornais, revistas e papelaria;"COMÉRCIO; REPARAÇÃO DE VEÍCULOS AUTOMOTORES E MOTOCICLETAS";G;47;47.6;SP
EED;08.191.340/0001-59;LT GLOBAL COMERCIO E SERVICOS LTDA;07/07/2006;DEMAIS;206-2;47.63-6-01 ;4791;12/09/2022;Comércio varejista de artigos recreativos e esportivos;"COMÉRCIO; REPARAÇÃO DE VEÍCULOS AUTOMOTORES E MOTOCICLETAS";G;47;47.6;SP
EED;08.191.340/0001-59;LT GLOBAL COMERCIO E SERVICOS LTDA;07/07/2006;DEMAIS;206-2;47.63-6-02 ;4791;12/09/2022;Comércio varejista de artigos recreativos e esportivos;"COMÉRCIO; REPARAÇÃO DE VEÍCULOS AUTOMOTORES E MOTOCICLETAS";G;47;47.6;SP
EED;08.191.340/0001-59;LT GLOBAL COMERCIO E SERVICOS LTDA;07/07/2006;DEMAIS;206-2;47.63-6-03 ;4791;12/09/2022;Comércio varejista de artigos recreativos e esportivos;"COMÉRCIO; REPARAÇÃO DE VEÍCULOS AUTOMOTORES E MOTOCICLETAS";G;47;47.6;SP
EED;08.191.340/0001-59;LT GLOBAL COMERCIO E SERVICOS LTDA;07/07/2006;DEMAIS;206-2;47.72-5-00;4791;12/09/2022;Comércio varejista de cosméticos, produtos de perfumaria e de higiene pessoal;"COMÉRCIO; REPARAÇÃO DE VEÍCULOS AUTOMOTORES E MOTOCICLETAS";G;47;47.7;SP
EED;08.191.340/0001-59;LT GLOBAL COMERCIO E SERVICOS LTDA;07/07/2006;DEMAIS;206-2;47.73-3-00;4791;12/09/2022;Comércio varejista de artigos médicos e ortopédicos;"COMÉRCIO; REPARAÇÃO DE VEÍCULOS AUTOMOTORES E MOTOCICLETAS";G;47;47.7;SP
EED;08.191.340/0001-59;LT GLOBAL COMERCIO E SERVICOS LTDA;07/07/2006;DEMAIS;206-2;47.89-0-99;4791;12/09/2022;Comércio varejista de outros produtos novos não especificados anteriormente;"COMÉRCIO; REPARAÇÃO DE VEÍCULOS AUTOMOTORES E MOTOCICLETAS";G;47;47.8;SP
EED;08.191.340/0001-59;LT GLOBAL COMERCIO E SERVICOS LTDA;07/07/2006;DEMAIS;206-2;70.20-4-00;4791;12/09/2022;Atividades de consultoria em gestão empresarial;ATIVIDADES PROFISSIONAIS, CIENTÍFICAS E TÉCNICAS;M;70;70.2;SP
EED;08.191.340/0001-59;LT GLOBAL COMERCIO E SERVICOS LTDA;07/07/2006;DEMAIS;206-2;71.12-0-00;4791;12/09/2022;Serviços de engenharia;ATIVIDADES PROFISSIONAIS, CIENTÍFICAS E TÉCNICAS;M;71;71.1;SP
EED;08.191.340/0001-59;LT GLOBAL COMERCIO E SERVICOS LTDA;07/07/2006;DEMAIS;206-2;77.11-0-00;4791;12/09/2022;Locação de automóveis sem condutor;ATIVIDADES ADMINISTRATIVAS E SERVIÇOS COMPLEMENTARES;N;77;77.1;SP
EED;08.191.340/0001-59;LT GLOBAL COMERCIO E SERVICOS LTDA;07/07/2006;DEMAIS;206-2;82.30-0-01;4791;12/09/2022;Atividades de organização de eventos, exceto culturais e esportivos;ATIVIDADES ADMINISTRATIVAS E SERVIÇOS COMPLEMENTARES;N;82;82.3;SP
ED;17.285.030/0001-94;MAC JEE INDUSTRIA DE DEFESA LTDA;28/09/2012;DEMAIS;206-2;71.12-0-00;2822;05/07/2021;Serviços de engenharia;ATIVIDADES PROFISSIONAIS, CIENTÍFICAS E TÉCNICAS;M;71;71.1;SP
ED;17.285.030/0001-94;MAC JEE INDUSTRIA DE DEFESA LTDA;28/09/2012;DEMAIS;206-2;20.92-4-01;2822;05/07/2021;Fabricação de explosivos;INDÚSTRIAS DE TRANSFORMAÇÃO;C;20;20.9;SP
ED;17.285.030/0001-94;MAC JEE INDUSTRIA DE DEFESA LTDA;28/09/2012;DEMAIS;206-2;25.50-1-01;2822;05/07/2021;Fabricação de equipamento bélico pesado, armas de fogo e munições;INDÚSTRIAS DE TRANSFORMAÇÃO;C;25;25.5;SP
ED;17.285.030/0001-94;MAC JEE INDUSTRIA DE DEFESA LTDA;28/09/2012;DEMAIS;206-2;25.50-1-02;2822;05/07/2021;Fabricação de equipamento bélico pesado, armas de fogo e munições;INDÚSTRIAS DE TRANSFORMAÇÃO;C;25;25.5;SP
ED;17.285.030/0001-94;MAC JEE INDUSTRIA DE DEFESA LTDA;28/09/2012;DEMAIS;206-2;30.50-4-00;2822;05/07/2021;Fabricação de veículos militares de combate;INDÚSTRIAS DE TRANSFORMAÇÃO;C;30;30.5;SP
ED;17.285.030/0001-94;MAC JEE INDUSTRIA DE DEFESA LTDA;28/09/2012;DEMAIS;206-2;46.14-1-00;2822;05/07/2021;Representantes comerciais e agentes do comércio de máquinas, equipamentos, embarcações e aeronaves;"COMÉRCIO; REPARAÇÃO DE VEÍCULOS AUTOMOTORES E MOTOCICLETAS";G;46;46.1;SP
ED;17.285.030/0001-94;MAC JEE INDUSTRIA DE DEFESA LTDA;28/09/2012;DEMAIS;206-2;52.11-7-99;2822;05/07/2021;Armazenamento;TRANSPORTE, ARMAZENAGEM E CORREIO;H;52;52.1;SP
ED;17.285.030/0001-94;MAC JEE INDUSTRIA DE DEFESA LTDA;28/09/2012;DEMAIS;206-2;64.63-8-00;2822;05/07/2021;Outras sociedades de participação, exceto holdings;ATIVIDADES FINANCEIRAS, DE SEGUROS E SERVIÇOS RELACIONADOS;K;64;64.6;SP
ED;17.285.030/0001-94;MAC JEE INDUSTRIA DE DEFESA LTDA;28/09/2012;DEMAIS;206-2;74.90-1-99 ;2822;05/07/2021;Atividades profissionais, científicas e técnicas não especificadas anteriormente;ATIVIDADES PROFISSIONAIS, CIENTÍFICAS E TÉCNICAS;M;74;74.9;SP
ED;17.285.030/0001-94;MAC JEE INDUSTRIA DE DEFESA LTDA;28/09/2012;DEMAIS;206-2;77.39-0-99;2822;05/07/2021;Aluguel de máquinas e equipamentos não especificados anteriormente;ATIVIDADES ADMINISTRATIVAS E SERVIÇOS COMPLEMENTARES;N;77;77.3;SP
ED;17.285.030/0001-94;MAC JEE INDUSTRIA DE DEFESA LTDA;28/09/2012;DEMAIS;206-2;84.22-1-00;2822;05/07/2021;Defesa;ADMINISTRAÇÃO PÚBLICA, DEFESA E SEGURIDADE SOCIAL;O;84;84.2;SP
ED;17.285.030/0001-94;MAC JEE INDUSTRIA DE DEFESA LTDA;28/09/2012;DEMAIS;206-2;95.12-6-00;2822;05/07/2021;Reparação e manutenção de equipamentos de comunicação;OUTRAS ATIVIDADES DE SERVIÇOS;S;95;95.1;SP
ED;49.941.404/0001-79;MALIGAN INDUSTRIA E COMERCIO DE MALAS TECNICAS LTDA;20/06/1978;EPP;206-2;15.21-1-00;1587;14/04/2020;Fabricação de artigos para viagem, bolsas e semelhantes de qualquer material;INDÚSTRIAS DE TRANSFORMAÇÃO;C;15;15.2;SP
ED;49.941.404/0001-79;MALIGAN INDUSTRIA E COMERCIO DE MALAS TECNICAS LTDA;20/06/1978;EPP;206-2;46.43-5-02;1587;14/04/2020;Comércio atacadista de calçados e artigos de viagem;"COMÉRCIO; REPARAÇÃO DE VEÍCULOS AUTOMOTORES E MOTOCICLETAS";G;46;46.4;SP
ED;49.941.404/0001-79;MALIGAN INDUSTRIA E COMERCIO DE MALAS TECNICAS LTDA;20/06/1978;EPP;206-2;46.86-9-02;1587;14/04/2020;Comércio atacadista de papel e papelão em bruto e de embalagens;"COMÉRCIO; REPARAÇÃO DE VEÍCULOS AUTOMOTORES E MOTOCICLETAS";G;46;46.8;SP
ED;49.941.404/0001-79;MALIGAN INDUSTRIA E COMERCIO DE MALAS TECNICAS LTDA;20/06/1978;EPP;206-2;46.49-4-99;1587;14/04/2020;Comércio atacadista de equipamentos e artigos de uso pessoal e doméstico não especificados anteriormente;"COMÉRCIO; REPARAÇÃO DE VEÍCULOS AUTOMOTORES E MOTOCICLETAS";G;46;46.4;SP
ED;49.941.404/0001-79;MALIGAN INDUSTRIA E COMERCIO DE MALAS TECNICAS LTDA;20/06/1978;EPP;206-2;16.23-4-00;1587;14/04/2020;Fabricação de artefatos de tanoaria e de embalagens de madeira;INDÚSTRIAS DE TRANSFORMAÇÃO;C;16;16.2;SP
ED;33.060.278/0001-03;EVERLLENCE BRASIL EQUIPAMENTOS E SERVIÇOS LTDA;08/08/1966;DEMAIS;206-2;33.14-7-01;537;01/06/2016;Manutenção e reparação de máquinas e equipamentos da indústria mecânica;INDÚSTRIAS DE TRANSFORMAÇÃO;C;33;33.1;RJ
ED;33.060.278/0001-03;EVERLLENCE BRASIL EQUIPAMENTOS E SERVIÇOS LTDA;08/08/1966;DEMAIS;206-2;28.29-1-99;537;01/06/2016;Fabricação de máquinas e equipamentos de uso geral não especificados anteriormente;INDÚSTRIAS DE TRANSFORMAÇÃO;C;28;28.2;RJ
ED;33.060.278/0001-03;EVERLLENCE BRASIL EQUIPAMENTOS E SERVIÇOS LTDA;08/08/1966;DEMAIS;206-2;33.12-1-02;537;01/06/2016;Manutenção e reparação de equipamentos eletrônicos e ópticos;INDÚSTRIAS DE TRANSFORMAÇÃO;C;33;33.1;RJ
ED;33.060.278/0001-03;EVERLLENCE BRASIL EQUIPAMENTOS E SERVIÇOS LTDA;08/08/1966;DEMAIS;206-2;33.14-7-02;537;01/06/2016;Manutenção e reparação de máquinas e equipamentos da indústria mecânica;INDÚSTRIAS DE TRANSFORMAÇÃO;C;33;33.1;RJ
ED;33.060.278/0001-03;EVERLLENCE BRASIL EQUIPAMENTOS E SERVIÇOS LTDA;08/08/1966;DEMAIS;206-2;33.14-7-03;537;01/06/2016;Manutenção e reparação de máquinas e equipamentos da indústria mecânica;INDÚSTRIAS DE TRANSFORMAÇÃO;C;33;33.1;RJ
ED;33.060.278/0001-03;EVERLLENCE BRASIL EQUIPAMENTOS E SERVIÇOS LTDA;08/08/1966;DEMAIS;206-2;33.14-7-04;537;01/06/2016;Manutenção e reparação de máquinas e equipamentos da indústria mecânica;INDÚSTRIAS DE TRANSFORMAÇÃO;C;33;33.1;RJ
ED;33.060.278/0001-03;EVERLLENCE BRASIL EQUIPAMENTOS E SERVIÇOS LTDA;08/08/1966;DEMAIS;206-2;33.14-7-07;537;01/06/2016;Manutenção e reparação de máquinas e equipamentos da indústria mecânica;INDÚSTRIAS DE TRANSFORMAÇÃO;C;33;33.1;RJ
ED;33.060.278/0001-03;EVERLLENCE BRASIL EQUIPAMENTOS E SERVIÇOS LTDA;08/08/1966;DEMAIS;206-2;33.17-1-01;537;01/06/2016;Manutenção e reparação de embarcações;INDÚSTRIAS DE TRANSFORMAÇÃO;C;33;33.1;RJ
ED;33.060.278/0001-03;EVERLLENCE BRASIL EQUIPAMENTOS E SERVIÇOS LTDA;08/08/1966;DEMAIS;206-2;33.17-1-02;537;01/06/2016;Manutenção e reparação de embarcações;INDÚSTRIAS DE TRANSFORMAÇÃO;C;33;33.1;RJ
ED;33.060.278/0001-03;EVERLLENCE BRASIL EQUIPAMENTOS E SERVIÇOS LTDA;08/08/1966;DEMAIS;206-2;33.21-0-00;537;01/06/2016;Instalação de máquinas e equipamentos industriais;INDÚSTRIAS DE TRANSFORMAÇÃO;C;33;33.2;RJ
ED;33.060.278/0001-03;EVERLLENCE BRASIL EQUIPAMENTOS E SERVIÇOS LTDA;08/08/1966;DEMAIS;206-2;46.14-1-00;537;01/06/2016;Representantes comerciais e agentes do comércio de máquinas, equipamentos, embarcações e aeronaves;"COMÉRCIO; REPARAÇÃO DE VEÍCULOS AUTOMOTORES E MOTOCICLETAS";G;46;46.1;RJ
ED;33.060.278/0001-03;EVERLLENCE BRASIL EQUIPAMENTOS E SERVIÇOS LTDA;08/08/1966;DEMAIS;206-2;46.69-9-99;537;01/06/2016;"Comércio atacadista de máquinas, aparelhos e equipamentos não especificados anteriormente; partes e peças";"COMÉRCIO; REPARAÇÃO DE VEÍCULOS AUTOMOTORES E MOTOCICLETAS";G;46;46.6;RJ
ED;33.060.278/0001-03;EVERLLENCE BRASIL EQUIPAMENTOS E SERVIÇOS LTDA;08/08/1966;DEMAIS;206-2;46.89-3-99;537;01/06/2016;Comércio atacadista especializado de outros produtos intermediários não especificados anteriormente;"COMÉRCIO; REPARAÇÃO DE VEÍCULOS AUTOMOTORES E MOTOCICLETAS";G;46;46.8;RJ
ED;33.060.278/0001-03;EVERLLENCE BRASIL EQUIPAMENTOS E SERVIÇOS LTDA;08/08/1966;DEMAIS;206-2;52.11-7-99;537;01/06/2016;Armazenamento;TRANSPORTE, ARMAZENAGEM E CORREIO;H;52;52.1;RJ
ED;33.060.278/0001-03;EVERLLENCE BRASIL EQUIPAMENTOS E SERVIÇOS LTDA;08/08/1966;DEMAIS;206-2;62.04-0-00;537;01/06/2016;Consultoria em tecnologia da informação;INFORMAÇÃO E COMUNICAÇÃO;J;62;62.0;RJ
ED;33.060.278/0001-03;EVERLLENCE BRASIL EQUIPAMENTOS E SERVIÇOS LTDA;08/08/1966;DEMAIS;206-2;63.11-9-00;537;01/06/2016;Tratamento de dados, provedores de serviços de aplicação e serviços de hospedagem na internet;INFORMAÇÃO E COMUNICAÇÃO;J;63;63.1;RJ
ED;33.060.278/0001-03;EVERLLENCE BRASIL EQUIPAMENTOS E SERVIÇOS LTDA;08/08/1966;DEMAIS;206-2;71.12-0-00;537;01/06/2016;Serviços de engenharia;ATIVIDADES PROFISSIONAIS, CIENTÍFICAS E TÉCNICAS;M;71;71.1;RJ
ED;33.060.278/0001-03;EVERLLENCE BRASIL EQUIPAMENTOS E SERVIÇOS LTDA;08/08/1966;DEMAIS;206-2;71.20-1-00;537;01/06/2016;Testes e análises técnicas;ATIVIDADES PROFISSIONAIS, CIENTÍFICAS E TÉCNICAS;M;71;71.2;RJ
ED;33.060.278/0001-03;EVERLLENCE BRASIL EQUIPAMENTOS E SERVIÇOS LTDA;08/08/1966;DEMAIS;206-2;77.39-0-99;537;01/06/2016;Aluguel de máquinas e equipamentos não especificados anteriormente;ATIVIDADES ADMINISTRATIVAS E SERVIÇOS COMPLEMENTARES;N;77;77.3;RJ
ED;33.060.278/0001-03;EVERLLENCE BRASIL EQUIPAMENTOS E SERVIÇOS LTDA;08/08/1966;DEMAIS;206-2;85.99-6-04;537;01/06/2016;Atividades de ensino não especificadas anteriormente;EDUCAÇÃO;P;85;85.9;RJ
EED;53.857.072/0001-16;MAVIPE SISTEMAS ESPACIAIS LTDA;08/02/2024;EPP;206-2;71.12-0-00;5576;12/12/2024;Serviços de engenharia;ATIVIDADES PROFISSIONAIS, CIENTÍFICAS E TÉCNICAS;M;71;71.1;SP
EED;53.857.072/0001-16;MAVIPE SISTEMAS ESPACIAIS LTDA;08/02/2024;EPP;206-2;51.30-7-00;5576;12/12/2024;Transporte espacial;TRANSPORTE, ARMAZENAGEM E CORREIO;H;51;51.3;SP
EED;53.857.072/0001-16;MAVIPE SISTEMAS ESPACIAIS LTDA;08/02/2024;EPP;206-2;61.30-2-00;5576;12/12/2024;Telecomunicações por satélite;INFORMAÇÃO E COMUNICAÇÃO;J;61;61.3;SP
EED;53.857.072/0001-16;MAVIPE SISTEMAS ESPACIAIS LTDA;08/02/2024;EPP;206-2;61.90-6-99;5576;12/12/2024;Outras atividades de telecomunicações;INFORMAÇÃO E COMUNICAÇÃO;J;61;61.9;SP
EED;53.857.072/0001-16;MAVIPE SISTEMAS ESPACIAIS LTDA;08/02/2024;EPP;206-2;62.01-5-01;5576;12/12/2024;Desenvolvimento de programas de computador sob encomenda;INFORMAÇÃO E COMUNICAÇÃO;J;62;62.0;SP
EED;53.857.072/0001-16;MAVIPE SISTEMAS ESPACIAIS LTDA;08/02/2024;EPP;206-2;62.02-3-00;5576;12/12/2024;Desenvolvimento e licenciamento de programas de computador customizáveis;INFORMAÇÃO E COMUNICAÇÃO;J;62;62.0;SP
EED;53.857.072/0001-16;MAVIPE SISTEMAS ESPACIAIS LTDA;08/02/2024;EPP;206-2;62.03-1-00;5576;12/12/2024;Desenvolvimento e licenciamento de programas de computador não-customizáveis;INFORMAÇÃO E COMUNICAÇÃO;J;62;62.0;SP
EED;53.857.072/0001-16;MAVIPE SISTEMAS ESPACIAIS LTDA;08/02/2024;EPP;206-2;62.04-0-00;5576;12/12/2024;Consultoria em tecnologia da informação;INFORMAÇÃO E COMUNICAÇÃO;J;62;62.0;SP
EED;53.857.072/0001-16;MAVIPE SISTEMAS ESPACIAIS LTDA;08/02/2024;EPP;206-2;62.09-1-00;5576;12/12/2024;Suporte técnico, manutenção e outros serviços em tecnologia da informação;INFORMAÇÃO E COMUNICAÇÃO;J;62;62.0;SP
EED;53.857.072/0001-16;MAVIPE SISTEMAS ESPACIAIS LTDA;08/02/2024;EPP;206-2;63.11-9-00;5576;12/12/2024;Tratamento de dados, provedores de serviços de aplicação e serviços de hospedagem na internet;INFORMAÇÃO E COMUNICAÇÃO;J;63;63.1;SP
EED;53.857.072/0001-16;MAVIPE SISTEMAS ESPACIAIS LTDA;08/02/2024;EPP;206-2;63.99-2-00;5576;12/12/2024;Outras atividades de prestação de serviços de informação não especificadas anteriormente;INFORMAÇÃO E COMUNICAÇÃO;J;63;63.9;SP
EED;53.857.072/0001-16;MAVIPE SISTEMAS ESPACIAIS LTDA;08/02/2024;EPP;206-2;70.20-4-00;5576;12/12/2024;Atividades de consultoria em gestão empresarial;ATIVIDADES PROFISSIONAIS, CIENTÍFICAS E TÉCNICAS;M;70;70.2;SP
EED;53.857.072/0001-16;MAVIPE SISTEMAS ESPACIAIS LTDA;08/02/2024;EPP;206-2;71.19-7-01;5576;12/12/2024;Atividades técnicas relacionadas à arquitetura e engenharia;ATIVIDADES PROFISSIONAIS, CIENTÍFICAS E TÉCNICAS;M;71;71.1;SP
EED;53.857.072/0001-16;MAVIPE SISTEMAS ESPACIAIS LTDA;08/02/2024;EPP;206-2;72.10-0-00;5576;12/12/2024;Pesquisa e desenvolvimento experimental em ciências físicas e naturais;ATIVIDADES PROFISSIONAIS, CIENTÍFICAS E TÉCNICAS;M;72;72.1;SP
EED;53.857.072/0001-16;MAVIPE SISTEMAS ESPACIAIS LTDA;08/02/2024;EPP;206-2;80.20-0-01;5576;12/12/2024;Atividades de monitoramento de sistemas de segurança;ATIVIDADES ADMINISTRATIVAS E SERVIÇOS COMPLEMENTARES;N;80;80.2;SP
EED;53.857.072/0001-16;MAVIPE SISTEMAS ESPACIAIS LTDA;08/02/2024;EPP;206-2;84.22-1-00;5576;12/12/2024;Defesa;ADMINISTRAÇÃO PÚBLICA, DEFESA E SEGURIDADE SOCIAL;O;84;84.2;SP
EED;53.857.072/0001-16;MAVIPE SISTEMAS ESPACIAIS LTDA;08/02/2024;EPP;206-2;85.99-6-04;5576;12/12/2024;Atividades de ensino não especificadas anteriormente;EDUCAÇÃO;P;85;85.9;SP
EED;73.389.686/0001-28;MEDTEC SERVICOS ELETROELETRONICOS LTDA;06/10/2008;EPP;206-2;33.13-9-99;4514;27/09/2024;Manutenção e reparação de máquinas e equipamentos elétricos;INDÚSTRIAS DE TRANSFORMAÇÃO;C;33;33.1;RJ
EED;73.389.686/0001-28;MEDTEC SERVICOS ELETROELETRONICOS LTDA;06/10/2008;EPP;206-2;47.51-2-01;4514;27/09/2024;Comércio varejista especializado de equipamentos e suprimentos de informática;"COMÉRCIO; REPARAÇÃO DE VEÍCULOS AUTOMOTORES E MOTOCICLETAS";G;47;47.5;RJ
EED;73.389.686/0001-28;MEDTEC SERVICOS ELETROELETRONICOS LTDA;06/10/2008;EPP;206-2;47.57-1-00;4514;27/09/2024;Comércio varejista especializado de peças e acessórios para aparelhos eletroeletrônicos para uso doméstico, exceto informática e comunicação;"COMÉRCIO; REPARAÇÃO DE VEÍCULOS AUTOMOTORES E MOTOCICLETAS";G;47;47.5;RJ
EED;73.389.686/0001-28;MEDTEC SERVICOS ELETROELETRONICOS LTDA;06/10/2008;EPP;206-2;47.89-0-99;4514;27/09/2024;Comércio varejista de outros produtos novos não especificados anteriormente;"COMÉRCIO; REPARAÇÃO DE VEÍCULOS AUTOMOTORES E MOTOCICLETAS";G;47;47.8;RJ
EED;73.389.686/0001-28;MEDTEC SERVICOS ELETROELETRONICOS LTDA;06/10/2008;EPP;206-2;62.01-5-01;4514;27/09/2024;Desenvolvimento de programas de computador sob encomenda;INFORMAÇÃO E COMUNICAÇÃO;J;62;62.0;RJ
EED;73.389.686/0001-28;MEDTEC SERVICOS ELETROELETRONICOS LTDA;06/10/2008;EPP;206-2;63.99-2-00;4514;27/09/2024;Outras atividades de prestação de serviços de informação não especificadas anteriormente;INFORMAÇÃO E COMUNICAÇÃO;J;63;63.9;RJ
EED;73.389.686/0001-28;MEDTEC SERVICOS ELETROELETRONICOS LTDA;06/10/2008;EPP;206-2;71.20-1-00;4514;27/09/2024;Testes e análises técnicas;ATIVIDADES PROFISSIONAIS, CIENTÍFICAS E TÉCNICAS;M;71;71.2;RJ
EED;73.389.686/0001-28;MEDTEC SERVICOS ELETROELETRONICOS LTDA;06/10/2008;EPP;206-2;72.10-0-00;4514;27/09/2024;Pesquisa e desenvolvimento experimental em ciências físicas e naturais;ATIVIDADES PROFISSIONAIS, CIENTÍFICAS E TÉCNICAS;M;72;72.1;RJ
EED;73.389.686/0001-28;MEDTEC SERVICOS ELETROELETRONICOS LTDA;06/10/2008;EPP;206-2;95.21-5-00;4514;27/09/2024;Reparação e manutenção de equipamentos eletroeletrônicos de uso pessoal e doméstico;OUTRAS ATIVIDADES DE SERVIÇOS;S;95;95.2;RJ
EED;01.695.855/0001-47;MELGAREJO SISTEMAS DIGITAIS LTDA;24/02/1997;ME;206-2;62.01-5-01;3436;19/09/2017;Desenvolvimento de programas de computador sob encomenda;INFORMAÇÃO E COMUNICAÇÃO;J;62;62.0;RS
EED;01.695.855/0001-47;MELGAREJO SISTEMAS DIGITAIS LTDA;24/02/1997;ME;206-2;18.30-0-01;3436;19/09/2017;Reprodução de materiais gravados em qualquer suporte;INDÚSTRIAS DE TRANSFORMAÇÃO;C;18;18.3;RS
EED;01.695.855/0001-47;MELGAREJO SISTEMAS DIGITAIS LTDA;24/02/1997;ME;206-2;18.30-0-02;3436;19/09/2017;Reprodução de materiais gravados em qualquer suporte;INDÚSTRIAS DE TRANSFORMAÇÃO;C;18;18.3;RS
EED;01.695.855/0001-47;MELGAREJO SISTEMAS DIGITAIS LTDA;24/02/1997;ME;206-2;18.30-0-03;3436;19/09/2017;Reprodução de materiais gravados em qualquer suporte;INDÚSTRIAS DE TRANSFORMAÇÃO;C;18;18.3;RS
EED;01.695.855/0001-47;MELGAREJO SISTEMAS DIGITAIS LTDA;24/02/1997;ME;206-2;26.22-1-00;3436;19/09/2017;Fabricação de periféricos para equipamentos de informática;INDÚSTRIAS DE TRANSFORMAÇÃO;C;26;26.2;RS
EED;01.695.855/0001-47;MELGAREJO SISTEMAS DIGITAIS LTDA;24/02/1997;ME;206-2;32.40-0-01;3436;19/09/2017;Fabricação de brinquedos e jogos recreativos;INDÚSTRIAS DE TRANSFORMAÇÃO;C;32;32.4;RS
EED;01.695.855/0001-47;MELGAREJO SISTEMAS DIGITAIS LTDA;24/02/1997;ME;206-2;46.51-6-01;3436;19/09/2017;Comércio atacadista de computadores, periféricos e suprimentos de informática;"COMÉRCIO; REPARAÇÃO DE VEÍCULOS AUTOMOTORES E MOTOCICLETAS";G;46;46.5;RS
EED;01.695.855/0001-47;MELGAREJO SISTEMAS DIGITAIS LTDA;24/02/1997;ME;206-2;46.52-4-00;3436;19/09/2017;Comércio atacadista de componentes eletrônicos e equipamentos de telefonia e comunicação;"COMÉRCIO; REPARAÇÃO DE VEÍCULOS AUTOMOTORES E MOTOCICLETAS";G;46;46.5;RS
EED;01.695.855/0001-47;MELGAREJO SISTEMAS DIGITAIS LTDA;24/02/1997;ME;206-2;47.51-2-01;3436;19/09/2017;Comércio varejista especializado de equipamentos e suprimentos de informática;"COMÉRCIO; REPARAÇÃO DE VEÍCULOS AUTOMOTORES E MOTOCICLETAS";G;47;47.5;RS
EED;01.695.855/0001-47;MELGAREJO SISTEMAS DIGITAIS LTDA;24/02/1997;ME;206-2;59.11-1-01 ;3436;19/09/2017;Atividades de produção cinematográfica, de vídeos e de programas de televisão;INFORMAÇÃO E COMUNICAÇÃO;J;59;59.1;RS
EED;01.695.855/0001-47;MELGAREJO SISTEMAS DIGITAIS LTDA;24/02/1997;ME;206-2;59.11-1-02;3436;19/09/2017;Atividades de produção cinematográfica, de vídeos e de programas de televisão;INFORMAÇÃO E COMUNICAÇÃO;J;59;59.1;RS
EED;01.695.855/0001-47;MELGAREJO SISTEMAS DIGITAIS LTDA;24/02/1997;ME;206-2;59.11-1-99 ;3436;19/09/2017;Atividades de produção cinematográfica, de vídeos e de programas de televisão;INFORMAÇÃO E COMUNICAÇÃO;J;59;59.1;RS
EED;01.695.855/0001-47;MELGAREJO SISTEMAS DIGITAIS LTDA;24/02/1997;ME;206-2;62.03-1-00;3436;19/09/2017;Desenvolvimento e licenciamento de programas de computador não-customizáveis;INFORMAÇÃO E COMUNICAÇÃO;J;62;62.0;RS
EED;01.695.855/0001-47;MELGAREJO SISTEMAS DIGITAIS LTDA;24/02/1997;ME;206-2;62.09-1-00;3436;19/09/2017;Suporte técnico, manutenção e outros serviços em tecnologia da informação;INFORMAÇÃO E COMUNICAÇÃO;J;62;62.0;RS
EED;01.695.855/0001-47;MELGAREJO SISTEMAS DIGITAIS LTDA;24/02/1997;ME;206-2;85.99-6-03;3436;19/09/2017;Atividades de ensino não especificadas anteriormente;EDUCAÇÃO;P;85;85.9;RS
EED;01.695.855/0001-47;MELGAREJO SISTEMAS DIGITAIS LTDA;24/02/1997;ME;206-2;95.11-8-00;3436;19/09/2017;Reparação e manutenção de computadores e de equipamentos periféricos;OUTRAS ATIVIDADES DE SERVIÇOS;S;95;95.1;RS
EED;27.136.015/0001-38;MESSENOCEAN TECNOLOGIA EM METEOCEANOGRAFIA LTDA;17/02/2017;EPP;206-2;74.90-1-99 ;3216;12/06/2023;Atividades profissionais, científicas e técnicas não especificadas anteriormente;ATIVIDADES PROFISSIONAIS, CIENTÍFICAS E TÉCNICAS;M;74;74.9;ES
EED;27.136.015/0001-38;MESSENOCEAN TECNOLOGIA EM METEOCEANOGRAFIA LTDA;17/02/2017;EPP;206-2;38.21-1-00;3216;12/06/2023;Tratamento e disposição de resíduos não-perigosos;ÁGUA, ESGOTO, ATIVIDADES DE GESTÃO DE RESÍDUOS E DESCONTAMINAÇÃO;E;38;38.2;ES
EED;27.136.015/0001-38;MESSENOCEAN TECNOLOGIA EM METEOCEANOGRAFIA LTDA;17/02/2017;EPP;206-2;70.20-4-00;3216;12/06/2023;Atividades de consultoria em gestão empresarial;ATIVIDADES PROFISSIONAIS, CIENTÍFICAS E TÉCNICAS;M;70;70.2;ES
EED;27.136.015/0001-38;MESSENOCEAN TECNOLOGIA EM METEOCEANOGRAFIA LTDA;17/02/2017;EPP;206-2;71.19-7-99;3216;12/06/2023;Atividades técnicas relacionadas à arquitetura e engenharia;ATIVIDADES PROFISSIONAIS, CIENTÍFICAS E TÉCNICAS;M;71;71.1;ES
EED;27.136.015/0001-38;MESSENOCEAN TECNOLOGIA EM METEOCEANOGRAFIA LTDA;17/02/2017;EPP;206-2;72.20-7-00;3216;12/06/2023;Pesquisa e desenvolvimento experimental em ciências sociais e humanas;ATIVIDADES PROFISSIONAIS, CIENTÍFICAS E TÉCNICAS;M;72;72.2;ES
EED;27.136.015/0001-38;MESSENOCEAN TECNOLOGIA EM METEOCEANOGRAFIA LTDA;17/02/2017;EPP;206-2;73.20-3-00;3216;12/06/2023;Pesquisas de mercado e de opinião pública;ATIVIDADES PROFISSIONAIS, CIENTÍFICAS E TÉCNICAS;M;73;73.2;ES
EED;27.136.015/0001-38;MESSENOCEAN TECNOLOGIA EM METEOCEANOGRAFIA LTDA;17/02/2017;EPP;206-2;77.19-5-01;3216;12/06/2023;Locação de meios de transporte, exceto automóveis, sem condutor;ATIVIDADES ADMINISTRATIVAS E SERVIÇOS COMPLEMENTARES;N;77;77.1;ES
EED;27.136.015/0001-38;MESSENOCEAN TECNOLOGIA EM METEOCEANOGRAFIA LTDA;17/02/2017;EPP;206-2;77.39-0-99;3216;12/06/2023;Aluguel de máquinas e equipamentos não especificados anteriormente;ATIVIDADES ADMINISTRATIVAS E SERVIÇOS COMPLEMENTARES;N;77;77.3;ES
EED;81.616.765/0001-52;METAL TECNICA BOVENAU LTDA;29/12/1989;DEMAIS;206-2;29.49-2-99;3216;12/06/2023;Fabricação de peças e acessórios para veículos automotores não especificados anteriormente;INDÚSTRIAS DE TRANSFORMAÇÃO;C;29;29.4;SC
EED;81.616.765/0001-52;METAL TECNICA BOVENAU LTDA;29/12/1989;DEMAIS;206-2;25.99-3-99;3216;12/06/2023;Fabricação de produtos de metal não especificados anteriormente;INDÚSTRIAS DE TRANSFORMAÇÃO;C;25;25.9;SC
EED;81.616.765/0001-52;METAL TECNICA BOVENAU LTDA;29/12/1989;DEMAIS;206-2;28.12-7-00 ;3216;12/06/2023;Fabricação de equipamentos hidráulicos e pneumáticos, exceto válvulas;INDÚSTRIAS DE TRANSFORMAÇÃO;C;28;28.1;SC
EED;81.616.765/0001-52;METAL TECNICA BOVENAU LTDA;29/12/1989;DEMAIS;206-2;33.14-7-02;3216;12/06/2023;Manutenção e reparação de máquinas e equipamentos da indústria mecânica;INDÚSTRIAS DE TRANSFORMAÇÃO;C;33;33.1;SC
EED;81.616.765/0001-52;METAL TECNICA BOVENAU LTDA;29/12/1989;DEMAIS;206-2;33.19-8-00;3216;12/06/2023;Manutenção e reparação de equipamentos e produtos não especificados anteriormente;INDÚSTRIAS DE TRANSFORMAÇÃO;C;33;33.1;SC
EED;81.616.765/0001-52;METAL TECNICA BOVENAU LTDA;29/12/1989;DEMAIS;206-2;46.63-0-00;3216;12/06/2023;"Comércio atacadista de máquinas e equipamentos para uso industrial; partes e peças";"COMÉRCIO; REPARAÇÃO DE VEÍCULOS AUTOMOTORES E MOTOCICLETAS";G;46;46.6;SC
EED;81.616.765/0001-52;METAL TECNICA BOVENAU LTDA;29/12/1989;DEMAIS;206-2;46.72-9-00;3216;12/06/2023;Comércio atacadista de ferragens e ferramentas;"COMÉRCIO; REPARAÇÃO DE VEÍCULOS AUTOMOTORES E MOTOCICLETAS";G;46;46.7;SC
EED;81.616.765/0001-52;METAL TECNICA BOVENAU LTDA;29/12/1989;DEMAIS;206-2;46.89-3-99;3216;12/06/2023;Comércio atacadista especializado de outros produtos intermediários não especificados anteriormente;"COMÉRCIO; REPARAÇÃO DE VEÍCULOS AUTOMOTORES E MOTOCICLETAS";G;46;46.8;SC
EED;81.616.765/0001-52;METAL TECNICA BOVENAU LTDA;29/12/1989;DEMAIS;206-2;47.44-0-01;3216;12/06/2023;Comércio varejista de ferragens, madeira e materiais de construção;"COMÉRCIO; REPARAÇÃO DE VEÍCULOS AUTOMOTORES E MOTOCICLETAS";G;47;47.4;SC
EED;81.616.765/0001-52;METAL TECNICA BOVENAU LTDA;29/12/1989;DEMAIS;206-2;64.62-0-00;3216;12/06/2023;Holdings de instituições não-financeiras;ATIVIDADES FINANCEIRAS, DE SEGUROS E SERVIÇOS RELACIONADOS;K;64;64.6;SC
EED;81.616.765/0001-52;METAL TECNICA BOVENAU LTDA;29/12/1989;DEMAIS;206-2;64.63-8-00;3216;12/06/2023;Outras sociedades de participação, exceto holdings;ATIVIDADES FINANCEIRAS, DE SEGUROS E SERVIÇOS RELACIONADOS;K;64;64.6;SC
EED;91.216.788/0001-23;METALURGICA FRATELLI LTDA;30/09/1986;DEMAIS;206-2;24.43-1-00;4075;04/12/2020;Metalurgia do cobre;INDÚSTRIAS DE TRANSFORMAÇÃO;C;24;24.4;RS
EED;91.216.788/0001-23;METALURGICA FRATELLI LTDA;30/09/1986;DEMAIS;206-2;24.49-1-99;4075;04/12/2020;Metalurgia dos metais não-ferrosos e suas ligas não especificados anteriormente;INDÚSTRIAS DE TRANSFORMAÇÃO;C;24;24.4;RS
EED;91.216.788/0001-23;METALURGICA FRATELLI LTDA;30/09/1986;DEMAIS;206-2;25.11-0-00;4075;04/12/2020;Fabricação de estruturas metálicas;INDÚSTRIAS DE TRANSFORMAÇÃO;C;25;25.1;RS
EED;91.216.788/0001-23;METALURGICA FRATELLI LTDA;30/09/1986;DEMAIS;206-2;25.12-8-00;4075;04/12/2020;Fabricação de esquadrias de metal;INDÚSTRIAS DE TRANSFORMAÇÃO;C;25;25.1;RS
EED;91.216.788/0001-23;METALURGICA FRATELLI LTDA;30/09/1986;DEMAIS;206-2;25.32-2-01;4075;04/12/2020;"Produção de artefatos estampados de metal; metalurgia do pó";INDÚSTRIAS DE TRANSFORMAÇÃO;C;25;25.3;RS
EED;91.216.788/0001-23;METALURGICA FRATELLI LTDA;30/09/1986;DEMAIS;206-2;25.39-0-01;4075;04/12/2020;Serviços de usinagem, solda, tratamento e revestimento em metais;INDÚSTRIAS DE TRANSFORMAÇÃO;C;25;25.3;RS
EED;91.216.788/0001-23;METALURGICA FRATELLI LTDA;30/09/1986;DEMAIS;206-2;25.42-0-00;4075;04/12/2020;Fabricação de artigos de serralheria, exceto esquadrias;INDÚSTRIAS DE TRANSFORMAÇÃO;C;25;25.4;RS
EED;91.216.788/0001-23;METALURGICA FRATELLI LTDA;30/09/1986;DEMAIS;206-2;27.10-4-01;4075;04/12/2020;Fabricação de geradores, transformadores e motores elétricos;INDÚSTRIAS DE TRANSFORMAÇÃO;C;27;27.1;RS
EED;91.216.788/0001-23;METALURGICA FRATELLI LTDA;30/09/1986;DEMAIS;206-2;28.11-9-00;4075;04/12/2020;Fabricação de motores e turbinas, exceto para aviões e veículos rodoviários;INDÚSTRIAS DE TRANSFORMAÇÃO;C;28;28.1;RS
EED;91.216.788/0001-23;METALURGICA FRATELLI LTDA;30/09/1986;DEMAIS;206-2;28.29-1-99;4075;04/12/2020;Fabricação de máquinas e equipamentos de uso geral não especificados anteriormente;INDÚSTRIAS DE TRANSFORMAÇÃO;C;28;28.2;RS
EED;91.216.788/0001-23;METALURGICA FRATELLI LTDA;30/09/1986;DEMAIS;206-2;29.30-1-01;4075;04/12/2020;Fabricação de cabines, carrocerias e reboques para veículos automotores;INDÚSTRIAS DE TRANSFORMAÇÃO;C;29;29.3;RS
EED;91.216.788/0001-23;METALURGICA FRATELLI LTDA;30/09/1986;DEMAIS;206-2;29.49-2-99;4075;04/12/2020;Fabricação de peças e acessórios para veículos automotores não especificados anteriormente;INDÚSTRIAS DE TRANSFORMAÇÃO;C;29;29.4;RS
EED;91.216.788/0001-23;METALURGICA FRATELLI LTDA;30/09/1986;DEMAIS;206-2;33.13-9-01;4075;04/12/2020;Manutenção e reparação de máquinas e equipamentos elétricos;INDÚSTRIAS DE TRANSFORMAÇÃO;C;33;33.1;RS
EED;91.216.788/0001-23;METALURGICA FRATELLI LTDA;30/09/1986;DEMAIS;206-2;33.13-9-02;4075;04/12/2020;Manutenção e reparação de máquinas e equipamentos elétricos;INDÚSTRIAS DE TRANSFORMAÇÃO;C;33;33.1;RS
EED;91.216.788/0001-23;METALURGICA FRATELLI LTDA;30/09/1986;DEMAIS;206-2;33.21-0-00;4075;04/12/2020;Instalação de máquinas e equipamentos industriais;INDÚSTRIAS DE TRANSFORMAÇÃO;C;33;33.2;RS
EED;91.216.788/0001-23;METALURGICA FRATELLI LTDA;30/09/1986;DEMAIS;206-2;33.29-5-99;4075;04/12/2020;Instalação de equipamentos não especificados anteriormente;INDÚSTRIAS DE TRANSFORMAÇÃO;C;33;33.2;RS
EED;91.216.788/0001-23;METALURGICA FRATELLI LTDA;30/09/1986;DEMAIS;206-2;42.92-8-01;4075;04/12/2020;Montagem de instalações industriais e de estruturas metálicas;CONSTRUÇÃO;F;42;42.9;RS
EED;91.216.788/0001-23;METALURGICA FRATELLI LTDA;30/09/1986;DEMAIS;206-2;45.20-0-01 ;4075;04/12/2020;Manutenção e reparação de veículos automotores;"COMÉRCIO; REPARAÇÃO DE VEÍCULOS AUTOMOTORES E MOTOCICLETAS";G;45;45.2;RS
EED;91.216.788/0001-23;METALURGICA FRATELLI LTDA;30/09/1986;DEMAIS;206-2;46.63-0-00 ;4075;04/12/2020;"Comércio atacadista de máquinas e equipamentos para uso industrial; partes e peças";"COMÉRCIO; REPARAÇÃO DE VEÍCULOS AUTOMOTORES E MOTOCICLETAS";G;46;46.6;RS
EED;91.216.788/0001-23;METALURGICA FRATELLI LTDA;30/09/1986;DEMAIS;206-2;46.69-9-99;4075;04/12/2020;"Comércio atacadista de máquinas, aparelhos e equipamentos não especificados anteriormente; partes e peças";"COMÉRCIO; REPARAÇÃO DE VEÍCULOS AUTOMOTORES E MOTOCICLETAS";G;46;46.6;RS
EED;91.216.788/0001-23;METALURGICA FRATELLI LTDA;30/09/1986;DEMAIS;206-2;46.72-9-00;4075;04/12/2020;Comércio atacadista de ferragens e ferramentas;"COMÉRCIO; REPARAÇÃO DE VEÍCULOS AUTOMOTORES E MOTOCICLETAS";G;46;46.7;RS
EED;91.216.788/0001-23;METALURGICA FRATELLI LTDA;30/09/1986;DEMAIS;206-2;46.79-6-04;4075;04/12/2020;Comércio atacadista especializado de materiais de construção não especificados anteriormente e de materiais de construção em geral;"COMÉRCIO; REPARAÇÃO DE VEÍCULOS AUTOMOTORES E MOTOCICLETAS";G;46;46.7;RS
EED;91.216.788/0001-23;METALURGICA FRATELLI LTDA;30/09/1986;DEMAIS;206-2;46.85-1-00;4075;04/12/2020;Comércio atacadista de produtos siderúrgicos e metalúrgicos, exceto para construção;"COMÉRCIO; REPARAÇÃO DE VEÍCULOS AUTOMOTORES E MOTOCICLETAS";G;46;46.8;RS
EED;91.216.788/0001-23;METALURGICA FRATELLI LTDA;30/09/1986;DEMAIS;206-2;47.44-0-01;4075;04/12/2020;Comércio varejista de ferragens, madeira e materiais de construção;"COMÉRCIO; REPARAÇÃO DE VEÍCULOS AUTOMOTORES E MOTOCICLETAS";G;47;47.4;RS
EED;91.216.788/0001-23;METALURGICA FRATELLI LTDA;30/09/1986;DEMAIS;206-2;49.30-2-02;4075;04/12/2020;Transporte rodoviário de carga;TRANSPORTE, ARMAZENAGEM E CORREIO;H;49;49.3;RS
EED;72.096.100/0001-74;MICROMAZZA INDUSTRIA DE VALVULAS LTDA;07/04/1993;DEMAIS;206-2;28.13-5-00;4787;26/09/2023;Fabricação de válvulas, registros e dispositivos semelhantes;INDÚSTRIAS DE TRANSFORMAÇÃO;C;28;28.1;RS
EED;72.096.100/0001-74;MICROMAZZA INDUSTRIA DE VALVULAS LTDA;07/04/1993;DEMAIS;206-2;33.14-7-03;4787;26/09/2023;Manutenção e reparação de máquinas e equipamentos da indústria mecânica;INDÚSTRIAS DE TRANSFORMAÇÃO;C;33;33.1;RS
EED;72.096.100/0001-74;MICROMAZZA INDUSTRIA DE VALVULAS LTDA;07/04/1993;DEMAIS;206-2;33.21-0-00;4787;26/09/2023;Instalação de máquinas e equipamentos industriais;INDÚSTRIAS DE TRANSFORMAÇÃO;C;33;33.2;RS
EED;13.876.112/0002-33;MINAS LASER LTDA;29/11/2019;DEMAIS;206-2;25.99-3-99;2340;06/05/2024;Fabricação de produtos de metal não especificados anteriormente;INDÚSTRIAS DE TRANSFORMAÇÃO;C;25;25.9;MG
EED;13.876.112/0002-33;MINAS LASER LTDA;29/11/2019;DEMAIS;206-2;25.99-3-02;2340;06/05/2024;Fabricação de produtos de metal não especificados anteriormente;INDÚSTRIAS DE TRANSFORMAÇÃO;C;25;25.9;MG
EED;28.712.123/0001-74;MODULO SECURITY SOLUTIONS;21/08/1984;DEMAIS;205-4;62.04-0-00;1346;28/05/2014;Consultoria em tecnologia da informação;INFORMAÇÃO E COMUNICAÇÃO;J;62;62.0;RJ
EED;28.712.123/0001-74;MODULO SECURITY SOLUTIONS;21/08/1984;DEMAIS;205-4;46.51-6-01;1346;28/05/2014;Comércio atacadista de computadores, periféricos e suprimentos de informática;"COMÉRCIO; REPARAÇÃO DE VEÍCULOS AUTOMOTORES E MOTOCICLETAS";G;46;46.5;RJ
EED;28.712.123/0001-74;MODULO SECURITY SOLUTIONS;21/08/1984;DEMAIS;205-4;47.51-2-01;1346;28/05/2014;Comércio varejista especializado de equipamentos e suprimentos de informática;"COMÉRCIO; REPARAÇÃO DE VEÍCULOS AUTOMOTORES E MOTOCICLETAS";G;47;47.5;RJ
EED;28.712.123/0001-74;MODULO SECURITY SOLUTIONS;21/08/1984;DEMAIS;205-4;62.03-1-00;1346;28/05/2014;Desenvolvimento e licenciamento de programas de computador não-customizáveis;INFORMAÇÃO E COMUNICAÇÃO;J;62;62.0;RJ
EED;28.712.123/0001-74;MODULO SECURITY SOLUTIONS;21/08/1984;DEMAIS;205-4;62.09-1-00;1346;28/05/2014;Suporte técnico, manutenção e outros serviços em tecnologia da informação;INFORMAÇÃO E COMUNICAÇÃO;J;62;62.0;RJ
EED;28.712.123/0001-74;MODULO SECURITY SOLUTIONS;21/08/1984;DEMAIS;205-4;63.11-9-00;1346;28/05/2014;Tratamento de dados, provedores de serviços de aplicação e serviços de hospedagem na internet;INFORMAÇÃO E COMUNICAÇÃO;J;63;63.1;RJ
EED;28.712.123/0001-74;MODULO SECURITY SOLUTIONS;21/08/1984;DEMAIS;205-4;63.19-4-00;1346;28/05/2014;Portais, provedores de conteúdo e outros serviços de informação na internet;INFORMAÇÃO E COMUNICAÇÃO;J;63;63.1;RJ
EED;28.712.123/0001-74;MODULO SECURITY SOLUTIONS;21/08/1984;DEMAIS;205-4;64.63-8-00;1346;28/05/2014;Outras sociedades de participação, exceto holdings;ATIVIDADES FINANCEIRAS, DE SEGUROS E SERVIÇOS RELACIONADOS;K;64;64.6;RJ
EED;28.712.123/0001-74;MODULO SECURITY SOLUTIONS;21/08/1984;DEMAIS;205-4;70.20-4-00;1346;28/05/2014;Atividades de consultoria em gestão empresarial;ATIVIDADES PROFISSIONAIS, CIENTÍFICAS E TÉCNICAS;M;70;70.2;RJ
EED;28.712.123/0001-74;MODULO SECURITY SOLUTIONS;21/08/1984;DEMAIS;205-4;85.99-6-03;1346;28/05/2014;Atividades de ensino não especificadas anteriormente;EDUCAÇÃO;P;85;85.9;RJ
EED;78.221.066/0001-07;MPB SANEAMENTO LIMITADA;13/10/2003;DEMAIS;206-2;71.12-0-00 ;4514;27/09/2024;Serviços de engenharia;ATIVIDADES PROFISSIONAIS, CIENTÍFICAS E TÉCNICAS;M;71;71.1;SC
EED;78.221.066/0001-07;MPB SANEAMENTO LIMITADA;13/10/2003;DEMAIS;206-2;71.19-7-99;4514;27/09/2024;Atividades técnicas relacionadas à arquitetura e engenharia;ATIVIDADES PROFISSIONAIS, CIENTÍFICAS E TÉCNICAS;M;71;71.1;SC
EED;78.221.066/0001-07;MPB SANEAMENTO LIMITADA;13/10/2003;DEMAIS;206-2;71.19-7-02;4514;27/09/2024;Atividades técnicas relacionadas à arquitetura e engenharia;ATIVIDADES PROFISSIONAIS, CIENTÍFICAS E TÉCNICAS;M;71;71.1;SC
EED;78.221.066/0001-07;MPB SANEAMENTO LIMITADA;13/10/2003;DEMAIS;206-2;46.84-2-99;4514;27/09/2024;Comércio atacadista de produtos químicos e petroquímicos, exceto agroquímicos;"COMÉRCIO; REPARAÇÃO DE VEÍCULOS AUTOMOTORES E MOTOCICLETAS";G;46;46.8;SC
EED;78.221.066/0001-07;MPB SANEAMENTO LIMITADA;13/10/2003;DEMAIS;206-2;47.89-0-05;4514;27/09/2024;Comércio varejista de outros produtos novos não especificados anteriormente;"COMÉRCIO; REPARAÇÃO DE VEÍCULOS AUTOMOTORES E MOTOCICLETAS";G;47;47.8;SC
EED;78.221.066/0001-07;MPB SANEAMENTO LIMITADA;13/10/2003;DEMAIS;206-2;81.22-2-00;4514;27/09/2024;Imunização e controle de pragas urbanas;ATIVIDADES ADMINISTRATIVAS E SERVIÇOS COMPLEMENTARES;N;81;81.2;SC
EED;14.647.098/0001-88;NAFA LTDA;15/09/2011;EPP;206-2;46.61-3-00;5576;12/12/2024;"Comércio atacadista de máquinas, aparelhos e equipamentos para uso agropecuário; partes e peças";"COMÉRCIO; REPARAÇÃO DE VEÍCULOS AUTOMOTORES E MOTOCICLETAS";G;46;46.6;SP
EED;14.647.098/0001-88;NAFA LTDA;15/09/2011;EPP;206-2;33.21-0-00;5576;12/12/2024;Instalação de máquinas e equipamentos industriais;INDÚSTRIAS DE TRANSFORMAÇÃO;C;33;33.2;SP
EED;14.647.098/0001-88;NAFA LTDA;15/09/2011;EPP;206-2;33.29-5-01;5576;12/12/2024;Instalação de equipamentos não especificados anteriormente;INDÚSTRIAS DE TRANSFORMAÇÃO;C;33;33.2;SP
EED;14.647.098/0001-88;NAFA LTDA;15/09/2011;EPP;206-2;45.11-1-02;5576;12/12/2024;Comércio a varejo e por atacado de veículos automotores;"COMÉRCIO; REPARAÇÃO DE VEÍCULOS AUTOMOTORES E MOTOCICLETAS";G;45;45.1;SP
EED;14.647.098/0001-88;NAFA LTDA;15/09/2011;EPP;206-2;45.11-1-03;5576;12/12/2024;Comércio a varejo e por atacado de veículos automotores;"COMÉRCIO; REPARAÇÃO DE VEÍCULOS AUTOMOTORES E MOTOCICLETAS";G;45;45.1;SP
EED;14.647.098/0001-88;NAFA LTDA;15/09/2011;EPP;206-2;45.20-0-01;5576;12/12/2024;Manutenção e reparação de veículos automotores;"COMÉRCIO; REPARAÇÃO DE VEÍCULOS AUTOMOTORES E MOTOCICLETAS";G;45;45.2;SP
EED;14.647.098/0001-88;NAFA LTDA;15/09/2011;EPP;206-2;45.30-7-03;5576;12/12/2024;Comércio de peças e acessórios para veículos automotores;"COMÉRCIO; REPARAÇÃO DE VEÍCULOS AUTOMOTORES E MOTOCICLETAS";G;45;45.3;SP
EED;14.647.098/0001-88;NAFA LTDA;15/09/2011;EPP;206-2;46.63-0-00;5576;12/12/2024;"Comércio atacadista de máquinas e equipamentos para uso industrial; partes e peças";"COMÉRCIO; REPARAÇÃO DE VEÍCULOS AUTOMOTORES E MOTOCICLETAS";G;46;46.6;SP
EED;14.647.098/0001-88;NAFA LTDA;15/09/2011;EPP;206-2;46.93-1-00;5576;12/12/2024;Comércio atacadista de mercadorias em geral, sem predominância de alimentos ou de insumos agropecuários;"COMÉRCIO; REPARAÇÃO DE VEÍCULOS AUTOMOTORES E MOTOCICLETAS";G;46;46.9;SP
EED;14.647.098/0001-88;NAFA LTDA;15/09/2011;EPP;206-2;47.54-7-01;5576;12/12/2024;Comércio varejista especializado de móveis, colchoaria e artigos de iluminação;"COMÉRCIO; REPARAÇÃO DE VEÍCULOS AUTOMOTORES E MOTOCICLETAS";G;47;47.5;SP
EED;14.647.098/0001-88;NAFA LTDA;15/09/2011;EPP;206-2;47.63-6-03;5576;12/12/2024;Comércio varejista de artigos recreativos e esportivos;"COMÉRCIO; REPARAÇÃO DE VEÍCULOS AUTOMOTORES E MOTOCICLETAS";G;47;47.6;SP
EED;14.647.098/0001-88;NAFA LTDA;15/09/2011;EPP;206-2;47.85-7-99;5576;12/12/2024;Comércio varejista de artigos usados;"COMÉRCIO; REPARAÇÃO DE VEÍCULOS AUTOMOTORES E MOTOCICLETAS";G;47;47.8;SP
EED;14.647.098/0001-88;NAFA LTDA;15/09/2011;EPP;206-2;95.29-1-05;5576;12/12/2024;Reparação e manutenção de objetos e equipamentos pessoais e domésticos não especificados anteriormente;OUTRAS ATIVIDADES DE SERVIÇOS;S;95;95.2;SP
EED;02.582.267/0001-60;NAYR INDUSTRIA, COMERCIO E DISTRIBUICAO DE PRODUTOS LTDA;27/04/1998;DEMAIS;206-2;14.12-6-01;6133;18/12/2023;Confecção de peças do vestuário, exceto roupas íntimas;INDÚSTRIAS DE TRANSFORMAÇÃO;C;14;14.1;MS
EED;02.582.267/0001-60;NAYR INDUSTRIA, COMERCIO E DISTRIBUICAO DE PRODUTOS LTDA;27/04/1998;DEMAIS;206-2;14.11-8-01;6133;18/12/2023;Confecção de roupas íntimas;INDÚSTRIAS DE TRANSFORMAÇÃO;C;14;14.1;MS
EED;02.582.267/0001-60;NAYR INDUSTRIA, COMERCIO E DISTRIBUICAO DE PRODUTOS LTDA;27/04/1998;DEMAIS;206-2;14.12-6-03;6133;18/12/2023;Confecção de peças do vestuário, exceto roupas íntimas;INDÚSTRIAS DE TRANSFORMAÇÃO;C;14;14.1;MS
EED;02.582.267/0001-60;NAYR INDUSTRIA, COMERCIO E DISTRIBUICAO DE PRODUTOS LTDA;27/04/1998;DEMAIS;206-2;17.41-9-02;6133;18/12/2023;Fabricação de produtos de papel, cartolina, papel-cartão e papelão ondulado para uso comercial e de escritório;INDÚSTRIAS DE TRANSFORMAÇÃO;C;17;17.4;MS
EED;02.582.267/0001-60;NAYR INDUSTRIA, COMERCIO E DISTRIBUICAO DE PRODUTOS LTDA;27/04/1998;DEMAIS;206-2;17.42-7-01;6133;18/12/2023;Fabricação de produtos de papel para usos doméstico e higiênico-sanitário;INDÚSTRIAS DE TRANSFORMAÇÃO;C;17;17.4;MS
EED;02.582.267/0001-60;NAYR INDUSTRIA, COMERCIO E DISTRIBUICAO DE PRODUTOS LTDA;27/04/1998;DEMAIS;206-2;18.13-0-01;6133;18/12/2023;Impressão de materiais para outros usos;INDÚSTRIAS DE TRANSFORMAÇÃO;C;18;18.1;MS
EED;02.582.267/0001-60;NAYR INDUSTRIA, COMERCIO E DISTRIBUICAO DE PRODUTOS LTDA;27/04/1998;DEMAIS;206-2;18.22-9-99;6133;18/12/2023;Serviços de acabamentos gráficos;INDÚSTRIAS DE TRANSFORMAÇÃO;C;18;18.2;MS
EED;02.582.267/0001-60;NAYR INDUSTRIA, COMERCIO E DISTRIBUICAO DE PRODUTOS LTDA;27/04/1998;DEMAIS;206-2;22.29-3-01 ;6133;18/12/2023;Fabricação de artefatos de material plástico não especificados anteriormente;INDÚSTRIAS DE TRANSFORMAÇÃO;C;22;22.2;MS
EED;02.582.267/0001-60;NAYR INDUSTRIA, COMERCIO E DISTRIBUICAO DE PRODUTOS LTDA;27/04/1998;DEMAIS;206-2;31.02-1-00;6133;18/12/2023;Fabricação de móveis com predominância de metal;INDÚSTRIAS DE TRANSFORMAÇÃO;C;31;31.2;MS
EED;02.582.267/0001-60;NAYR INDUSTRIA, COMERCIO E DISTRIBUICAO DE PRODUTOS LTDA;27/04/1998;DEMAIS;206-2;32.40-0-99;6133;18/12/2023;Fabricação de brinquedos e jogos recreativos;INDÚSTRIAS DE TRANSFORMAÇÃO;C;32;32.4;MS
EED;02.582.267/0001-60;NAYR INDUSTRIA, COMERCIO E DISTRIBUICAO DE PRODUTOS LTDA;27/04/1998;DEMAIS;206-2;32.50-7-02;6133;18/12/2023;Fabricação de instrumentos e materiais para uso médico e odontológico e de artigos ópticos;INDÚSTRIAS DE TRANSFORMAÇÃO;C;32;32.5;MS
EED;02.582.267/0001-60;NAYR INDUSTRIA, COMERCIO E DISTRIBUICAO DE PRODUTOS LTDA;27/04/1998;DEMAIS;206-2;32.92-2-01;6133;18/12/2023;Fabricação de equipamentos e acessórios para segurança e proteção pessoal e profissional;INDÚSTRIAS DE TRANSFORMAÇÃO;C;32;32.9;MS
EED;02.582.267/0001-60;NAYR INDUSTRIA, COMERCIO E DISTRIBUICAO DE PRODUTOS LTDA;27/04/1998;DEMAIS;206-2;32.92-2-02;6133;18/12/2023;Fabricação de equipamentos e acessórios para segurança e proteção pessoal e profissional;INDÚSTRIAS DE TRANSFORMAÇÃO;C;32;32.9;MS
EED;02.582.267/0001-60;NAYR INDUSTRIA, COMERCIO E DISTRIBUICAO DE PRODUTOS LTDA;27/04/1998;DEMAIS;206-2;32.99-0-02;6133;18/12/2023;Fabricação de produtos diversos não especificados anteriormente;INDÚSTRIAS DE TRANSFORMAÇÃO;C;32;32.9;MS
EED;02.582.267/0001-60;NAYR INDUSTRIA, COMERCIO E DISTRIBUICAO DE PRODUTOS LTDA;27/04/1998;DEMAIS;206-2;45.30-7-02;6133;18/12/2023;Comércio de peças e acessórios para veículos automotores;"COMÉRCIO; REPARAÇÃO DE VEÍCULOS AUTOMOTORES E MOTOCICLETAS";G;45;45.3;MS
EED;02.582.267/0001-60;NAYR INDUSTRIA, COMERCIO E DISTRIBUICAO DE PRODUTOS LTDA;27/04/1998;DEMAIS;206-2;46.41-9-02;6133;18/12/2023;Comércio atacadista de tecidos, artefatos de tecidos e de armarinho;"COMÉRCIO; REPARAÇÃO DE VEÍCULOS AUTOMOTORES E MOTOCICLETAS";G;46;46.4;MS
EED;02.582.267/0001-60;NAYR INDUSTRIA, COMERCIO E DISTRIBUICAO DE PRODUTOS LTDA;27/04/1998;DEMAIS;206-2;46.42-7-01;6133;18/12/2023;Comércio atacadista de artigos do vestuário e acessórios;"COMÉRCIO; REPARAÇÃO DE VEÍCULOS AUTOMOTORES E MOTOCICLETAS";G;46;46.4;MS
EED;02.582.267/0001-60;NAYR INDUSTRIA, COMERCIO E DISTRIBUICAO DE PRODUTOS LTDA;27/04/1998;DEMAIS;206-2;46.42-7-02;6133;18/12/2023;Comércio atacadista de artigos do vestuário e acessórios;"COMÉRCIO; REPARAÇÃO DE VEÍCULOS AUTOMOTORES E MOTOCICLETAS";G;46;46.4;MS
EED;02.582.267/0001-60;NAYR INDUSTRIA, COMERCIO E DISTRIBUICAO DE PRODUTOS LTDA;27/04/1998;DEMAIS;206-2;46.43-5-01;6133;18/12/2023;Comércio atacadista de calçados e artigos de viagem;"COMÉRCIO; REPARAÇÃO DE VEÍCULOS AUTOMOTORES E MOTOCICLETAS";G;46;46.4;MS
EED;02.582.267/0001-60;NAYR INDUSTRIA, COMERCIO E DISTRIBUICAO DE PRODUTOS LTDA;27/04/1998;DEMAIS;206-2;46.43-5-02;6133;18/12/2023;Comércio atacadista de calçados e artigos de viagem;"COMÉRCIO; REPARAÇÃO DE VEÍCULOS AUTOMOTORES E MOTOCICLETAS";G;46;46.4;MS
EED;02.582.267/0001-60;NAYR INDUSTRIA, COMERCIO E DISTRIBUICAO DE PRODUTOS LTDA;27/04/1998;DEMAIS;206-2;46.45-1-01;6133;18/12/2023;Comércio atacadista de instrumentos e materiais para uso médico, cirúrgico, ortopédico e odontológico;"COMÉRCIO; REPARAÇÃO DE VEÍCULOS AUTOMOTORES E MOTOCICLETAS";G;46;46.4;MS
EED;02.582.267/0001-60;NAYR INDUSTRIA, COMERCIO E DISTRIBUICAO DE PRODUTOS LTDA;27/04/1998;DEMAIS;206-2;46.47-8-01;6133;18/12/2023;"Comércio atacadista de artigos de escritório e de papelaria; livros, jornais e outras publicações";"COMÉRCIO; REPARAÇÃO DE VEÍCULOS AUTOMOTORES E MOTOCICLETAS";G;46;46.4;MS
EED;02.582.267/0001-60;NAYR INDUSTRIA, COMERCIO E DISTRIBUICAO DE PRODUTOS LTDA;27/04/1998;DEMAIS;206-2;46.49-4-01;6133;18/12/2023;Comércio atacadista de equipamentos e artigos de uso pessoal e doméstico não especificados anteriormente;"COMÉRCIO; REPARAÇÃO DE VEÍCULOS AUTOMOTORES E MOTOCICLETAS";G;46;46.4;MS
EED;02.582.267/0001-60;NAYR INDUSTRIA, COMERCIO E DISTRIBUICAO DE PRODUTOS LTDA;27/04/1998;DEMAIS;206-2;46.49-4-07;6133;18/12/2023;Comércio atacadista de equipamentos e artigos de uso pessoal e doméstico não especificados anteriormente;"COMÉRCIO; REPARAÇÃO DE VEÍCULOS AUTOMOTORES E MOTOCICLETAS";G;46;46.4;MS
EED;02.582.267/0001-60;NAYR INDUSTRIA, COMERCIO E DISTRIBUICAO DE PRODUTOS LTDA;27/04/1998;DEMAIS;206-2;46.49-4-99;6133;18/12/2023;Comércio atacadista de equipamentos e artigos de uso pessoal e doméstico não especificados anteriormente;"COMÉRCIO; REPARAÇÃO DE VEÍCULOS AUTOMOTORES E MOTOCICLETAS";G;46;46.4;MS
EED;02.582.267/0001-60;NAYR INDUSTRIA, COMERCIO E DISTRIBUICAO DE PRODUTOS LTDA;27/04/1998;DEMAIS;206-2;46.51-6-01;6133;18/12/2023;Comércio atacadista de computadores, periféricos e suprimentos de informática;"COMÉRCIO; REPARAÇÃO DE VEÍCULOS AUTOMOTORES E MOTOCICLETAS";G;46;46.5;MS
EED;02.582.267/0001-60;NAYR INDUSTRIA, COMERCIO E DISTRIBUICAO DE PRODUTOS LTDA;27/04/1998;DEMAIS;206-2;46.51-6-02;6133;18/12/2023;Comércio atacadista de computadores, periféricos e suprimentos de informática;"COMÉRCIO; REPARAÇÃO DE VEÍCULOS AUTOMOTORES E MOTOCICLETAS";G;46;46.5;MS
EED;02.582.267/0001-60;NAYR INDUSTRIA, COMERCIO E DISTRIBUICAO DE PRODUTOS LTDA;27/04/1998;DEMAIS;206-2;47.51-2-01;6133;18/12/2023;Comércio varejista especializado de equipamentos e suprimentos de informática;"COMÉRCIO; REPARAÇÃO DE VEÍCULOS AUTOMOTORES E MOTOCICLETAS";G;47;47.5;MS
EED;02.582.267/0001-60;NAYR INDUSTRIA, COMERCIO E DISTRIBUICAO DE PRODUTOS LTDA;27/04/1998;DEMAIS;206-2;47.73-3-00;6133;18/12/2023;Comércio varejista de artigos médicos e ortopédicos;"COMÉRCIO; REPARAÇÃO DE VEÍCULOS AUTOMOTORES E MOTOCICLETAS";G;47;47.7;MS
EED;02.582.267/0001-60;NAYR INDUSTRIA, COMERCIO E DISTRIBUICAO DE PRODUTOS LTDA;27/04/1998;DEMAIS;206-2;49.30-2-01;6133;18/12/2023;Transporte rodoviário de carga;TRANSPORTE, ARMAZENAGEM E CORREIO;H;49;49.3;MS
EED;02.582.267/0001-60;NAYR INDUSTRIA, COMERCIO E DISTRIBUICAO DE PRODUTOS LTDA;27/04/1998;DEMAIS;206-2;49.30-2-02;6133;18/12/2023;Transporte rodoviário de carga;TRANSPORTE, ARMAZENAGEM E CORREIO;H;49;49.3;MS
EED;02.582.267/0001-60;NAYR INDUSTRIA, COMERCIO E DISTRIBUICAO DE PRODUTOS LTDA;27/04/1998;DEMAIS;206-2;82.11-3-00;6133;18/12/2023;Serviços combinados de escritório e apoio administrativo;ATIVIDADES ADMINISTRATIVAS E SERVIÇOS COMPLEMENTARES;N;82;82.1;MS
EED;02.582.267/0001-60;NAYR INDUSTRIA, COMERCIO E DISTRIBUICAO DE PRODUTOS LTDA;27/04/1998;DEMAIS;206-2;85.99-6-05;6133;18/12/2023;Atividades de ensino não especificadas anteriormente;EDUCAÇÃO;P;85;85.9;MS
EED;62.956.719/0001-58;NEW POWER COMERCIO E INDUSTRIA DE SISTEMAS DE ENERGIA E DE DEFESA ESTRATEGICA LTDA;21/05/1990;DEMAIS;206-2;46.63-0-00 ;90;11/01/2018;"Comércio atacadista de máquinas e equipamentos para uso industrial; partes e peças";"COMÉRCIO; REPARAÇÃO DE VEÍCULOS AUTOMOTORES E MOTOCICLETAS";G;46;46.6;SP
EED;62.956.719/0001-58;NEW POWER COMERCIO E INDUSTRIA DE SISTEMAS DE ENERGIA E DE DEFESA ESTRATEGICA LTDA;21/05/1990;DEMAIS;206-2;46.93-1-00;90;11/01/2018;Comércio atacadista de mercadorias em geral, sem predominância de alimentos ou de insumos agropecuários;"COMÉRCIO; REPARAÇÃO DE VEÍCULOS AUTOMOTORES E MOTOCICLETAS";G;46;46.9;SP
EED;62.956.719/0001-58;NEW POWER COMERCIO E INDUSTRIA DE SISTEMAS DE ENERGIA E DE DEFESA ESTRATEGICA LTDA;21/05/1990;DEMAIS;206-2;45.30-7-01;90;11/01/2018;Comércio de peças e acessórios para veículos automotores;"COMÉRCIO; REPARAÇÃO DE VEÍCULOS AUTOMOTORES E MOTOCICLETAS";G;45;45.3;SP
EED;62.956.719/0001-58;NEW POWER COMERCIO E INDUSTRIA DE SISTEMAS DE ENERGIA E DE DEFESA ESTRATEGICA LTDA;21/05/1990;DEMAIS;206-2;27.21-0-00;90;11/01/2018;Fabricação de pilhas, baterias e acumuladores elétricos, exceto para veículos automotores;INDÚSTRIAS DE TRANSFORMAÇÃO;C;27;27.2;SP
EED;62.956.719/0001-58;NEW POWER COMERCIO E INDUSTRIA DE SISTEMAS DE ENERGIA E DE DEFESA ESTRATEGICA LTDA;21/05/1990;DEMAIS;206-2;27.22-8-01 ;90;11/01/2018;Fabricação de baterias e acumuladores para veículos automotores;INDÚSTRIAS DE TRANSFORMAÇÃO;C;27;27.2;SP
EED;62.956.719/0001-58;NEW POWER COMERCIO E INDUSTRIA DE SISTEMAS DE ENERGIA E DE DEFESA ESTRATEGICA LTDA;21/05/1990;DEMAIS;206-2;27.90-2-99;90;11/01/2018;Fabricação de equipamentos e aparelhos elétricos não especificados anteriormente;INDÚSTRIAS DE TRANSFORMAÇÃO;C;27;27.9;SP
EED;62.956.719/0001-58;NEW POWER COMERCIO E INDUSTRIA DE SISTEMAS DE ENERGIA E DE DEFESA ESTRATEGICA LTDA;21/05/1990;DEMAIS;206-2;33.13-9-02;90;11/01/2018;Manutenção e reparação de máquinas e equipamentos elétricos;INDÚSTRIAS DE TRANSFORMAÇÃO;C;33;33.1;SP
EED;62.956.719/0001-58;NEW POWER COMERCIO E INDUSTRIA DE SISTEMAS DE ENERGIA E DE DEFESA ESTRATEGICA LTDA;21/05/1990;DEMAIS;206-2;45.20-0-07;90;11/01/2018;Manutenção e reparação de veículos automotores;"COMÉRCIO; REPARAÇÃO DE VEÍCULOS AUTOMOTORES E MOTOCICLETAS";G;45;45.2;SP
EED;62.956.719/0001-58;NEW POWER COMERCIO E INDUSTRIA DE SISTEMAS DE ENERGIA E DE DEFESA ESTRATEGICA LTDA;21/05/1990;DEMAIS;206-2;46.87-7-02;90;11/01/2018;Comércio atacadista de resíduos e sucatas;"COMÉRCIO; REPARAÇÃO DE VEÍCULOS AUTOMOTORES E MOTOCICLETAS";G;46;46.8;SP
EED;62.956.719/0001-58;NEW POWER COMERCIO E INDUSTRIA DE SISTEMAS DE ENERGIA E DE DEFESA ESTRATEGICA LTDA;21/05/1990;DEMAIS;206-2;46.87-7-03;90;11/01/2018;Comércio atacadista de resíduos e sucatas;"COMÉRCIO; REPARAÇÃO DE VEÍCULOS AUTOMOTORES E MOTOCICLETAS";G;46;46.8;SP
EED;62.956.719/0001-58;NEW POWER COMERCIO E INDUSTRIA DE SISTEMAS DE ENERGIA E DE DEFESA ESTRATEGICA LTDA;21/05/1990;DEMAIS;206-2;46.89-3-99;90;11/01/2018;Comércio atacadista especializado de outros produtos intermediários não especificados anteriormente;"COMÉRCIO; REPARAÇÃO DE VEÍCULOS AUTOMOTORES E MOTOCICLETAS";G;46;46.8;SP
EED;62.956.719/0001-58;NEW POWER COMERCIO E INDUSTRIA DE SISTEMAS DE ENERGIA E DE DEFESA ESTRATEGICA LTDA;21/05/1990;DEMAIS;206-2;82.99-7-99;90;11/01/2018;Atividades de serviços prestados principalmente às empresas não especificadas anteriormente;ATIVIDADES ADMINISTRATIVAS E SERVIÇOS COMPLEMENTARES;N;82;82.9;SP
EED;62.956.719/0001-58;NEW POWER COMERCIO E INDUSTRIA DE SISTEMAS DE ENERGIA E DE DEFESA ESTRATEGICA LTDA;21/05/1990;DEMAIS;206-2;46.19-2-00;90;11/01/2018;Representantes comerciais e agentes do comércio de mercadorias em geral não especializado;"COMÉRCIO; REPARAÇÃO DE VEÍCULOS AUTOMOTORES E MOTOCICLETAS";G;46;46.1;SP
EED;62.956.719/0001-58;NEW POWER COMERCIO E INDUSTRIA DE SISTEMAS DE ENERGIA E DE DEFESA ESTRATEGICA LTDA;21/05/1990;DEMAIS;206-2;46.14-1-00;90;11/01/2018;Representantes comerciais e agentes do comércio de máquinas, equipamentos, embarcações e aeronaves;"COMÉRCIO; REPARAÇÃO DE VEÍCULOS AUTOMOTORES E MOTOCICLETAS";G;46;46.1;SP
EED;62.956.719/0001-58;NEW POWER COMERCIO E INDUSTRIA DE SISTEMAS DE ENERGIA E DE DEFESA ESTRATEGICA LTDA;21/05/1990;DEMAIS;206-2;47.53-9-00;90;11/01/2018;Comércio varejista especializado de eletrodomésticos e equipamentos de áudio e vídeo;"COMÉRCIO; REPARAÇÃO DE VEÍCULOS AUTOMOTORES E MOTOCICLETAS";G;47;47.5;SP
EED;01.939.979/0001-20;NG METALURGIA SA;01/07/1997;DEMAIS;205-4;28.11-9-00;1346;28/05/2014;Fabricação de motores e turbinas, exceto para aviões e veículos rodoviários;INDÚSTRIAS DE TRANSFORMAÇÃO;C;28;28.1;SP
EED;01.939.979/0001-20;NG METALURGIA SA;01/07/1997;DEMAIS;205-4;52.11-7-99;1346;28/05/2014;Armazenamento;TRANSPORTE, ARMAZENAGEM E CORREIO;H;52;52.1;SP
EED;01.939.979/0001-20;NG METALURGIA SA;01/07/1997;DEMAIS;205-4;33.21-0-00;1346;28/05/2014;Instalação de máquinas e equipamentos industriais;INDÚSTRIAS DE TRANSFORMAÇÃO;C;33;33.2;SP
EED;01.939.979/0001-20;NG METALURGIA SA;01/07/1997;DEMAIS;205-4;24.21-1-00;1346;28/05/2014;Produção de semi-acabados de aço;INDÚSTRIAS DE TRANSFORMAÇÃO;C;24;24.2;SP
EED;01.939.979/0001-20;NG METALURGIA SA;01/07/1997;DEMAIS;205-4;71.12-0-00;1346;28/05/2014;Serviços de engenharia;ATIVIDADES PROFISSIONAIS, CIENTÍFICAS E TÉCNICAS;M;71;71.1;SP
EED;01.939.979/0001-20;NG METALURGIA SA;01/07/1997;DEMAIS;205-4;33.14-7-99;1346;28/05/2014;Manutenção e reparação de máquinas e equipamentos da indústria mecânica;INDÚSTRIAS DE TRANSFORMAÇÃO;C;33;33.1;SP
ED;13.532.398/0001-59;NOBEL PRECISION LTDA;18/04/2011;DEMAIS;206-2;25.50-1-02;2666;07/08/2020;Fabricação de equipamento bélico pesado, armas de fogo e munições;INDÚSTRIAS DE TRANSFORMAÇÃO;C;25;25.5;GO
ED;13.532.398/0001-59;NOBEL PRECISION LTDA;18/04/2011;DEMAIS;206-2;25.50-1-01;2666;07/08/2020;Fabricação de equipamento bélico pesado, armas de fogo e munições;INDÚSTRIAS DE TRANSFORMAÇÃO;C;25;25.5;GO
ED;13.532.398/0001-59;NOBEL PRECISION LTDA;18/04/2011;DEMAIS;206-2;46.49-4-99;2666;07/08/2020;Comércio atacadista de equipamentos e artigos de uso pessoal e doméstico não especificados anteriormente;"COMÉRCIO; REPARAÇÃO DE VEÍCULOS AUTOMOTORES E MOTOCICLETAS";G;46;46.4;GO
ED;13.532.398/0001-59;NOBEL PRECISION LTDA;18/04/2011;DEMAIS;206-2;46.69-9-99;2666;07/08/2020;"Comércio atacadista de máquinas, aparelhos e equipamentos não especificados anteriormente; partes e peças";"COMÉRCIO; REPARAÇÃO DE VEÍCULOS AUTOMOTORES E MOTOCICLETAS";G;46;46.6;GO
ED;13.532.398/0001-59;NOBEL PRECISION LTDA;18/04/2011;DEMAIS;206-2;47.89-0-09;2666;07/08/2020;Comércio varejista de outros produtos novos não especificados anteriormente;"COMÉRCIO; REPARAÇÃO DE VEÍCULOS AUTOMOTORES E MOTOCICLETAS";G;47;47.8;GO
ED;13.532.398/0001-59;NOBEL PRECISION LTDA;18/04/2011;DEMAIS;206-2;64.63-8-00;2666;07/08/2020;Outras sociedades de participação, exceto holdings;ATIVIDADES FINANCEIRAS, DE SEGUROS E SERVIÇOS RELACIONADOS;K;64;64.6;GO
ED;13.532.398/0001-59;NOBEL PRECISION LTDA;18/04/2011;DEMAIS;206-2;70.20-4-00;2666;07/08/2020;Atividades de consultoria em gestão empresarial;ATIVIDADES PROFISSIONAIS, CIENTÍFICAS E TÉCNICAS;M;70;70.2;GO
ED;13.532.398/0001-59;NOBEL PRECISION LTDA;18/04/2011;DEMAIS;206-2;74.90-1-99 ;2666;07/08/2020;Atividades profissionais, científicas e técnicas não especificadas anteriormente;ATIVIDADES PROFISSIONAIS, CIENTÍFICAS E TÉCNICAS;M;74;74.9;GO
ED;13.532.398/0001-59;NOBEL PRECISION LTDA;18/04/2011;DEMAIS;206-2;82.11-3-00;2666;07/08/2020;Serviços combinados de escritório e apoio administrativo;ATIVIDADES ADMINISTRATIVAS E SERVIÇOS COMPLEMENTARES;N;82;82.1;GO
ED;13.532.398/0001-59;NOBEL PRECISION LTDA;18/04/2011;DEMAIS;206-2;82.99-7-99;2666;07/08/2020;Atividades de serviços prestados principalmente às empresas não especificadas anteriormente;ATIVIDADES ADMINISTRATIVAS E SERVIÇOS COMPLEMENTARES;N;82;82.9;GO
ED;13.532.398/0001-59;NOBEL PRECISION LTDA;18/04/2011;DEMAIS;206-2;85.99-6-04;2666;07/08/2020;Atividades de ensino não especificadas anteriormente;EDUCAÇÃO;P;85;85.9;GO
ED;13.532.398/0001-59;NOBEL PRECISION LTDA;18/04/2011;DEMAIS;206-2;85.99-6-99;2666;07/08/2020;Atividades de ensino não especificadas anteriormente;EDUCAÇÃO;P;85;85.9;GO
EED;02.447.516/0001-04;NOVAER CRAFT EMPREENDIMENTOS AERONAUTICOS LTDA;13/03/1998;DEMAIS;206-2;71.12-0-00;1346;28/05/2014;Serviços de engenharia;ATIVIDADES PROFISSIONAIS, CIENTÍFICAS E TÉCNICAS;M;71;71.1;SC
EED;02.447.516/0001-04;NOVAER CRAFT EMPREENDIMENTOS AERONAUTICOS LTDA;13/03/1998;DEMAIS;206-2;30.42-3-00;1346;28/05/2014;Fabricação de turbinas, motores e outros componentes e peças para aeronaves;INDÚSTRIAS DE TRANSFORMAÇÃO;C;30;30.4;SC
EED;29.079.025/0002-95;NRS DEFENCE SOLUTIONS LTDA;26/01/2022;ME;206-2;71.12-0-00;4787;26/09/2023;Serviços de engenharia;ATIVIDADES PROFISSIONAIS, CIENTÍFICAS E TÉCNICAS;M;71;71.1;SP
EED;29.079.025/0002-95;NRS DEFENCE SOLUTIONS LTDA;26/01/2022;ME;206-2;20.92-4-01;4787;26/09/2023;Fabricação de explosivos;INDÚSTRIAS DE TRANSFORMAÇÃO;C;20;20.9;SP
EED;29.079.025/0002-95;NRS DEFENCE SOLUTIONS LTDA;26/01/2022;ME;206-2;20.92-4-02;4787;26/09/2023;Fabricação de explosivos;INDÚSTRIAS DE TRANSFORMAÇÃO;C;20;20.9;SP
EED;29.079.025/0002-95;NRS DEFENCE SOLUTIONS LTDA;26/01/2022;ME;206-2;25.50-1-01;4787;26/09/2023;Fabricação de equipamento bélico pesado, armas de fogo e munições;INDÚSTRIAS DE TRANSFORMAÇÃO;C;25;25.5;SP
EED;29.079.025/0002-95;NRS DEFENCE SOLUTIONS LTDA;26/01/2022;ME;206-2;30.50-4-00;4787;26/09/2023;Fabricação de veículos militares de combate;INDÚSTRIAS DE TRANSFORMAÇÃO;C;30;30.5;SP
EED;29.079.025/0002-95;NRS DEFENCE SOLUTIONS LTDA;26/01/2022;ME;206-2;46.18-4-99;4787;26/09/2023;Representantes comerciais e agentes do comércio especializado em produtos não especificados anteriormente;"COMÉRCIO; REPARAÇÃO DE VEÍCULOS AUTOMOTORES E MOTOCICLETAS";G;46;46.1;SP
EED;42.515.882/0003-30;NUCLEBRAS EQUIPAMENTOS PESADOS SA NUCLEP;09/01/1978;DEMAIS;201-1;25.13-6-00;1346;28/05/2014;Fabricação de obras de caldeiraria pesada;INDÚSTRIAS DE TRANSFORMAÇÃO;C;25;25.1;RJ
EED;42.515.882/0003-30;NUCLEBRAS EQUIPAMENTOS PESADOS SA NUCLEP;09/01/1978;DEMAIS;201-1;25.11-0-00;1346;28/05/2014;Fabricação de estruturas metálicas;INDÚSTRIAS DE TRANSFORMAÇÃO;C;25;25.1;RJ
EED;42.515.882/0003-30;NUCLEBRAS EQUIPAMENTOS PESADOS SA NUCLEP;09/01/1978;DEMAIS;201-1;28.11-9-00;1346;28/05/2014;Fabricação de motores e turbinas, exceto para aviões e veículos rodoviários;INDÚSTRIAS DE TRANSFORMAÇÃO;C;28;28.1;RJ
EED;42.515.882/0003-30;NUCLEBRAS EQUIPAMENTOS PESADOS SA NUCLEP;09/01/1978;DEMAIS;201-1;30.11-3-01;1346;28/05/2014;Construção de embarcações e estruturas flutuantes;INDÚSTRIAS DE TRANSFORMAÇÃO;C;30;30.1;RJ
EED;42.515.882/0003-30;NUCLEBRAS EQUIPAMENTOS PESADOS SA NUCLEP;09/01/1978;DEMAIS;201-1;33.21-0-00;1346;28/05/2014;Instalação de máquinas e equipamentos industriais;INDÚSTRIAS DE TRANSFORMAÇÃO;C;33;33.2;RJ
EED;42.515.882/0003-30;NUCLEBRAS EQUIPAMENTOS PESADOS SA NUCLEP;09/01/1978;DEMAIS;201-1;50.11-4-01;1346;28/05/2014;Transporte marítimo de cabotagem;TRANSPORTE, ARMAZENAGEM E CORREIO;H;50;50.1;RJ
EED;42.515.882/0003-30;NUCLEBRAS EQUIPAMENTOS PESADOS SA NUCLEP;09/01/1978;DEMAIS;201-1;52.12-5-00;1346;28/05/2014;Carga e descarga;TRANSPORTE, ARMAZENAGEM E CORREIO;H;52;52.1;RJ
EED;42.515.882/0003-30;NUCLEBRAS EQUIPAMENTOS PESADOS SA NUCLEP;09/01/1978;DEMAIS;201-1;52.31-1-03;1346;28/05/2014;Gestão de portos e terminais;TRANSPORTE, ARMAZENAGEM E CORREIO;H;52;52.3;RJ
EED;42.515.882/0003-30;NUCLEBRAS EQUIPAMENTOS PESADOS SA NUCLEP;09/01/1978;DEMAIS;201-1;52.39-7-99;1346;28/05/2014;Atividades auxiliares dos transportes aquaviários não especificadas anteriormente;TRANSPORTE, ARMAZENAGEM E CORREIO;H;52;52.3;RJ
EED;42.515.882/0003-30;NUCLEBRAS EQUIPAMENTOS PESADOS SA NUCLEP;09/01/1978;DEMAIS;201-1;25.13-6-00;1346;28/05/2014;Fabricação de obras de caldeiraria pesada;INDÚSTRIAS DE TRANSFORMAÇÃO;C;25;25.1;RJ
EED;42.515.882/0003-30;NUCLEBRAS EQUIPAMENTOS PESADOS SA NUCLEP;09/01/1978;DEMAIS;201-1;25.11-0-00;1346;28/05/2014;Fabricação de estruturas metálicas;INDÚSTRIAS DE TRANSFORMAÇÃO;C;25;25.1;RJ
EED;42.515.882/0003-30;NUCLEBRAS EQUIPAMENTOS PESADOS SA NUCLEP;09/01/1978;DEMAIS;201-1;28.11-9-00;1346;28/05/2014;Fabricação de motores e turbinas, exceto para aviões e veículos rodoviários;INDÚSTRIAS DE TRANSFORMAÇÃO;C;28;28.1;RJ
EED;42.515.882/0003-30;NUCLEBRAS EQUIPAMENTOS PESADOS SA NUCLEP;09/01/1978;DEMAIS;201-1;30.11-3-01;1346;28/05/2014;Construção de embarcações e estruturas flutuantes;INDÚSTRIAS DE TRANSFORMAÇÃO;C;30;30.1;RJ
EED;42.515.882/0003-30;NUCLEBRAS EQUIPAMENTOS PESADOS SA NUCLEP;09/01/1978;DEMAIS;201-1;33.21-0-00;1346;28/05/2014;Instalação de máquinas e equipamentos industriais;INDÚSTRIAS DE TRANSFORMAÇÃO;C;33;33.2;RJ
EED;42.515.882/0003-30;NUCLEBRAS EQUIPAMENTOS PESADOS SA NUCLEP;09/01/1978;DEMAIS;201-1;50.11-4-01;1346;28/05/2014;Transporte marítimo de cabotagem;TRANSPORTE, ARMAZENAGEM E CORREIO;H;50;50.1;RJ
EED;42.515.882/0003-30;NUCLEBRAS EQUIPAMENTOS PESADOS SA NUCLEP;09/01/1978;DEMAIS;201-1;52.12-5-00;1346;28/05/2014;Carga e descarga;TRANSPORTE, ARMAZENAGEM E CORREIO;H;52;52.1;RJ
EED;42.515.882/0003-30;NUCLEBRAS EQUIPAMENTOS PESADOS SA NUCLEP;09/01/1978;DEMAIS;201-1;52.31-1-03;1346;28/05/2014;Gestão de portos e terminais;TRANSPORTE, ARMAZENAGEM E CORREIO;H;52;52.3;RJ
EED;42.515.882/0003-30;NUCLEBRAS EQUIPAMENTOS PESADOS SA NUCLEP;09/01/1978;DEMAIS;201-1;52.39-7-99;1346;28/05/2014;Atividades auxiliares dos transportes aquaviários não especificadas anteriormente;TRANSPORTE, ARMAZENAGEM E CORREIO;H;52;52.3;RJ
EED;40.040.039/0001-57;OAIS CLOUD;07/12/2020;DEMAIS;206-2;62.03-1-00;3216;12/06/2023;Desenvolvimento e licenciamento de programas de computador não-customizáveis;INFORMAÇÃO E COMUNICAÇÃO;J;62;62.0;SC
EED;40.040.039/0001-57;OAIS CLOUD;07/12/2020;DEMAIS;206-2;52.11-7-02;3216;12/06/2023;Armazenamento;TRANSPORTE, ARMAZENAGEM E CORREIO;H;52;52.1;SC
EED;40.040.039/0001-57;OAIS CLOUD;07/12/2020;DEMAIS;206-2;62.01-5-01;3216;12/06/2023;Desenvolvimento de programas de computador sob encomenda;INFORMAÇÃO E COMUNICAÇÃO;J;62;62.0;SC
EED;40.040.039/0001-57;OAIS CLOUD;07/12/2020;DEMAIS;206-2;62.02-3-00;3216;12/06/2023;Desenvolvimento e licenciamento de programas de computador customizáveis;INFORMAÇÃO E COMUNICAÇÃO;J;62;62.0;SC
EED;40.040.039/0001-57;OAIS CLOUD;07/12/2020;DEMAIS;206-2;62.04-0-00;3216;12/06/2023;Consultoria em tecnologia da informação;INFORMAÇÃO E COMUNICAÇÃO;J;62;62.0;SC
EED;40.040.039/0001-57;OAIS CLOUD;07/12/2020;DEMAIS;206-2;62.09-1-00;3216;12/06/2023;Suporte técnico, manutenção e outros serviços em tecnologia da informação;INFORMAÇÃO E COMUNICAÇÃO;J;62;62.0;SC
EED;40.040.039/0001-57;OAIS CLOUD;07/12/2020;DEMAIS;206-2;74.20-0-05;3216;12/06/2023;Atividades fotográficas e similares;ATIVIDADES PROFISSIONAIS, CIENTÍFICAS E TÉCNICAS;M;74;74.2;SC
EED;40.040.039/0001-57;OAIS CLOUD;07/12/2020;DEMAIS;206-2;82.11-3-00;3216;12/06/2023;Serviços combinados de escritório e apoio administrativo;ATIVIDADES ADMINISTRATIVAS E SERVIÇOS COMPLEMENTARES;N;82;82.1;SC
EED;40.040.039/0001-57;OAIS CLOUD;07/12/2020;DEMAIS;206-2;82.19-9-99;3216;12/06/2023;Fotocópias, preparação de documentos e outros serviços especializados de apoio administrativo;ATIVIDADES ADMINISTRATIVAS E SERVIÇOS COMPLEMENTARES;N;82;82.1;SC
EED;40.040.039/0001-57;OAIS CLOUD;07/12/2020;DEMAIS;206-2;62.03-1-00;3216;12/06/2023;Desenvolvimento e licenciamento de programas de computador não-customizáveis;INFORMAÇÃO E COMUNICAÇÃO;J;62;62.0;SC
EED;40.040.039/0001-57;OAIS CLOUD;07/12/2020;DEMAIS;206-2;52.11-7-02;3216;12/06/2023;Armazenamento;TRANSPORTE, ARMAZENAGEM E CORREIO;H;52;52.1;SC
EED;40.040.039/0001-57;OAIS CLOUD;07/12/2020;DEMAIS;206-2;62.01-5-01;3216;12/06/2023;Desenvolvimento de programas de computador sob encomenda;INFORMAÇÃO E COMUNICAÇÃO;J;62;62.0;SC
EED;40.040.039/0001-57;OAIS CLOUD;07/12/2020;DEMAIS;206-2;62.02-3-00;3216;12/06/2023;Desenvolvimento e licenciamento de programas de computador customizáveis;INFORMAÇÃO E COMUNICAÇÃO;J;62;62.0;SC
EED;40.040.039/0001-57;OAIS CLOUD;07/12/2020;DEMAIS;206-2;62.04-0-00;3216;12/06/2023;Consultoria em tecnologia da informação;INFORMAÇÃO E COMUNICAÇÃO;J;62;62.0;SC
EED;40.040.039/0001-57;OAIS CLOUD;07/12/2020;DEMAIS;206-2;62.09-1-00;3216;12/06/2023;Suporte técnico, manutenção e outros serviços em tecnologia da informação;INFORMAÇÃO E COMUNICAÇÃO;J;62;62.0;SC
EED;40.040.039/0001-57;OAIS CLOUD;07/12/2020;DEMAIS;206-2;74.20-0-05;3216;12/06/2023;Atividades fotográficas e similares;ATIVIDADES PROFISSIONAIS, CIENTÍFICAS E TÉCNICAS;M;74;74.2;SC
EED;40.040.039/0001-57;OAIS CLOUD;07/12/2020;DEMAIS;206-2;82.11-3-00;3216;12/06/2023;Serviços combinados de escritório e apoio administrativo;ATIVIDADES ADMINISTRATIVAS E SERVIÇOS COMPLEMENTARES;N;82;82.1;SC
EED;40.040.039/0001-57;OAIS CLOUD;07/12/2020;DEMAIS;206-2;82.19-9-99;3216;12/06/2023;Fotocópias, preparação de documentos e outros serviços especializados de apoio administrativo;ATIVIDADES ADMINISTRATIVAS E SERVIÇOS COMPLEMENTARES;N;82;82.1;SC
EED;22.483.795/0001-79;OCELLOTT ENGENHARIA LTDA;19/05/2015;DEMAIS;206-2;71.12-0-00;3947;24/09/2019;Serviços de engenharia;ATIVIDADES PROFISSIONAIS, CIENTÍFICAS E TÉCNICAS;M;71;71.1;SP
EED;22.483.795/0001-79;OCELLOTT ENGENHARIA LTDA;19/05/2015;DEMAIS;206-2;26.51-5-00;3947;24/09/2019;Fabricação de aparelhos e equipamentos de medida, teste e controle;INDÚSTRIAS DE TRANSFORMAÇÃO;C;26;26.5;SP
EED;22.483.795/0001-79;OCELLOTT ENGENHARIA LTDA;19/05/2015;DEMAIS;206-2;27.90-2-99;3947;24/09/2019;Fabricação de equipamentos e aparelhos elétricos não especificados anteriormente;INDÚSTRIAS DE TRANSFORMAÇÃO;C;27;27.9;SP
EED;22.483.795/0001-79;OCELLOTT ENGENHARIA LTDA;19/05/2015;DEMAIS;206-2;30.41-5-00;3947;24/09/2019;Fabricação de aeronaves;INDÚSTRIAS DE TRANSFORMAÇÃO;C;30;30.4;SP
EED;22.483.795/0001-79;OCELLOTT ENGENHARIA LTDA;19/05/2015;DEMAIS;206-2;30.42-3-00;3947;24/09/2019;Fabricação de turbinas, motores e outros componentes e peças para aeronaves;INDÚSTRIAS DE TRANSFORMAÇÃO;C;30;30.4;SP
EED;22.483.795/0001-79;OCELLOTT ENGENHARIA LTDA;19/05/2015;DEMAIS;206-2;33.16-3-01;3947;24/09/2019;Manutenção e reparação de aeronaves;INDÚSTRIAS DE TRANSFORMAÇÃO;C;33;33.1;SP
EED;22.483.795/0001-79;OCELLOTT ENGENHARIA LTDA;19/05/2015;DEMAIS;206-2;33.16-3-02;3947;24/09/2019;Manutenção e reparação de aeronaves;INDÚSTRIAS DE TRANSFORMAÇÃO;C;33;33.1;SP
EED;22.483.795/0001-79;OCELLOTT ENGENHARIA LTDA;19/05/2015;DEMAIS;206-2;33.21-0-00;3947;24/09/2019;Instalação de máquinas e equipamentos industriais;INDÚSTRIAS DE TRANSFORMAÇÃO;C;33;33.2;SP
EED;22.483.795/0001-79;OCELLOTT ENGENHARIA LTDA;19/05/2015;DEMAIS;206-2;43.30-4-99;3947;24/09/2019;Obras de acabamento;CONSTRUÇÃO;F;43;43.3;SP
EED;22.483.795/0001-79;OCELLOTT ENGENHARIA LTDA;19/05/2015;DEMAIS;206-2;43.99-1-99;3947;24/09/2019;Serviços especializados para construção não especificados anteriormente;CONSTRUÇÃO;F;43;43.9;SP
EED;22.483.795/0001-79;OCELLOTT ENGENHARIA LTDA;19/05/2015;DEMAIS;206-2;46.14-1-00;3947;24/09/2019;Representantes comerciais e agentes do comércio de máquinas, equipamentos, embarcações e aeronaves;"COMÉRCIO; REPARAÇÃO DE VEÍCULOS AUTOMOTORES E MOTOCICLETAS";G;46;46.1;SP
EED;22.483.795/0001-79;OCELLOTT ENGENHARIA LTDA;19/05/2015;DEMAIS;206-2;46.18-4-99;3947;24/09/2019;Representantes comerciais e agentes do comércio especializado em produtos não especificados anteriormente;"COMÉRCIO; REPARAÇÃO DE VEÍCULOS AUTOMOTORES E MOTOCICLETAS";G;46;46.1;SP
EED;22.483.795/0001-79;OCELLOTT ENGENHARIA LTDA;19/05/2015;DEMAIS;206-2;46.69-9-99;3947;24/09/2019;"Comércio atacadista de máquinas, aparelhos e equipamentos não especificados anteriormente; partes e peças";"COMÉRCIO; REPARAÇÃO DE VEÍCULOS AUTOMOTORES E MOTOCICLETAS";G;46;46.6;SP
EED;22.483.795/0001-79;OCELLOTT ENGENHARIA LTDA;19/05/2015;DEMAIS;206-2;71.20-1-00;3947;24/09/2019;Testes e análises técnicas;ATIVIDADES PROFISSIONAIS, CIENTÍFICAS E TÉCNICAS;M;71;71.2;SP
EED;22.483.795/0001-79;OCELLOTT ENGENHARIA LTDA;19/05/2015;DEMAIS;206-2;72.10-0-00;3947;24/09/2019;Pesquisa e desenvolvimento experimental em ciências físicas e naturais;ATIVIDADES PROFISSIONAIS, CIENTÍFICAS E TÉCNICAS;M;72;72.1;SP
EED;22.483.795/0001-79;OCELLOTT ENGENHARIA LTDA;19/05/2015;DEMAIS;206-2;77.39-0-99;3947;24/09/2019;Aluguel de máquinas e equipamentos não especificados anteriormente;ATIVIDADES ADMINISTRATIVAS E SERVIÇOS COMPLEMENTARES;N;77;77.3;SP
EED;22.483.795/0001-79;OCELLOTT ENGENHARIA LTDA;19/05/2015;DEMAIS;206-2;85.99-6-04;3947;24/09/2019;Atividades de ensino não especificadas anteriormente;EDUCAÇÃO;P;85;85.9;SP
EED;01.773.463/0001-59;OMNISYS ENGENHARIA LTDA;24/03/1997;DEMAIS;206-2;26.31-1-00;2639;08/10/2014;Fabricação de equipamentos transmissores de comunicação;INDÚSTRIAS DE TRANSFORMAÇÃO;C;26;26.3;SP 
EED;01.773.463/0001-59;OMNISYS ENGENHARIA LTDA;24/03/1997;DEMAIS;206-2;33.12-1-02;2639;08/10/2014;Manutenção e reparação de equipamentos eletrônicos e ópticos;INDÚSTRIAS DE TRANSFORMAÇÃO;C;33;33.1;SP 
EED;01.773.463/0001-59;OMNISYS ENGENHARIA LTDA;24/03/1997;DEMAIS;206-2;33.21-0-00;2639;08/10/2014;Instalação de máquinas e equipamentos industriais;INDÚSTRIAS DE TRANSFORMAÇÃO;C;33;33.2;SP 
EED;01.773.463/0001-59;OMNISYS ENGENHARIA LTDA;24/03/1997;DEMAIS;206-2;61.90-6-99;2639;08/10/2014;Outras atividades de telecomunicações;INFORMAÇÃO E COMUNICAÇÃO;J;61;61.9;SP 
EED;01.773.463/0001-59;OMNISYS ENGENHARIA LTDA;24/03/1997;DEMAIS;206-2;62.04-0-00;2639;08/10/2014;Consultoria em tecnologia da informação;INFORMAÇÃO E COMUNICAÇÃO;J;62;62.0;SP 
EED;01.810.988/0001-17;OPTO TECNOLOGIA OPTRONICA LTDA;11/04/1997;DEMAIS;206-2;26.70-1-01;539;01/06/2016;Fabricação de equipamentos e instrumentos ópticos, fotográficos e cinematográficos;INDÚSTRIAS DE TRANSFORMAÇÃO;C;26;26.7;SP
EED;01.810.988/0001-17;OPTO TECNOLOGIA OPTRONICA LTDA;11/04/1997;DEMAIS;206-2;26.21-3-00;539;01/06/2016;Fabricação de equipamentos de informática;INDÚSTRIAS DE TRANSFORMAÇÃO;C;26;26.2;SP
EED;01.810.988/0001-17;OPTO TECNOLOGIA OPTRONICA LTDA;11/04/1997;DEMAIS;206-2;26.70-1-02;539;01/06/2016;Fabricação de equipamentos e instrumentos ópticos, fotográficos e cinematográficos;INDÚSTRIAS DE TRANSFORMAÇÃO;C;26;26.7;SP
EED;01.810.988/0001-17;OPTO TECNOLOGIA OPTRONICA LTDA;11/04/1997;DEMAIS;206-2;33.12-1-04;539;01/06/2016;Manutenção e reparação de equipamentos eletrônicos e ópticos;INDÚSTRIAS DE TRANSFORMAÇÃO;C;33;33.1;SP
EED;01.810.988/0001-17;OPTO TECNOLOGIA OPTRONICA LTDA;11/04/1997;DEMAIS;206-2;33.14-7-99;539;01/06/2016;Manutenção e reparação de máquinas e equipamentos da indústria mecânica;INDÚSTRIAS DE TRANSFORMAÇÃO;C;33;33.1;SP
EED;01.810.988/0001-17;OPTO TECNOLOGIA OPTRONICA LTDA;11/04/1997;DEMAIS;206-2;71.12-0-00;539;01/06/2016;Serviços de engenharia;ATIVIDADES PROFISSIONAIS, CIENTÍFICAS E TÉCNICAS;M;71;71.1;SP
EED;04.008.847/0001-73;OPTSENSYS INSTRUMENTACAO OPTICA E ELETRONICA LTDA;11/08/2000;DEMAIS;206-2;71.12-0-00;4787;26/09/2023;Serviços de engenharia;ATIVIDADES PROFISSIONAIS, CIENTÍFICAS E TÉCNICAS;M;71;71.1;SP
EED;04.008.847/0001-73;OPTSENSYS INSTRUMENTACAO OPTICA E ELETRONICA LTDA;11/08/2000;DEMAIS;206-2;46.14-1-00;4787;26/09/2023;Representantes comerciais e agentes do comércio de máquinas, equipamentos, embarcações e aeronaves;"COMÉRCIO; REPARAÇÃO DE VEÍCULOS AUTOMOTORES E MOTOCICLETAS";G;46;46.1;SP
EED;04.318.188/0001-71;ORBITAL ENGENHARIA SA ;06/03/2001;DEMAIS;205-4;71.12-0-00;1346;28/05/2014;Serviços de engenharia;ATIVIDADES PROFISSIONAIS, CIENTÍFICAS E TÉCNICAS;M;71;71.1;SP
EED;04.318.188/0001-71;ORBITAL ENGENHARIA SA ;06/03/2001;DEMAIS;205-4;26.10-8-00;1346;28/05/2014;Fabricação de componentes eletrônicos;INDÚSTRIAS DE TRANSFORMAÇÃO;C;26;26.1;SP
EED;04.318.188/0001-71;ORBITAL ENGENHARIA SA ;06/03/2001;DEMAIS;205-4;46.14-1-00;1346;28/05/2014;Representantes comerciais e agentes do comércio de máquinas, equipamentos, embarcações e aeronaves;"COMÉRCIO; REPARAÇÃO DE VEÍCULOS AUTOMOTORES E MOTOCICLETAS";G;46;46.1;SP
EED;04.318.188/0001-71;ORBITAL ENGENHARIA SA ;06/03/2001;DEMAIS;205-4;62.02-3-00;1346;28/05/2014;Desenvolvimento e licenciamento de programas de computador customizáveis;INFORMAÇÃO E COMUNICAÇÃO;J;62;62.0;SP
EED;04.318.188/0001-71;ORBITAL ENGENHARIA SA ;06/03/2001;DEMAIS;205-4;80.20-0-01;1346;28/05/2014;Atividades de monitoramento de sistemas de segurança;ATIVIDADES ADMINISTRATIVAS E SERVIÇOS COMPLEMENTARES;N;80;80.2;SP
EED;05.979.994/0001-53;ORGANIZACAO BRASILEIRA PARA O DESENVOLVIMENTO CIENTIFICO E TECNOLOGICO DO CONTROLE DO ESPACO AEREO;04/11/2003;DEMAIS;399-9;94.30-8-00;4779;05/12/2019;Atividades de associações de defesa de direitos sociais;OUTRAS ATIVIDADES DE SERVIÇOS;S;94;94.3;RJ
EED;05.979.994/0001-53;ORGANIZACAO BRASILEIRA PARA O DESENVOLVIMENTO CIENTIFICO E TECNOLOGICO DO CONTROLE DO ESPACO AEREO;04/11/2003;DEMAIS;399-9;94.93-6-00;4779;05/12/2019;Atividades de organizações associativas ligadas à cultura e à arte;OUTRAS ATIVIDADES DE SERVIÇOS;S;94;94.9;RJ
EED;05.979.994/0001-53;ORGANIZACAO BRASILEIRA PARA O DESENVOLVIMENTO CIENTIFICO E TECNOLOGICO DO CONTROLE DO ESPACO AEREO;04/11/2003;DEMAIS;399-9;94.99-5-00;4779;05/12/2019;Atividades associativas não especificadas anteriormente;OUTRAS ATIVIDADES DE SERVIÇOS;S;94;94.9;RJ
EED;83.802.215/0001-53;OSLEN INDUSTRIA E COMERCIO SA ;02/08/1979;DEMAIS;205-4;32.50-7-02;3436;19/09/2017;Fabricação de instrumentos e materiais para uso médico e odontológico e de artigos ópticos;INDÚSTRIAS DE TRANSFORMAÇÃO;C;32;32.5;SC
EED;83.802.215/0001-53;OSLEN INDUSTRIA E COMERCIO SA ;02/08/1979;DEMAIS;205-4;14.12-6-01;3436;19/09/2017;Confecção de peças do vestuário, exceto roupas íntimas;INDÚSTRIAS DE TRANSFORMAÇÃO;C;14;14.1;SC
EED;83.802.215/0001-53;OSLEN INDUSTRIA E COMERCIO SA ;02/08/1979;DEMAIS;205-4;18.11-3-02;3436;19/09/2017;Impressão de jornais, livros, revistas e outras publicações periódicas;INDÚSTRIAS DE TRANSFORMAÇÃO;C;18;18.1;SC
EED;83.802.215/0001-53;OSLEN INDUSTRIA E COMERCIO SA ;02/08/1979;DEMAIS;205-4;26.60-4-00;3436;19/09/2017;Fabricação de aparelhos eletromédicos e eletroterapêuticos e equipamentos de irradiação;INDÚSTRIAS DE TRANSFORMAÇÃO;C;26;26.6;SC
EED;83.802.215/0001-53;OSLEN INDUSTRIA E COMERCIO SA ;02/08/1979;DEMAIS;205-4;33.21-0-00;3436;19/09/2017;Instalação de máquinas e equipamentos industriais;INDÚSTRIAS DE TRANSFORMAÇÃO;C;33;33.2;SC
EED;83.802.215/0001-53;OSLEN INDUSTRIA E COMERCIO SA ;02/08/1979;DEMAIS;205-4;45.30-7-03;3436;19/09/2017;Comércio de peças e acessórios para veículos automotores;"COMÉRCIO; REPARAÇÃO DE VEÍCULOS AUTOMOTORES E MOTOCICLETAS";G;45;45.3;SC
EED;83.802.215/0001-53;OSLEN INDUSTRIA E COMERCIO SA ;02/08/1979;DEMAIS;205-4;46.64-8-00;3436;19/09/2017;"Comércio atacadista de máquinas, aparelhos e equipamentos para uso odonto-médico-hospitalar; partes e peças";"COMÉRCIO; REPARAÇÃO DE VEÍCULOS AUTOMOTORES E MOTOCICLETAS";G;46;46.6;SC
EED;83.802.215/0001-53;OSLEN INDUSTRIA E COMERCIO SA ;02/08/1979;DEMAIS;205-4;46.93-1-00;3436;19/09/2017;Comércio atacadista de mercadorias em geral, sem predominância de alimentos ou de insumos agropecuários;"COMÉRCIO; REPARAÇÃO DE VEÍCULOS AUTOMOTORES E MOTOCICLETAS";G;46;46.9;SC
EED;83.802.215/0001-53;OSLEN INDUSTRIA E COMERCIO SA ;02/08/1979;DEMAIS;205-4;47.81-4-00;3436;19/09/2017;Comércio varejista de artigos do vestuário e acessórios;"COMÉRCIO; REPARAÇÃO DE VEÍCULOS AUTOMOTORES E MOTOCICLETAS";G;47;47.8;SC
EED;83.802.215/0001-53;OSLEN INDUSTRIA E COMERCIO SA ;02/08/1979;DEMAIS;205-4;73.19-0-02;3436;19/09/2017;Atividades de publicidade não especificadas anteriormente;ATIVIDADES PROFISSIONAIS, CIENTÍFICAS E TÉCNICAS;M;73;73.1;SC
EED;83.802.215/0001-53;OSLEN INDUSTRIA E COMERCIO SA ;02/08/1979;DEMAIS;205-4;95.29-1-99;3436;19/09/2017;Reparação e manutenção de objetos e equipamentos pessoais e domésticos não especificados anteriormente;OUTRAS ATIVIDADES DE SERVIÇOS;S;95;95.2;SC
EED;03.549.807/0001-76;PADTEC SA;25/11/1999;DEMAIS;205-4;26.31-1-00;5181;15/12/2021;Fabricação de equipamentos transmissores de comunicação;INDÚSTRIAS DE TRANSFORMAÇÃO;C;26;26.3;SP
EED;03.549.807/0001-76;PADTEC SA;25/11/1999;DEMAIS;205-4;33.21-0-00;5181;15/12/2021;Instalação de máquinas e equipamentos industriais;INDÚSTRIAS DE TRANSFORMAÇÃO;C;33;33.2;SP
EED;03.549.807/0001-76;PADTEC SA;25/11/1999;DEMAIS;205-4;33.12-1-04;5181;15/12/2021;Manutenção e reparação de equipamentos eletrônicos e ópticos;INDÚSTRIAS DE TRANSFORMAÇÃO;C;33;33.1;SP
EED;03.549.807/0001-76;PADTEC SA;25/11/1999;DEMAIS;205-4;62.01-5-01;5181;15/12/2021;Desenvolvimento de programas de computador sob encomenda;INFORMAÇÃO E COMUNICAÇÃO;J;62;62.0;SP
EED;03.549.807/0001-76;PADTEC SA;25/11/1999;DEMAIS;205-4;62.02-3-00;5181;15/12/2021;Desenvolvimento e licenciamento de programas de computador customizáveis;INFORMAÇÃO E COMUNICAÇÃO;J;62;62.0;SP
EED;03.549.807/0001-76;PADTEC SA;25/11/1999;DEMAIS;205-4;62.04-0-00;5181;15/12/2021;Consultoria em tecnologia da informação;INFORMAÇÃO E COMUNICAÇÃO;J;62;62.0;SP
EED;03.549.807/0001-76;PADTEC SA;25/11/1999;DEMAIS;205-4;62.09-1-00;5181;15/12/2021;Suporte técnico, manutenção e outros serviços em tecnologia da informação;INFORMAÇÃO E COMUNICAÇÃO;J;62;62.0;SP
EED;03.549.807/0001-76;PADTEC SA;25/11/1999;DEMAIS;205-4;85.99-6-03;5181;15/12/2021;Atividades de ensino não especificadas anteriormente;EDUCAÇÃO;P;85;85.9;SP
EED;03.549.807/0001-76;PADTEC SA;25/11/1999;DEMAIS;205-4;71.19-7-99;5181;15/12/2021;Atividades técnicas relacionadas à arquitetura e engenharia;ATIVIDADES PROFISSIONAIS, CIENTÍFICAS E TÉCNICAS;M;71;71.1;SP
EED;03.549.807/0001-76;PADTEC SA;25/11/1999;DEMAIS;205-4;42.21-9-05;5181;15/12/2021;Obras para geração e distribuição de energia elétrica e para telecomunicações;CONSTRUÇÃO;F;42;42.2;SP
EED;02.246.382/0001-63;PALMILHADO INDUSTRIA E COMERCIO LTDA;17/11/1997;DEMAIS;206-2;15.39-4-00;4514;27/09/2024;Fabricação de calçados de materiais não especificados anteriormente;INDÚSTRIAS DE TRANSFORMAÇÃO;C;15;15.3;MG
EED;02.246.382/0001-63;PALMILHADO INDUSTRIA E COMERCIO LTDA;17/11/1997;DEMAIS;206-2;15.40-8-00;4514;27/09/2024;Fabricação de partes para calçados, de qualquer material;INDÚSTRIAS DE TRANSFORMAÇÃO;C;15;15.4;MG
EED;60.621.141/0004-04;WEG TINTAS LTDA;16/12/2015;DEMAIS;205-4;20.71-1-00;3547;21/09/2018;Fabricação de tintas, vernizes, esmaltes e lacas;INDÚSTRIAS DE TRANSFORMAÇÃO;C;20;20.7;SC
EED;60.621.141/0004-04;WEG TINTAS LTDA;16/12/2015;DEMAIS;205-4;20.62-2-00;3547;21/09/2018;Fabricação de produtos de limpeza e polimento;INDÚSTRIAS DE TRANSFORMAÇÃO;C;20;20.6;SC
EED;60.621.141/0004-04;WEG TINTAS LTDA;16/12/2015;DEMAIS;205-4;26.51-5-00;3547;21/09/2018;Fabricação de aparelhos e equipamentos de medida, teste e controle;INDÚSTRIAS DE TRANSFORMAÇÃO;C;26;26.5;SC
EED;60.621.141/0004-04;WEG TINTAS LTDA;16/12/2015;DEMAIS;205-4;27.10-4-01;3547;21/09/2018;Fabricação de geradores, transformadores e motores elétricos;INDÚSTRIAS DE TRANSFORMAÇÃO;C;27;27.1;SC
EED;60.621.141/0004-04;WEG TINTAS LTDA;16/12/2015;DEMAIS;205-4;27.10-4-02;3547;21/09/2018;Fabricação de geradores, transformadores e motores elétricos;INDÚSTRIAS DE TRANSFORMAÇÃO;C;27;27.1;SC
EED;60.621.141/0004-04;WEG TINTAS LTDA;16/12/2015;DEMAIS;205-4;27.10-4-03;3547;21/09/2018;Fabricação de geradores, transformadores e motores elétricos;INDÚSTRIAS DE TRANSFORMAÇÃO;C;27;27.1;SC
EED;60.621.141/0004-04;WEG TINTAS LTDA;16/12/2015;DEMAIS;205-4;33.13-9-01;3547;21/09/2018;Manutenção e reparação de máquinas e equipamentos elétricos;INDÚSTRIAS DE TRANSFORMAÇÃO;C;33;33.1;SC
EED;60.621.141/0004-04;WEG TINTAS LTDA;16/12/2015;DEMAIS;205-4;33.21-0-00;3547;21/09/2018;Instalação de máquinas e equipamentos industriais;INDÚSTRIAS DE TRANSFORMAÇÃO;C;33;33.2;SC
EED;60.621.141/0004-04;WEG TINTAS LTDA;16/12/2015;DEMAIS;205-4;46.63-0-00;3547;21/09/2018;"Comércio atacadista de máquinas e equipamentos para uso industrial; partes e peças";"COMÉRCIO; REPARAÇÃO DE VEÍCULOS AUTOMOTORES E MOTOCICLETAS";G;46;46.6;SC
EED;60.621.141/0004-04;WEG TINTAS LTDA;16/12/2015;DEMAIS;205-4;46.79-6-01;3547;21/09/2018;Comércio atacadista especializado de materiais de construção não especificados anteriormente e de materiais de construção em geral;"COMÉRCIO; REPARAÇÃO DE VEÍCULOS AUTOMOTORES E MOTOCICLETAS";G;46;46.7;SC
EED;60.621.141/0004-04;WEG TINTAS LTDA;16/12/2015;DEMAIS;205-4;52.11-7-99;3547;21/09/2018;Armazenamento;TRANSPORTE, ARMAZENAGEM E CORREIO;H;52;52.1;SC
EED;60.621.141/0004-04;WEG TINTAS LTDA;16/12/2015;DEMAIS;205-4;64.63-8-00;3547;21/09/2018;Outras sociedades de participação, exceto holdings;ATIVIDADES FINANCEIRAS, DE SEGUROS E SERVIÇOS RELACIONADOS;K;64;64.6;SC
EED;60.621.141/0004-04;WEG TINTAS LTDA;16/12/2015;DEMAIS;205-4;71.12-0-00;3547;21/09/2018;Serviços de engenharia;ATIVIDADES PROFISSIONAIS, CIENTÍFICAS E TÉCNICAS;M;71;71.1;SC
EED;60.621.141/0004-04;WEG TINTAS LTDA;16/12/2015;DEMAIS;205-4;74.90-1-99 ;3547;21/09/2018;Atividades profissionais, científicas e técnicas não especificadas anteriormente;ATIVIDADES PROFISSIONAIS, CIENTÍFICAS E TÉCNICAS;M;74;74.9;SC
EED;60.621.141/0004-04;WEG TINTAS LTDA;16/12/2015;DEMAIS;205-4;82.11-3-00 ;3547;21/09/2018;Serviços combinados de escritório e apoio administrativo;ATIVIDADES ADMINISTRATIVAS E SERVIÇOS COMPLEMENTARES;N;82;82.1;SC
EED;60.621.141/0004-04;WEG TINTAS LTDA;16/12/2015;DEMAIS;205-4;82.99-7-99;3547;21/09/2018;Atividades de serviços prestados principalmente às empresas não especificadas anteriormente;ATIVIDADES ADMINISTRATIVAS E SERVIÇOS COMPLEMENTARES;N;82;82.9;SC
ED;37.608.087/0001-94;PFM MEDICAL CONSULTORIA EMPRESARIAL E PARTICIPACOES SOCIETARIAS LTDA;03/07/2020;DEMAIS;206-2;70.20-4-00;5179;15/12/2021;Atividades de consultoria em gestão empresarial;ATIVIDADES PROFISSIONAIS, CIENTÍFICAS E TÉCNICAS;M;70;70.2;DF
ED;37.608.087/0001-94;PFM MEDICAL CONSULTORIA EMPRESARIAL E PARTICIPACOES SOCIETARIAS LTDA;03/07/2020;DEMAIS;206-2;64.62-0-00;5179;15/12/2021;Holdings de instituições não-financeiras;ATIVIDADES FINANCEIRAS, DE SEGUROS E SERVIÇOS RELACIONADOS;K;64;64.6;DF
EED;05.954.751/0001-60;PLASMAHUB ENGENHARIA E INDUSTRIA, EXPORTACAO E IMPORTACAO AS;11/09/2003;DEMAIS;205-4;71.12-0-00;5576;12/12/2024;Serviços de engenharia;ATIVIDADES PROFISSIONAIS, CIENTÍFICAS E TÉCNICAS;M;71;71.1;SP
EED;05.954.751/0001-60;PLASMAHUB ENGENHARIA E INDUSTRIA, EXPORTACAO E IMPORTACAO AS;11/09/2003;DEMAIS;205-4;25.50-1-01;5576;12/12/2024;Fabricação de equipamento bélico pesado, armas de fogo e munições;INDÚSTRIAS DE TRANSFORMAÇÃO;C;25;25.5;SP
EED;05.954.751/0001-60;PLASMAHUB ENGENHARIA E INDUSTRIA, EXPORTACAO E IMPORTACAO AS;11/09/2003;DEMAIS;205-4;26.51-5-00;5576;12/12/2024;Fabricação de aparelhos e equipamentos de medida, teste e controle;INDÚSTRIAS DE TRANSFORMAÇÃO;C;26;26.5;SP
EED;05.954.751/0001-60;PLASMAHUB ENGENHARIA E INDUSTRIA, EXPORTACAO E IMPORTACAO AS;11/09/2003;DEMAIS;205-4;30.42-3-00;5576;12/12/2024;Fabricação de turbinas, motores e outros componentes e peças para aeronaves;INDÚSTRIAS DE TRANSFORMAÇÃO;C;30;30.4;SP
EED;05.954.751/0001-60;PLASMAHUB ENGENHARIA E INDUSTRIA, EXPORTACAO E IMPORTACAO AS;11/09/2003;DEMAIS;205-4;30.50-4-00;5576;12/12/2024;Fabricação de veículos militares de combate;INDÚSTRIAS DE TRANSFORMAÇÃO;C;30;30.5;SP
EED;05.954.751/0001-60;PLASMAHUB ENGENHARIA E INDUSTRIA, EXPORTACAO E IMPORTACAO AS;11/09/2003;DEMAIS;205-4;33.12-1-02;5576;12/12/2024;Manutenção e reparação de equipamentos eletrônicos e ópticos;INDÚSTRIAS DE TRANSFORMAÇÃO;C;33;33.1;SP
EED;05.954.751/0001-60;PLASMAHUB ENGENHARIA E INDUSTRIA, EXPORTACAO E IMPORTACAO AS;11/09/2003;DEMAIS;205-4;33.19-8-00;5576;12/12/2024;Manutenção e reparação de equipamentos e produtos não especificados anteriormente;INDÚSTRIAS DE TRANSFORMAÇÃO;C;33;33.1;SP
EED;05.954.751/0001-60;PLASMAHUB ENGENHARIA E INDUSTRIA, EXPORTACAO E IMPORTACAO AS;11/09/2003;DEMAIS;205-4;33.21-0-00;5576;12/12/2024;Instalação de máquinas e equipamentos industriais;INDÚSTRIAS DE TRANSFORMAÇÃO;C;33;33.2;SP
EED;05.954.751/0001-60;PLASMAHUB ENGENHARIA E INDUSTRIA, EXPORTACAO E IMPORTACAO AS;11/09/2003;DEMAIS;205-4;46.63-0-00;5576;12/12/2024;"Comércio atacadista de máquinas e equipamentos para uso industrial; partes e peças";"COMÉRCIO; REPARAÇÃO DE VEÍCULOS AUTOMOTORES E MOTOCICLETAS";G;46;46.6;SP
EED;05.954.751/0001-60;PLASMAHUB ENGENHARIA E INDUSTRIA, EXPORTACAO E IMPORTACAO AS;11/09/2003;DEMAIS;205-4;62.01-5-01;5576;12/12/2024;Desenvolvimento de programas de computador sob encomenda;INFORMAÇÃO E COMUNICAÇÃO;J;62;62.0;SP
EED;05.954.751/0001-60;PLASMAHUB ENGENHARIA E INDUSTRIA, EXPORTACAO E IMPORTACAO AS;11/09/2003;DEMAIS;205-4;64.63-8-00;5576;12/12/2024;Outras sociedades de participação, exceto holdings;ATIVIDADES FINANCEIRAS, DE SEGUROS E SERVIÇOS RELACIONADOS;K;64;64.6;SP
EED;05.954.751/0001-60;PLASMAHUB ENGENHARIA E INDUSTRIA, EXPORTACAO E IMPORTACAO AS;11/09/2003;DEMAIS;205-4;71.20-1-00;5576;12/12/2024;Testes e análises técnicas;ATIVIDADES PROFISSIONAIS, CIENTÍFICAS E TÉCNICAS;M;71;71.2;SP
EED;05.954.751/0001-60;PLASMAHUB ENGENHARIA E INDUSTRIA, EXPORTACAO E IMPORTACAO AS;11/09/2003;DEMAIS;205-4;72.10-0-00;5576;12/12/2024;Pesquisa e desenvolvimento experimental em ciências físicas e naturais;ATIVIDADES PROFISSIONAIS, CIENTÍFICAS E TÉCNICAS;M;72;72.1;SP
EED;05.954.751/0001-60;PLASMAHUB ENGENHARIA E INDUSTRIA, EXPORTACAO E IMPORTACAO AS;11/09/2003;DEMAIS;205-4;74.90-1-99;5576;12/12/2024;Atividades profissionais, científicas e técnicas não especificadas anteriormente;ATIVIDADES PROFISSIONAIS, CIENTÍFICAS E TÉCNICAS;M;74;74.9;SP
EED;11.005.987/0001-53;POLY DEFENSOR INDUSTRIA QUIMICA LTDA;15/04/2009;DEMAIS;206-2;20.29-1-00;4433;28/08/2026;Fabricação de produtos químicos orgânicos não especificados anteriormente;INDÚSTRIAS DE TRANSFORMAÇÃO;C;20;20.2;SP
EED;11.005.987/0001-53;POLY DEFENSOR INDUSTRIA QUIMICA LTDA;15/04/2009;DEMAIS;206-2;32.92-2-02;4433;28/08/2026;Fabricação de equipamentos e acessórios para segurança e proteção pessoal e profissional;INDÚSTRIAS DE TRANSFORMAÇÃO;C;32;32.9;SP
ED;02.278.560/0002-19;PRATT & WHITNEY CANADA DO BRASIL LTDA;26/02/2019;DEMAIS;206-2;33.16-3-01;4067;04/12/2020;Manutenção e reparação de aeronaves;INDÚSTRIAS DE TRANSFORMAÇÃO;C;33;33.1;MG
ED;02.278.560/0002-19;PRATT & WHITNEY CANADA DO BRASIL LTDA;26/02/2019;DEMAIS;206-2;77.39-0-99;4067;04/12/2020;Aluguel de máquinas e equipamentos não especificados anteriormente;ATIVIDADES ADMINISTRATIVAS E SERVIÇOS COMPLEMENTARES;N;77;77.3;MG
EED;33.613.727/0001-01;PROMEAL INDUSTRIA DE ALIMENTOS LTDA;14/05/2019;DEMAIS;206-2;10.96-1-00;3898;21/09/2021;Fabricação de alimentos e pratos prontos;INDÚSTRIAS DE TRANSFORMAÇÃO;C;10;10.9;RJ
EED;33.613.727/0001-01;PROMEAL INDUSTRIA DE ALIMENTOS LTDA;14/05/2019;DEMAIS;206-2;10.99-6-99;3898;21/09/2021;Fabricação de produtos alimentícios não especificados anteriormente;INDÚSTRIAS DE TRANSFORMAÇÃO;C;10;10.9;RJ
EED;33.613.727/0001-01;PROMEAL INDUSTRIA DE ALIMENTOS LTDA;14/05/2019;DEMAIS;206-2;46.39-7-01;3898;21/09/2021;Comércio atacadista de produtos alimentícios em geral;"COMÉRCIO; REPARAÇÃO DE VEÍCULOS AUTOMOTORES E MOTOCICLETAS";G;46;46.3;RJ
EED;33.613.727/0001-01;PROMEAL INDUSTRIA DE ALIMENTOS LTDA;14/05/2019;DEMAIS;206-2;47.29-6-99;3898;21/09/2021;"Comércio varejista de produtos alimentícios em geral ou especializado em produtos alimentícios não especificados anteriormente; produtos do fumo";"COMÉRCIO; REPARAÇÃO DE VEÍCULOS AUTOMOTORES E MOTOCICLETAS";G;47;47.2;RJ
EED;33.613.727/0001-01;PROMEAL INDUSTRIA DE ALIMENTOS LTDA;14/05/2019;DEMAIS;206-2;72.10-0-00;3898;21/09/2021;Pesquisa e desenvolvimento experimental em ciências físicas e naturais;ATIVIDADES PROFISSIONAIS, CIENTÍFICAS E TÉCNICAS;M;72;72.1;RJ
EED;33.613.727/0001-01;PROMEAL INDUSTRIA DE ALIMENTOS LTDA;14/05/2019;DEMAIS;206-2;74.90-1-04;3898;21/09/2021;Atividades profissionais, científicas e técnicas não especificadas anteriormente;ATIVIDADES PROFISSIONAIS, CIENTÍFICAS E TÉCNICAS;M;74;74.9;RJ
EED;80.663.883/0001-59;PROVOLT TECNOLOGIA ELETRONICA LTDA;12/04/1988;DEMAIS;206-2;27.10-4-02;5576;12/12/2024;Fabricação de geradores, transformadores e motores elétricos;INDÚSTRIAS DE TRANSFORMAÇÃO;C;27;27.1;SC
EED;80.663.883/0001-59;PROVOLT TECNOLOGIA ELETRONICA LTDA;12/04/1988;DEMAIS;206-2;26.10-8-00;5576;12/12/2024;Fabricação de componentes eletrônicos;INDÚSTRIAS DE TRANSFORMAÇÃO;C;26;26.1;SC
EED;80.663.883/0001-59;PROVOLT TECNOLOGIA ELETRONICA LTDA;12/04/1988;DEMAIS;206-2;33.13-9-01;5576;12/12/2024;Manutenção e reparação de máquinas e equipamentos elétricos;INDÚSTRIAS DE TRANSFORMAÇÃO;C;33;33.1;SC
EED;80.663.883/0001-59;PROVOLT TECNOLOGIA ELETRONICA LTDA;12/04/1988;DEMAIS;206-2;46.19-2-00;5576;12/12/2024;Representantes comerciais e agentes do comércio de mercadorias em geral não especializado;"COMÉRCIO; REPARAÇÃO DE VEÍCULOS AUTOMOTORES E MOTOCICLETAS";G;46;46.1;SC
EED;80.663.883/0001-59;PROVOLT TECNOLOGIA ELETRONICA LTDA;12/04/1988;DEMAIS;206-2;46.52-4-00;5576;12/12/2024;Comércio atacadista de componentes eletrônicos e equipamentos de telefonia e comunicação;"COMÉRCIO; REPARAÇÃO DE VEÍCULOS AUTOMOTORES E MOTOCICLETAS";G;46;46.5;SC
EED;80.663.883/0001-59;PROVOLT TECNOLOGIA ELETRONICA LTDA;12/04/1988;DEMAIS;206-2;46.89-3-99;5576;12/12/2024;Comércio atacadista especializado de outros produtos intermediários não especificados anteriormente;"COMÉRCIO; REPARAÇÃO DE VEÍCULOS AUTOMOTORES E MOTOCICLETAS";G;46;46.8;SC
EED;80.663.883/0001-59;PROVOLT TECNOLOGIA ELETRONICA LTDA;12/04/1988;DEMAIS;206-2;47.57-1-00;5576;12/12/2024;Comércio varejista especializado de peças e acessórios para aparelhos eletroeletrônicos para uso doméstico, exceto informática e comunicação;"COMÉRCIO; REPARAÇÃO DE VEÍCULOS AUTOMOTORES E MOTOCICLETAS";G;47;47.5;SC
EED;80.663.883/0001-59;PROVOLT TECNOLOGIA ELETRONICA LTDA;12/04/1988;DEMAIS;206-2;62.01-5-01;5576;12/12/2024;Desenvolvimento de programas de computador sob encomenda;INFORMAÇÃO E COMUNICAÇÃO;J;62;62.0;SC
EED;80.663.883/0001-59;PROVOLT TECNOLOGIA ELETRONICA LTDA;12/04/1988;DEMAIS;206-2;62.03-1-00;5576;12/12/2024;Desenvolvimento e licenciamento de programas de computador não-customizáveis;INFORMAÇÃO E COMUNICAÇÃO;J;62;62.0;SC
EED;80.663.883/0001-59;PROVOLT TECNOLOGIA ELETRONICA LTDA;12/04/1988;DEMAIS;206-2;71.12-0-00;5576;12/12/2024;Serviços de engenharia;ATIVIDADES PROFISSIONAIS, CIENTÍFICAS E TÉCNICAS;M;71;71.1;SC
EED;80.663.883/0001-59;PROVOLT TECNOLOGIA ELETRONICA LTDA;12/04/1988;DEMAIS;206-2;82.99-7-99;5576;12/12/2024;Atividades de serviços prestados principalmente às empresas não especificadas anteriormente;ATIVIDADES ADMINISTRATIVAS E SERVIÇOS COMPLEMENTARES;N;82;82.9;SC
EED;26.227.826/0001-81;PW TECH INDUSTRIA E COMERCIO DE PURIFICADORES LTDA;23/09/2016;DEMAIS;206-2;28.25-9-00;3216;12/06/2023;Fabricação de máquinas e equipamentos para saneamento básico e ambiental;INDÚSTRIAS DE TRANSFORMAÇÃO;C;28;28.2;SP
EED;26.227.826/0001-81;PW TECH INDUSTRIA E COMERCIO DE PURIFICADORES LTDA;23/09/2016;DEMAIS;206-2;33.14-7-10;3216;12/06/2023;Manutenção e reparação de máquinas e equipamentos da indústria mecânica;INDÚSTRIAS DE TRANSFORMAÇÃO;C;33;33.1;SP
EED;26.227.826/0001-81;PW TECH INDUSTRIA E COMERCIO DE PURIFICADORES LTDA;23/09/2016;DEMAIS;206-2;74.90-1-99 ;3216;12/06/2023;Atividades profissionais, científicas e técnicas não especificadas anteriormente;ATIVIDADES PROFISSIONAIS, CIENTÍFICAS E TÉCNICAS;M;74;74.9;SP
EED;13.259.186/0001-40;QUEIROZ GALVAO TECNOLOGIA EM DEFESA E SEGURANCA LTDA;16/02/2011;DEMAIS;206-2;74.90-1-99 ;1346;28/05/2014;Atividades profissionais, científicas e técnicas não especificadas anteriormente;ATIVIDADES PROFISSIONAIS, CIENTÍFICAS E TÉCNICAS;M;74;74.9;RJ
EED;13.259.186/0001-40;QUEIROZ GALVAO TECNOLOGIA EM DEFESA E SEGURANCA LTDA;16/02/2011;DEMAIS;206-2;26.31-1-00;1346;28/05/2014;Fabricação de equipamentos transmissores de comunicação;INDÚSTRIAS DE TRANSFORMAÇÃO;C;26;26.3;RJ
EED;13.259.186/0001-40;QUEIROZ GALVAO TECNOLOGIA EM DEFESA E SEGURANCA LTDA;16/02/2011;DEMAIS;206-2;26.51-5-00;1346;28/05/2014;Fabricação de aparelhos e equipamentos de medida, teste e controle;INDÚSTRIAS DE TRANSFORMAÇÃO;C;26;26.5;RJ
EED;13.259.186/0001-40;QUEIROZ GALVAO TECNOLOGIA EM DEFESA E SEGURANCA LTDA;16/02/2011;DEMAIS;206-2;46.52-4-00;1346;28/05/2014;Comércio atacadista de componentes eletrônicos e equipamentos de telefonia e comunicação;"COMÉRCIO; REPARAÇÃO DE VEÍCULOS AUTOMOTORES E MOTOCICLETAS";G;46;46.5;RJ
EED;13.259.186/0001-40;QUEIROZ GALVAO TECNOLOGIA EM DEFESA E SEGURANCA LTDA;16/02/2011;DEMAIS;206-2;64.62-0-00;1346;28/05/2014;Holdings de instituições não-financeiras;ATIVIDADES FINANCEIRAS, DE SEGUROS E SERVIÇOS RELACIONADOS;K;64;64.6;RJ
EED;13.259.186/0001-40;QUEIROZ GALVAO TECNOLOGIA EM DEFESA E SEGURANCA LTDA;16/02/2011;DEMAIS;206-2;72.10-0-00;1346;28/05/2014;Pesquisa e desenvolvimento experimental em ciências físicas e naturais;ATIVIDADES PROFISSIONAIS, CIENTÍFICAS E TÉCNICAS;M;72;72.1;RJ
ED;81.703.126/0001-24;QUIMILAUS INDUSTRIA E COMERCIO DE PROD.QUIMICOS LTDA;20/12/1989;DEMAIS;206-2;20.99-1-99;6132;18/12/2023;Fabricação de produtos químicos não especificados anteriormente;INDÚSTRIAS DE TRANSFORMAÇÃO;C;20;20.9;PR
ED;81.703.126/0001-24;QUIMILAUS INDUSTRIA E COMERCIO DE PROD.QUIMICOS LTDA;20/12/1989;DEMAIS;206-2;20.61-4-00;6132;18/12/2023;Fabricação de sabões e detergentes sintéticos;INDÚSTRIAS DE TRANSFORMAÇÃO;C;20;20.6;PR
ED;81.703.126/0001-24;QUIMILAUS INDUSTRIA E COMERCIO DE PROD.QUIMICOS LTDA;20/12/1989;DEMAIS;206-2;47.89-0-05;6132;18/12/2023;Comércio varejista de outros produtos novos não especificados anteriormente;"COMÉRCIO; REPARAÇÃO DE VEÍCULOS AUTOMOTORES E MOTOCICLETAS";G;47;47.8;PR
ED;81.703.126/0001-24;QUIMILAUS INDUSTRIA E COMERCIO DE PROD.QUIMICOS LTDA;20/12/1989;DEMAIS;206-2;71.20-1-00;6132;18/12/2023;Testes e análises técnicas;ATIVIDADES PROFISSIONAIS, CIENTÍFICAS E TÉCNICAS;M;71;71.2;PR
ED;81.703.126/0001-24;QUIMILAUS INDUSTRIA E COMERCIO DE PROD.QUIMICOS LTDA;20/12/1989;DEMAIS;206-2;81.21-4-00;6132;18/12/2023;Limpeza em prédios e em domicílios;ATIVIDADES ADMINISTRATIVAS E SERVIÇOS COMPLEMENTARES;N;81;81.2;PR
ED;81.703.126/0001-24;QUIMILAUS INDUSTRIA E COMERCIO DE PROD.QUIMICOS LTDA;20/12/1989;DEMAIS;206-2;81.29-0-00;6132;18/12/2023;Atividades de limpeza não especificadas anteriormente;ATIVIDADES ADMINISTRATIVAS E SERVIÇOS COMPLEMENTARES;N;81;81.2;PR
EED;82.446.394/0001-70;RADIANTE ENGENHARIA DE TELECOMUNICACOES LTDA;11/03/1991;DEMAIS;206-2;71.12-0-00;2823;05/07/2021;Serviços de engenharia;ATIVIDADES PROFISSIONAIS, CIENTÍFICAS E TÉCNICAS;M;71;71.1;PR
EED;82.446.394/0001-70;RADIANTE ENGENHARIA DE TELECOMUNICACOES LTDA;11/03/1991;DEMAIS;206-2;33.12-1-04;2823;05/07/2021;Manutenção e reparação de equipamentos eletrônicos e ópticos;INDÚSTRIAS DE TRANSFORMAÇÃO;C;33;33.1;PR
EED;82.446.394/0001-70;RADIANTE ENGENHARIA DE TELECOMUNICACOES LTDA;11/03/1991;DEMAIS;206-2;33.14-7-10;2823;05/07/2021;Manutenção e reparação de máquinas e equipamentos da indústria mecânica;INDÚSTRIAS DE TRANSFORMAÇÃO;C;33;33.1;PR
EED;82.446.394/0001-70;RADIANTE ENGENHARIA DE TELECOMUNICACOES LTDA;11/03/1991;DEMAIS;206-2;33.29-5-99;2823;05/07/2021;Instalação de equipamentos não especificados anteriormente;INDÚSTRIAS DE TRANSFORMAÇÃO;C;33;33.2;PR
EED;82.446.394/0001-70;RADIANTE ENGENHARIA DE TELECOMUNICACOES LTDA;11/03/1991;DEMAIS;206-2;38.11-4-00;2823;05/07/2021;Coleta de resíduos não-perigosos;ÁGUA, ESGOTO, ATIVIDADES DE GESTÃO DE RESÍDUOS E DESCONTAMINAÇÃO;E;38;38.1;PR
EED;82.446.394/0001-70;RADIANTE ENGENHARIA DE TELECOMUNICACOES LTDA;11/03/1991;DEMAIS;206-2;38.39-4-99;2823;05/07/2021;Recuperação de materiais não especificados anteriormente;ÁGUA, ESGOTO, ATIVIDADES DE GESTÃO DE RESÍDUOS E DESCONTAMINAÇÃO;E;38;38.3;PR
EED;82.446.394/0001-70;RADIANTE ENGENHARIA DE TELECOMUNICACOES LTDA;11/03/1991;DEMAIS;206-2;42.21-9-04;2823;05/07/2021;Obras para geração e distribuição de energia elétrica e para telecomunicações;CONSTRUÇÃO;F;42;42.2;PR
EED;82.446.394/0001-70;RADIANTE ENGENHARIA DE TELECOMUNICACOES LTDA;11/03/1991;DEMAIS;206-2;42.21-9-05;2823;05/07/2021;Obras para geração e distribuição de energia elétrica e para telecomunicações;CONSTRUÇÃO;F;42;42.2;PR
EED;82.446.394/0001-70;RADIANTE ENGENHARIA DE TELECOMUNICACOES LTDA;11/03/1991;DEMAIS;206-2;43.11-8-01;2823;05/07/2021;Demolição e preparação de canteiros de obras;CONSTRUÇÃO;F;43;43.1;PR
EED;82.446.394/0001-70;RADIANTE ENGENHARIA DE TELECOMUNICACOES LTDA;11/03/1991;DEMAIS;206-2;43.13-4-00;2823;05/07/2021;Obras de terraplenagem;CONSTRUÇÃO;F;43;43.1;PR
EED;82.446.394/0001-70;RADIANTE ENGENHARIA DE TELECOMUNICACOES LTDA;11/03/1991;DEMAIS;206-2;43.21-5-00;2823;05/07/2021;Instalações elétricas;CONSTRUÇÃO;F;43;43.2;PR
EED;82.446.394/0001-70;RADIANTE ENGENHARIA DE TELECOMUNICACOES LTDA;11/03/1991;DEMAIS;206-2;43.29-1-05;2823;05/07/2021;Obras de instalações em construções não especificadas anteriormente;CONSTRUÇÃO;F;43;43.2;PR
EED;82.446.394/0001-70;RADIANTE ENGENHARIA DE TELECOMUNICACOES LTDA;11/03/1991;DEMAIS;206-2;43.30-4-01;2823;05/07/2021;Obras de acabamento;CONSTRUÇÃO;F;43;43.3;PR
EED;82.446.394/0001-70;RADIANTE ENGENHARIA DE TELECOMUNICACOES LTDA;11/03/1991;DEMAIS;206-2;43.30-4-04;2823;05/07/2021;Obras de acabamento;CONSTRUÇÃO;F;43;43.3;PR
EED;82.446.394/0001-70;RADIANTE ENGENHARIA DE TELECOMUNICACOES LTDA;11/03/1991;DEMAIS;206-2;46.73-7-00;2823;05/07/2021;Comércio atacadista de material elétrico;"COMÉRCIO; REPARAÇÃO DE VEÍCULOS AUTOMOTORES E MOTOCICLETAS";G;46;46.7;PR
EED;82.446.394/0001-70;RADIANTE ENGENHARIA DE TELECOMUNICACOES LTDA;11/03/1991;DEMAIS;206-2;46.79-6-04;2823;05/07/2021;Comércio atacadista especializado de materiais de construção não especificados anteriormente e de materiais de construção em geral;"COMÉRCIO; REPARAÇÃO DE VEÍCULOS AUTOMOTORES E MOTOCICLETAS";G;46;46.7;PR
EED;82.446.394/0001-70;RADIANTE ENGENHARIA DE TELECOMUNICACOES LTDA;11/03/1991;DEMAIS;206-2;52.11-7-99;2823;05/07/2021;Armazenamento;TRANSPORTE, ARMAZENAGEM E CORREIO;H;52;52.1;PR
EED;82.446.394/0001-70;RADIANTE ENGENHARIA DE TELECOMUNICACOES LTDA;11/03/1991;DEMAIS;206-2;61.10-8-03;2823;05/07/2021;Telecomunicações por fio;INFORMAÇÃO E COMUNICAÇÃO;J;61;61.1;PR
EED;82.446.394/0001-70;RADIANTE ENGENHARIA DE TELECOMUNICACOES LTDA;11/03/1991;DEMAIS;206-2;61.90-6-01;2823;05/07/2021;Outras atividades de telecomunicações;INFORMAÇÃO E COMUNICAÇÃO;J;61;61.9;PR
EED;82.446.394/0001-70;RADIANTE ENGENHARIA DE TELECOMUNICACOES LTDA;11/03/1991;DEMAIS;206-2;61.90-6-99;2823;05/07/2021;Outras atividades de telecomunicações;INFORMAÇÃO E COMUNICAÇÃO;J;61;61.9;PR
EED;82.446.394/0001-70;RADIANTE ENGENHARIA DE TELECOMUNICACOES LTDA;11/03/1991;DEMAIS;206-2;70.20-4-00;2823;05/07/2021;Atividades de consultoria em gestão empresarial;ATIVIDADES PROFISSIONAIS, CIENTÍFICAS E TÉCNICAS;M;70;70.2;PR
EED;82.446.394/0001-70;RADIANTE ENGENHARIA DE TELECOMUNICACOES LTDA;11/03/1991;DEMAIS;206-2;71.19-7-03;2823;05/07/2021;Atividades técnicas relacionadas à arquitetura e engenharia;ATIVIDADES PROFISSIONAIS, CIENTÍFICAS E TÉCNICAS;M;71;71.1;PR
EED;82.446.394/0001-70;RADIANTE ENGENHARIA DE TELECOMUNICACOES LTDA;11/03/1991;DEMAIS;206-2;81.29-0-00;2823;05/07/2021;Atividades de limpeza não especificadas anteriormente;ATIVIDADES ADMINISTRATIVAS E SERVIÇOS COMPLEMENTARES;N;81;81.2;PR
EED;11.677.441/0001-49;RADIX ENGENHARIA E DESENVOLVIMENTO DE SOFTWARE SA ;02/03/2010;DEMAIS;205-4;62.01-5-01;1346;28/05/2014;Desenvolvimento de programas de computador sob encomenda;INFORMAÇÃO E COMUNICAÇÃO;J;62;62.0;RJ
EED;11.677.441/0001-49;RADIX ENGENHARIA E DESENVOLVIMENTO DE SOFTWARE SA ;02/03/2010;DEMAIS;205-4;46.51-6-02;1346;28/05/2014;Comércio atacadista de computadores, periféricos e suprimentos de informática;"COMÉRCIO; REPARAÇÃO DE VEÍCULOS AUTOMOTORES E MOTOCICLETAS";G;46;46.5;RJ
EED;11.677.441/0001-49;RADIX ENGENHARIA E DESENVOLVIMENTO DE SOFTWARE SA ;02/03/2010;DEMAIS;205-4;62.02-3-00;1346;28/05/2014;Desenvolvimento e licenciamento de programas de computador customizáveis;INFORMAÇÃO E COMUNICAÇÃO;J;62;62.0;RJ
EED;11.677.441/0001-49;RADIX ENGENHARIA E DESENVOLVIMENTO DE SOFTWARE SA ;02/03/2010;DEMAIS;205-4;62.04-0-00;1346;28/05/2014;Consultoria em tecnologia da informação;INFORMAÇÃO E COMUNICAÇÃO;J;62;62.0;RJ
EED;11.677.441/0001-49;RADIX ENGENHARIA E DESENVOLVIMENTO DE SOFTWARE SA ;02/03/2010;DEMAIS;205-4;71.11-1-00;1346;28/05/2014;Serviços de arquitetura;ATIVIDADES PROFISSIONAIS, CIENTÍFICAS E TÉCNICAS;M;71;71.1;RJ
EED;11.677.441/0001-49;RADIX ENGENHARIA E DESENVOLVIMENTO DE SOFTWARE SA ;02/03/2010;DEMAIS;205-4;71.12-0-00;1346;28/05/2014;Serviços de engenharia;ATIVIDADES PROFISSIONAIS, CIENTÍFICAS E TÉCNICAS;M;71;71.1;RJ
EED;11.677.441/0001-49;RADIX ENGENHARIA E DESENVOLVIMENTO DE SOFTWARE SA ;02/03/2010;DEMAIS;205-4;72.10-0-00;1346;28/05/2014;Pesquisa e desenvolvimento experimental em ciências físicas e naturais;ATIVIDADES PROFISSIONAIS, CIENTÍFICAS E TÉCNICAS;M;72;72.1;RJ
EED;11.677.441/0001-49;RADIX ENGENHARIA E DESENVOLVIMENTO DE SOFTWARE SA ;02/03/2010;DEMAIS;205-4;74.90-1-04;1346;28/05/2014;Atividades profissionais, científicas e técnicas não especificadas anteriormente;ATIVIDADES PROFISSIONAIS, CIENTÍFICAS E TÉCNICAS;M;74;74.9;RJ
EED;11.677.441/0001-49;RADIX ENGENHARIA E DESENVOLVIMENTO DE SOFTWARE SA ;02/03/2010;DEMAIS;205-4;85.99-6-04;1346;28/05/2014;Atividades de ensino não especificadas anteriormente;EDUCAÇÃO;P;85;85.9;RJ
EED;09.211.871/0001-29;RAFAEL INDUSTRIA E CONFECCOES  LTDA;16/11/1977;DEMAIS;206-2;14.12-6-01 ;4791;12/09/2022;Confecção de peças do vestuário, exceto roupas íntimas;INDÚSTRIAS DE TRANSFORMAÇÃO;C;14;14.1;PB
EED;09.211.871/0001-29;RAFAEL INDUSTRIA E CONFECCOES  LTDA;16/11/1977;DEMAIS;206-2;14.12-6-03;4791;12/09/2022;Confecção de peças do vestuário, exceto roupas íntimas;INDÚSTRIAS DE TRANSFORMAÇÃO;C;14;14.1;PB
EED;09.211.871/0001-29;RAFAEL INDUSTRIA E CONFECCOES  LTDA;16/11/1977;DEMAIS;206-2;14.13-4-03;4791;12/09/2022;Confecção de roupas profissionais;INDÚSTRIAS DE TRANSFORMAÇÃO;C;14;14.1;PB
EED;09.211.871/0001-29;RAFAEL INDUSTRIA E CONFECCOES  LTDA;16/11/1977;DEMAIS;206-2;32.99-0-99;4791;12/09/2022;Fabricação de produtos diversos não especificados anteriormente;INDÚSTRIAS DE TRANSFORMAÇÃO;C;32;32.9;PB
EED;09.211.871/0001-29;RAFAEL INDUSTRIA E CONFECCOES  LTDA;16/11/1977;DEMAIS;206-2;46.43-5-01 ;4791;12/09/2022;Comércio atacadista de calçados e artigos de viagem;"COMÉRCIO; REPARAÇÃO DE VEÍCULOS AUTOMOTORES E MOTOCICLETAS";G;46;46.4;PB
EED;09.211.871/0001-29;RAFAEL INDUSTRIA E CONFECCOES  LTDA;16/11/1977;DEMAIS;206-2;46.49-4-02;4791;12/09/2022;Comércio atacadista de equipamentos e artigos de uso pessoal e doméstico não especificados anteriormente;"COMÉRCIO; REPARAÇÃO DE VEÍCULOS AUTOMOTORES E MOTOCICLETAS";G;46;46.4;PB
EED;09.211.871/0001-29;RAFAEL INDUSTRIA E CONFECCOES  LTDA;16/11/1977;DEMAIS;206-2;46.63-0-00;4791;12/09/2022;"Comércio atacadista de máquinas e equipamentos para uso industrial; partes e peças";"COMÉRCIO; REPARAÇÃO DE VEÍCULOS AUTOMOTORES E MOTOCICLETAS";G;46;46.6;PB
EED;09.211.871/0001-29;RAFAEL INDUSTRIA E CONFECCOES  LTDA;16/11/1977;DEMAIS;206-2;46.41-9-01;4791;12/09/2022;Comércio atacadista de tecidos, artefatos de tecidos e de armarinho;"COMÉRCIO; REPARAÇÃO DE VEÍCULOS AUTOMOTORES E MOTOCICLETAS";G;46;46.4;PB
EED;09.211.871/0001-29;RAFAEL INDUSTRIA E CONFECCOES  LTDA;16/11/1977;DEMAIS;206-2;46.41-9-03 ;4791;12/09/2022;Comércio atacadista de tecidos, artefatos de tecidos e de armarinho;"COMÉRCIO; REPARAÇÃO DE VEÍCULOS AUTOMOTORES E MOTOCICLETAS";G;46;46.4;PB
EED;09.211.871/0001-29;RAFAEL INDUSTRIA E CONFECCOES  LTDA;16/11/1977;DEMAIS;206-2;49.30-2-02 ;4791;12/09/2022;Transporte rodoviário de carga;TRANSPORTE, ARMAZENAGEM E CORREIO;H;49;49.3;PB
EED;0.259.055/0001-10;RF COM SISTEMAS LTDA;20/10/1994;DEMAIS;206-2;26.31-1-00;1346;28/05/2014;Fabricação de equipamentos transmissores de comunicação;INDÚSTRIAS DE TRANSFORMAÇÃO;C;26;26.3;SP
EED;0.259.055/0001-10;RF COM SISTEMAS LTDA;20/10/1994;DEMAIS;206-2;33.17-1-01;1346;28/05/2014;Manutenção e reparação de embarcações;INDÚSTRIAS DE TRANSFORMAÇÃO;C;33;33.1;SP
EED;0.259.055/0001-10;RF COM SISTEMAS LTDA;20/10/1994;DEMAIS;206-2;28.69-1-00;1346;28/05/2014;Fabricação de máquinas e equipamentos para uso industrial específico não especificados anteriormente;INDÚSTRIAS DE TRANSFORMAÇÃO;C;28;28.6;SP
EED;0.259.055/0001-10;RF COM SISTEMAS LTDA;20/10/1994;DEMAIS;206-2;93.29-8-99;1346;28/05/2014;Atividades de recreação e lazer não especificadas anteriormente;ARTES, CULTURA, ESPORTE E RECREAÇÃO;R;93;93.2;SP
EED;0.259.055/0001-10;RF COM SISTEMAS LTDA;20/10/1994;DEMAIS;206-2;77.21-7-00;1346;28/05/2014;Aluguel de equipamentos recreativos e esportivos;ATIVIDADES ADMINISTRATIVAS E SERVIÇOS COMPLEMENTARES;N;77;77.2;SP
EED;0.259.055/0001-10;RF COM SISTEMAS LTDA;20/10/1994;DEMAIS;206-2;47.63-6-05;1346;28/05/2014;Comércio varejista de artigos recreativos e esportivos;"COMÉRCIO; REPARAÇÃO DE VEÍCULOS AUTOMOTORES E MOTOCICLETAS";G;47;47.6;SP
EED;0.259.055/0001-10;RF COM SISTEMAS LTDA;20/10/1994;DEMAIS;206-2;46.69-9-99;1346;28/05/2014;"Comércio atacadista de máquinas, aparelhos e equipamentos não especificados anteriormente; partes e peças";"COMÉRCIO; REPARAÇÃO DE VEÍCULOS AUTOMOTORES E MOTOCICLETAS";G;46;46.6;SP
EED;0.259.055/0001-10;RF COM SISTEMAS LTDA;20/10/1994;DEMAIS;206-2;30.11-3-02;1346;28/05/2014;Construção de embarcações e estruturas flutuantes;INDÚSTRIAS DE TRANSFORMAÇÃO;C;30;30.1;SP
EED;0.259.055/0001-10;RF COM SISTEMAS LTDA;20/10/1994;DEMAIS;206-2;23.19-2-00;1346;28/05/2014;Fabricação de artigos de vidro;INDÚSTRIAS DE TRANSFORMAÇÃO;C;23;23.1;SP
EED;0.259.055/0001-10;RF COM SISTEMAS LTDA;20/10/1994;DEMAIS;206-2;30.12-1-00;1346;28/05/2014;Construção de embarcações para esporte e lazer;INDÚSTRIAS DE TRANSFORMAÇÃO;C;30;30.1;SP
EED;0.259.055/0001-10;RF COM SISTEMAS LTDA;20/10/1994;DEMAIS;206-2;77.39-0-99;1346;28/05/2014;Aluguel de máquinas e equipamentos não especificados anteriormente;ATIVIDADES ADMINISTRATIVAS E SERVIÇOS COMPLEMENTARES;N;77;77.3;SP
EED;0.259.055/0001-10;RF COM SISTEMAS LTDA;20/10/1994;DEMAIS;206-2;85.99-6-04;1346;28/05/2014;Atividades de ensino não especificadas anteriormente;EDUCAÇÃO;P;85;85.9;SP
EED;0.259.055/0001-10;RF COM SISTEMAS LTDA;20/10/1994;DEMAIS;206-2;45.20-0-07;1346;28/05/2014;Manutenção e reparação de veículos automotores;"COMÉRCIO; REPARAÇÃO DE VEÍCULOS AUTOMOTORES E MOTOCICLETAS";G;45;45.2;SP
EED;0.259.055/0001-10;RF COM SISTEMAS LTDA;20/10/1994;DEMAIS;206-2;45.20-0-03;1346;28/05/2014;Manutenção e reparação de veículos automotores;"COMÉRCIO; REPARAÇÃO DE VEÍCULOS AUTOMOTORES E MOTOCICLETAS";G;45;45.2;SP
EED;0.259.055/0001-10;RF COM SISTEMAS LTDA;20/10/1994;DEMAIS;206-2;45.20-0-02;1346;28/05/2014;Manutenção e reparação de veículos automotores;"COMÉRCIO; REPARAÇÃO DE VEÍCULOS AUTOMOTORES E MOTOCICLETAS";G;45;45.2;SP
EED;0.259.055/0001-10;RF COM SISTEMAS LTDA;20/10/1994;DEMAIS;206-2;45.20-0-01;1346;28/05/2014;Manutenção e reparação de veículos automotores;"COMÉRCIO; REPARAÇÃO DE VEÍCULOS AUTOMOTORES E MOTOCICLETAS";G;45;45.2;SP
EED;0.259.055/0001-10;RF COM SISTEMAS LTDA;20/10/1994;DEMAIS;206-2;26.51-5-00;1346;28/05/2014;Fabricação de aparelhos e equipamentos de medida, teste e controle;INDÚSTRIAS DE TRANSFORMAÇÃO;C;26;26.5;SP
EED;0.259.055/0001-10;RF COM SISTEMAS LTDA;20/10/1994;DEMAIS;206-2;47.52-1-00;1346;28/05/2014;Comércio varejista especializado de equipamentos de telefonia e comunicação;"COMÉRCIO; REPARAÇÃO DE VEÍCULOS AUTOMOTORES E MOTOCICLETAS";G;47;47.5;SP
EED;0.259.055/0001-10;RF COM SISTEMAS LTDA;20/10/1994;DEMAIS;206-2;29.30-1-03;1346;28/05/2014;Fabricação de cabines, carrocerias e reboques para veículos automotores;INDÚSTRIAS DE TRANSFORMAÇÃO;C;29;29.3;SP
EED;0.259.055/0001-10;RF COM SISTEMAS LTDA;20/10/1994;DEMAIS;206-2;29.30-1-01;1346;28/05/2014;Fabricação de cabines, carrocerias e reboques para veículos automotores;INDÚSTRIAS DE TRANSFORMAÇÃO;C;29;29.3;SP
EED;0.259.055/0001-10;RF COM SISTEMAS LTDA;20/10/1994;DEMAIS;206-2;33.29-5-99;1346;28/05/2014;Instalação de equipamentos não especificados anteriormente;INDÚSTRIAS DE TRANSFORMAÇÃO;C;33;33.2;SP
EED;0.259.055/0001-10;RF COM SISTEMAS LTDA;20/10/1994;DEMAIS;206-2;71.12-0-00;1346;28/05/2014;Serviços de engenharia;ATIVIDADES PROFISSIONAIS, CIENTÍFICAS E TÉCNICAS;M;71;71.1;SP
EED;0.259.055/0001-10;RF COM SISTEMAS LTDA;20/10/1994;DEMAIS;206-2;33.21-0-00;1346;28/05/2014;Instalação de máquinas e equipamentos industriais;INDÚSTRIAS DE TRANSFORMAÇÃO;C;33;33.2;SP
EED;0.259.055/0001-10;RF COM SISTEMAS LTDA;20/10/1994;DEMAIS;206-2;22.29-3-99;1346;28/05/2014;Fabricação de artefatos de material plástico não especificados anteriormente;INDÚSTRIAS DE TRANSFORMAÇÃO;C;22;22.2;SP
EED;18.279.158/0001-08;RIMA INDUSTRIAL SA;08/01/1975;DEMAIS;205-4;24.12-1-00;4075;04/12/2020;Produção de ferroligas;INDÚSTRIAS DE TRANSFORMAÇÃO;C;24;24.1;MG
EED;18.279.158/0001-08;RIMA INDUSTRIAL SA;08/01/1975;DEMAIS;205-4;49.30-2-02;4075;04/12/2020;Transporte rodoviário de carga;TRANSPORTE, ARMAZENAGEM E CORREIO;H;49;49.3;MG
EED;18.279.158/0001-08;RIMA INDUSTRIAL SA;08/01/1975;DEMAIS;205-4;64.63-8-00;4075;04/12/2020;Outras sociedades de participação, exceto holdings;ATIVIDADES FINANCEIRAS, DE SEGUROS E SERVIÇOS RELACIONADOS;K;64;64.6;MG
EED;18.279.158/0001-08;RIMA INDUSTRIAL SA;08/01/1975;DEMAIS;205-4;02.10-1-08;4075;04/12/2020;Produção florestal - florestas plantadas;PRODUÇÃO FLORESTAL;A;2;02.1;MG
EED;18.279.158/0001-08;RIMA INDUSTRIAL SA;08/01/1975;DEMAIS;205-4;28.61-5-00;4075;04/12/2020;Fabricação de máquinas para a indústria metalúrgica, exceto máquinas-ferramenta;INDÚSTRIAS DE TRANSFORMAÇÃO;C;28;28.6;MG
EED;18.279.158/0001-08;RIMA INDUSTRIAL SA;08/01/1975;DEMAIS;205-4;28.69-1-00;4075;04/12/2020;Fabricação de máquinas e equipamentos para uso industrial específico não especificados anteriormente;INDÚSTRIAS DE TRANSFORMAÇÃO;C;28;28.6;MG
EED;18.279.158/0001-08;RIMA INDUSTRIAL SA;08/01/1975;DEMAIS;205-4;33.14-7-99;4075;04/12/2020;Manutenção e reparação de máquinas e equipamentos da indústria mecânica;INDÚSTRIAS DE TRANSFORMAÇÃO;C;33;33.1;MG
EED;18.279.158/0001-08;RIMA INDUSTRIAL SA;08/01/1975;DEMAIS;205-4;08.10-0-04;4075;04/12/2020;Extração de pedra, areia e argila;INDÚSTRIAS EXTRATIVAS;B;8;08.1;MG
EED;18.279.158/0001-08;RIMA INDUSTRIAL SA;08/01/1975;DEMAIS;205-4;69.20-6-02;4075;04/12/2020;Atividades de contabilidade, consultoria e auditoria contábil e tributária;ATIVIDADES PROFISSIONAIS, CIENTÍFICAS E TÉCNICAS;M;69;69.2;MG
EED;18.279.158/0001-08;RIMA INDUSTRIAL SA;08/01/1975;DEMAIS;205-4;24.49-1-99;4075;04/12/2020;Metalurgia dos metais não-ferrosos e suas ligas não especificados anteriormente;INDÚSTRIAS DE TRANSFORMAÇÃO;C;24;24.4;MG
EED;18.279.158/0001-08;RIMA INDUSTRIAL SA;08/01/1975;DEMAIS;205-4;01.62-8-99;4075;04/12/2020;Atividades de apoio à pecuária;AGRICULTURA, PECUÁRIA E SERVIÇOS RELACIONADOS;A;1;01.6;MG
EED;18.279.158/0001-08;RIMA INDUSTRIAL SA;08/01/1975;DEMAIS;205-4;02.30-6-00;4075;04/12/2020;Atividades de apoio à produção florestal;PRODUÇÃO FLORESTAL;A;2;02.3;MG
EED;18.279.158/0001-08;RIMA INDUSTRIAL SA;08/01/1975;DEMAIS;205-4;43.99-1-03;4075;04/12/2020;Serviços especializados para construção não especificados anteriormente;CONSTRUÇÃO;F;43;43.9;MG
EED;11.602.099/0001-18;RK INDUSTRIA E COMERCIO LTDA;14/12/2009;DEMAIS;206-2;26.51-5-00;3947;24/09/2019;Fabricação de aparelhos e equipamentos de medida, teste e controle;INDÚSTRIAS DE TRANSFORMAÇÃO;C;26;26.5;SP
EED;11.602.099/0001-18;RK INDUSTRIA E COMERCIO LTDA;14/12/2009;DEMAIS;206-2;27.40-6-02;3947;24/09/2019;Fabricação de lâmpadas e outros equipamentos de iluminação;INDÚSTRIAS DE TRANSFORMAÇÃO;C;27;27.4;SP
EED;11.602.099/0001-18;RK INDUSTRIA E COMERCIO LTDA;14/12/2009;DEMAIS;206-2;28.52-6-00;3947;24/09/2019;Fabricação de outras máquinas e equipamentos para uso na extração mineral, exceto na extração de petróleo;INDÚSTRIAS DE TRANSFORMAÇÃO;C;28;28.5;SP
EED;11.602.099/0001-18;RK INDUSTRIA E COMERCIO LTDA;14/12/2009;DEMAIS;206-2;30.12-1-00;3947;24/09/2019;Construção de embarcações para esporte e lazer;INDÚSTRIAS DE TRANSFORMAÇÃO;C;30;30.1;SP
EED;11.602.099/0001-18;RK INDUSTRIA E COMERCIO LTDA;14/12/2009;DEMAIS;206-2;30.31-8-00;3947;24/09/2019;Fabricação de locomotivas, vagões e outros materiais rodantes;INDÚSTRIAS DE TRANSFORMAÇÃO;C;30;30.3;SP
EED;11.602.099/0001-18;RK INDUSTRIA E COMERCIO LTDA;14/12/2009;DEMAIS;206-2;30.32-6-00;3947;24/09/2019;Fabricação de peças e acessórios para veículos ferroviários;INDÚSTRIAS DE TRANSFORMAÇÃO;C;30;30.3;SP
EED;11.602.099/0001-18;RK INDUSTRIA E COMERCIO LTDA;14/12/2009;DEMAIS;206-2;30.41-5-00;3947;24/09/2019;Fabricação de aeronaves;INDÚSTRIAS DE TRANSFORMAÇÃO;C;30;30.4;SP
EED;11.602.099/0001-18;RK INDUSTRIA E COMERCIO LTDA;14/12/2009;DEMAIS;206-2;30.42-3-00;3947;24/09/2019;Fabricação de turbinas, motores e outros componentes e peças para aeronaves;INDÚSTRIAS DE TRANSFORMAÇÃO;C;30;30.4;SP
EED;11.602.099/0001-18;RK INDUSTRIA E COMERCIO LTDA;14/12/2009;DEMAIS;206-2;32.99-0-99;3947;24/09/2019;Fabricação de produtos diversos não especificados anteriormente;INDÚSTRIAS DE TRANSFORMAÇÃO;C;32;32.9;SP
EED;11.602.099/0001-18;RK INDUSTRIA E COMERCIO LTDA;14/12/2009;DEMAIS;206-2;33.12-1-02;3947;24/09/2019;Manutenção e reparação de equipamentos eletrônicos e ópticos;INDÚSTRIAS DE TRANSFORMAÇÃO;C;33;33.1;SP
EED;11.602.099/0001-18;RK INDUSTRIA E COMERCIO LTDA;14/12/2009;DEMAIS;206-2;33.14-7-11;3947;24/09/2019;Manutenção e reparação de máquinas e equipamentos da indústria mecânica;INDÚSTRIAS DE TRANSFORMAÇÃO;C;33;33.1;SP
EED;11.602.099/0001-18;RK INDUSTRIA E COMERCIO LTDA;14/12/2009;DEMAIS;206-2;33.16-3-01;3947;24/09/2019;Manutenção e reparação de aeronaves;INDÚSTRIAS DE TRANSFORMAÇÃO;C;33;33.1;SP
EED;11.602.099/0001-18;RK INDUSTRIA E COMERCIO LTDA;14/12/2009;DEMAIS;206-2;33.19-8-00;3947;24/09/2019;Manutenção e reparação de equipamentos e produtos não especificados anteriormente;INDÚSTRIAS DE TRANSFORMAÇÃO;C;33;33.1;SP
EED;11.602.099/0001-18;RK INDUSTRIA E COMERCIO LTDA;14/12/2009;DEMAIS;206-2;33.29-5-99;3947;24/09/2019;Instalação de equipamentos não especificados anteriormente;INDÚSTRIAS DE TRANSFORMAÇÃO;C;33;33.2;SP
EED;11.602.099/0001-18;RK INDUSTRIA E COMERCIO LTDA;14/12/2009;DEMAIS;206-2;45.20-0-03;3947;24/09/2019;Manutenção e reparação de veículos automotores;"COMÉRCIO; REPARAÇÃO DE VEÍCULOS AUTOMOTORES E MOTOCICLETAS";G;45;45.2;SP
EED;11.602.099/0001-18;RK INDUSTRIA E COMERCIO LTDA;14/12/2009;DEMAIS;206-2;45.30-7-03;3947;24/09/2019;Comércio de peças e acessórios para veículos automotores;"COMÉRCIO; REPARAÇÃO DE VEÍCULOS AUTOMOTORES E MOTOCICLETAS";G;45;45.3;SP
EED;11.602.099/0001-18;RK INDUSTRIA E COMERCIO LTDA;14/12/2009;DEMAIS;206-2;46.14-1-00;3947;24/09/2019;Representantes comerciais e agentes do comércio de máquinas, equipamentos, embarcações e aeronaves;"COMÉRCIO; REPARAÇÃO DE VEÍCULOS AUTOMOTORES E MOTOCICLETAS";G;46;46.1;SP
EED;11.602.099/0001-18;RK INDUSTRIA E COMERCIO LTDA;14/12/2009;DEMAIS;206-2;46.19-2-00;3947;24/09/2019;Representantes comerciais e agentes do comércio de mercadorias em geral não especializado;"COMÉRCIO; REPARAÇÃO DE VEÍCULOS AUTOMOTORES E MOTOCICLETAS";G;46;46.1;SP
EED;11.602.099/0001-18;RK INDUSTRIA E COMERCIO LTDA;14/12/2009;DEMAIS;206-2;46.51-6-01;3947;24/09/2019;Comércio atacadista de computadores, periféricos e suprimentos de informática;"COMÉRCIO; REPARAÇÃO DE VEÍCULOS AUTOMOTORES E MOTOCICLETAS";G;46;46.5;SP
EED;11.602.099/0001-18;RK INDUSTRIA E COMERCIO LTDA;14/12/2009;DEMAIS;206-2;46.61-3-00;3947;24/09/2019;"Comércio atacadista de máquinas, aparelhos e equipamentos para uso agropecuário; partes e peças";"COMÉRCIO; REPARAÇÃO DE VEÍCULOS AUTOMOTORES E MOTOCICLETAS";G;46;46.6;SP
EED;11.602.099/0001-18;RK INDUSTRIA E COMERCIO LTDA;14/12/2009;DEMAIS;206-2;46.69-9-99;3947;24/09/2019;"Comércio atacadista de máquinas, aparelhos e equipamentos não especificados anteriormente; partes e peças";"COMÉRCIO; REPARAÇÃO DE VEÍCULOS AUTOMOTORES E MOTOCICLETAS";G;46;46.6;SP
EED;11.602.099/0001-18;RK INDUSTRIA E COMERCIO LTDA;14/12/2009;DEMAIS;206-2;47.51-2-01;3947;24/09/2019;Comércio varejista especializado de equipamentos e suprimentos de informática;"COMÉRCIO; REPARAÇÃO DE VEÍCULOS AUTOMOTORES E MOTOCICLETAS";G;47;47.5;SP
EED;11.602.099/0001-18;RK INDUSTRIA E COMERCIO LTDA;14/12/2009;DEMAIS;206-2;47.57-1-00;3947;24/09/2019;Comércio varejista especializado de peças e acessórios para aparelhos eletroeletrônicos para uso doméstico, exceto informática e comunicação;"COMÉRCIO; REPARAÇÃO DE VEÍCULOS AUTOMOTORES E MOTOCICLETAS";G;47;47.5;SP
EED;11.602.099/0001-18;RK INDUSTRIA E COMERCIO LTDA;14/12/2009;DEMAIS;206-2;47.59-8-99;3947;24/09/2019;Comércio varejista de artigos de uso doméstico não especificados anteriormente;"COMÉRCIO; REPARAÇÃO DE VEÍCULOS AUTOMOTORES E MOTOCICLETAS";G;47;47.5;SP
EED;11.602.099/0001-18;RK INDUSTRIA E COMERCIO LTDA;14/12/2009;DEMAIS;206-2;47.89-0-99 ;3947;24/09/2019;Comércio varejista de outros produtos novos não especificados anteriormente;"COMÉRCIO; REPARAÇÃO DE VEÍCULOS AUTOMOTORES E MOTOCICLETAS";G;47;47.8;SP
EED;11.602.099/0001-18;RK INDUSTRIA E COMERCIO LTDA;14/12/2009;DEMAIS;206-2;50.30-1-01 ;3947;24/09/2019;Navegação de apoio;TRANSPORTE, ARMAZENAGEM E CORREIO;H;50;50.3;SP
EED;11.602.099/0001-18;RK INDUSTRIA E COMERCIO LTDA;14/12/2009;DEMAIS;206-2;58.11-5-00;3947;24/09/2019;Edição de livros;INFORMAÇÃO E COMUNICAÇÃO;J;58;58.1;SP
EED;11.602.099/0001-18;RK INDUSTRIA E COMERCIO LTDA;14/12/2009;DEMAIS;206-2;58.19-1-00;3947;24/09/2019;Edição de cadastros, listas e outros produtos gráficos;INFORMAÇÃO E COMUNICAÇÃO;J;58;58.1;SP
EED;11.602.099/0001-18;RK INDUSTRIA E COMERCIO LTDA;14/12/2009;DEMAIS;206-2;61.90-6-99;3947;24/09/2019;Outras atividades de telecomunicações;INFORMAÇÃO E COMUNICAÇÃO;J;61;61.9;SP
EED;11.602.099/0001-18;RK INDUSTRIA E COMERCIO LTDA;14/12/2009;DEMAIS;206-2;62.01-5-01;3947;24/09/2019;Desenvolvimento de programas de computador sob encomenda;INFORMAÇÃO E COMUNICAÇÃO;J;62;62.0;SP
EED;11.602.099/0001-18;RK INDUSTRIA E COMERCIO LTDA;14/12/2009;DEMAIS;206-2;62.02-3-00;3947;24/09/2019;Desenvolvimento e licenciamento de programas de computador customizáveis;INFORMAÇÃO E COMUNICAÇÃO;J;62;62.0;SP
EED;11.602.099/0001-18;RK INDUSTRIA E COMERCIO LTDA;14/12/2009;DEMAIS;206-2;62.03-1-00;3947;24/09/2019;Desenvolvimento e licenciamento de programas de computador não-customizáveis;INFORMAÇÃO E COMUNICAÇÃO;J;62;62.0;SP
EED;11.602.099/0001-18;RK INDUSTRIA E COMERCIO LTDA;14/12/2009;DEMAIS;206-2;62.04-0-00;3947;24/09/2019;Consultoria em tecnologia da informação;INFORMAÇÃO E COMUNICAÇÃO;J;62;62.0;SP
EED;11.602.099/0001-18;RK INDUSTRIA E COMERCIO LTDA;14/12/2009;DEMAIS;206-2;62.09-1-00;3947;24/09/2019;Suporte técnico, manutenção e outros serviços em tecnologia da informação;INFORMAÇÃO E COMUNICAÇÃO;J;62;62.0;SP
EED;11.602.099/0001-18;RK INDUSTRIA E COMERCIO LTDA;14/12/2009;DEMAIS;206-2;63.11-9-00;3947;24/09/2019;Tratamento de dados, provedores de serviços de aplicação e serviços de hospedagem na internet;INFORMAÇÃO E COMUNICAÇÃO;J;63;63.1;SP
EED;11.602.099/0001-18;RK INDUSTRIA E COMERCIO LTDA;14/12/2009;DEMAIS;206-2;71.12-0-00;3947;24/09/2019;Serviços de engenharia;ATIVIDADES PROFISSIONAIS, CIENTÍFICAS E TÉCNICAS;M;71;71.1;SP
EED;11.602.099/0001-18;RK INDUSTRIA E COMERCIO LTDA;14/12/2009;DEMAIS;206-2;71.19-7-01;3947;24/09/2019;Atividades técnicas relacionadas à arquitetura e engenharia;ATIVIDADES PROFISSIONAIS, CIENTÍFICAS E TÉCNICAS;M;71;71.1;SP
EED;11.602.099/0001-18;RK INDUSTRIA E COMERCIO LTDA;14/12/2009;DEMAIS;206-2;71.19-7-99;3947;24/09/2019;Atividades técnicas relacionadas à arquitetura e engenharia;ATIVIDADES PROFISSIONAIS, CIENTÍFICAS E TÉCNICAS;M;71;71.1;SP
EED;11.602.099/0001-18;RK INDUSTRIA E COMERCIO LTDA;14/12/2009;DEMAIS;206-2;74.20-0-01;3947;24/09/2019;Atividades fotográficas e similares;ATIVIDADES PROFISSIONAIS, CIENTÍFICAS E TÉCNICAS;M;74;74.2;SP
EED;11.602.099/0001-18;RK INDUSTRIA E COMERCIO LTDA;14/12/2009;DEMAIS;206-2;74.20-0-02;3947;24/09/2019;Atividades fotográficas e similares;ATIVIDADES PROFISSIONAIS, CIENTÍFICAS E TÉCNICAS;M;74;74.2;SP
EED;11.602.099/0001-18;RK INDUSTRIA E COMERCIO LTDA;14/12/2009;DEMAIS;206-2;74.90-1-04;3947;24/09/2019;Atividades profissionais, científicas e técnicas não especificadas anteriormente;ATIVIDADES PROFISSIONAIS, CIENTÍFICAS E TÉCNICAS;M;74;74.9;SP
EED;11.602.099/0001-18;RK INDUSTRIA E COMERCIO LTDA;14/12/2009;DEMAIS;206-2;74.90-1-99 ;3947;24/09/2019;Atividades profissionais, científicas e técnicas não especificadas anteriormente;ATIVIDADES PROFISSIONAIS, CIENTÍFICAS E TÉCNICAS;M;74;74.9;SP
EED;11.602.099/0001-18;RK INDUSTRIA E COMERCIO LTDA;14/12/2009;DEMAIS;206-2;77.19-5-02;3947;24/09/2019;Locação de meios de transporte, exceto automóveis, sem condutor;ATIVIDADES ADMINISTRATIVAS E SERVIÇOS COMPLEMENTARES;N;77;77.1;SP
EED;11.602.099/0001-18;RK INDUSTRIA E COMERCIO LTDA;14/12/2009;DEMAIS;206-2;77.31-4-00;3947;24/09/2019;Aluguel de máquinas e equipamentos agrícolas sem operador;ATIVIDADES ADMINISTRATIVAS E SERVIÇOS COMPLEMENTARES;N;77;77.3;SP
EED;11.602.099/0001-18;RK INDUSTRIA E COMERCIO LTDA;14/12/2009;DEMAIS;206-2;77.39-0-99;3947;24/09/2019;Aluguel de máquinas e equipamentos não especificados anteriormente;ATIVIDADES ADMINISTRATIVAS E SERVIÇOS COMPLEMENTARES;N;77;77.3;SP
EED;11.602.099/0001-18;RK INDUSTRIA E COMERCIO LTDA;14/12/2009;DEMAIS;206-2;80.20-0-01;3947;24/09/2019;Atividades de monitoramento de sistemas de segurança;ATIVIDADES ADMINISTRATIVAS E SERVIÇOS COMPLEMENTARES;N;80;80.2;SP
EED;11.602.099/0001-18;RK INDUSTRIA E COMERCIO LTDA;14/12/2009;DEMAIS;206-2;85.99-6-04;3947;24/09/2019;Atividades de ensino não especificadas anteriormente;EDUCAÇÃO;P;85;85.9;SP
EED;11.602.099/0001-18;RK INDUSTRIA E COMERCIO LTDA;14/12/2009;DEMAIS;206-2;95.12-6-00;3947;24/09/2019;Reparação e manutenção de equipamentos de comunicação;OUTRAS ATIVIDADES DE SERVIÇOS;S;95;95.1;SP
ED;48.600.191/0001-59;ROLLS-ROYCE SOLUTIONS BRASIL LTDA;01/06/1977;DEMAIS;206-2;28.11-9-00;537;01/06/2016;Fabricação de motores e turbinas, exceto para aviões e veículos rodoviários;INDÚSTRIAS DE TRANSFORMAÇÃO;C;28;28.1;SP
ED;48.600.191/0001-59;ROLLS-ROYCE SOLUTIONS BRASIL LTDA;01/06/1977;DEMAIS;206-2;27.10-4-01;537;01/06/2016;Fabricação de geradores, transformadores e motores elétricos;INDÚSTRIAS DE TRANSFORMAÇÃO;C;27;27.1;SP
ED;48.600.191/0001-59;ROLLS-ROYCE SOLUTIONS BRASIL LTDA;01/06/1977;DEMAIS;206-2;27.31-7-00;537;01/06/2016;Fabricação de aparelhos e equipamentos para distribuição e controle de energia elétrica;INDÚSTRIAS DE TRANSFORMAÇÃO;C;27;27.3;SP
ED;48.600.191/0001-59;ROLLS-ROYCE SOLUTIONS BRASIL LTDA;01/06/1977;DEMAIS;206-2;33.13-9-01;537;01/06/2016;Manutenção e reparação de máquinas e equipamentos elétricos;INDÚSTRIAS DE TRANSFORMAÇÃO;C;33;33.1;SP
ED;48.600.191/0001-59;ROLLS-ROYCE SOLUTIONS BRASIL LTDA;01/06/1977;DEMAIS;206-2;33.14-7-01;537;01/06/2016;Manutenção e reparação de máquinas e equipamentos da indústria mecânica;INDÚSTRIAS DE TRANSFORMAÇÃO;C;33;33.1;SP
ED;48.600.191/0001-59;ROLLS-ROYCE SOLUTIONS BRASIL LTDA;01/06/1977;DEMAIS;206-2;33.21-0-00;537;01/06/2016;Instalação de máquinas e equipamentos industriais;INDÚSTRIAS DE TRANSFORMAÇÃO;C;33;33.2;SP
ED;48.600.191/0001-59;ROLLS-ROYCE SOLUTIONS BRASIL LTDA;01/06/1977;DEMAIS;206-2;46.62-1-00;537;01/06/2016;"Comércio atacadista de máquinas, equipamentos para terraplenagem, mineração e construção; partes e peças";"COMÉRCIO; REPARAÇÃO DE VEÍCULOS AUTOMOTORES E MOTOCICLETAS";G;46;46.6;SP
ED;48.600.191/0001-59;ROLLS-ROYCE SOLUTIONS BRASIL LTDA;01/06/1977;DEMAIS;206-2;46.69-9-99;537;01/06/2016;"Comércio atacadista de máquinas, aparelhos e equipamentos não especificados anteriormente; partes e peças";"COMÉRCIO; REPARAÇÃO DE VEÍCULOS AUTOMOTORES E MOTOCICLETAS";G;46;46.6;SP
ED;48.600.191/0001-59;ROLLS-ROYCE SOLUTIONS BRASIL LTDA;01/06/1977;DEMAIS;206-2;47.89-0-99;537;01/06/2016;Comércio varejista de outros produtos novos não especificados anteriormente;"COMÉRCIO; REPARAÇÃO DE VEÍCULOS AUTOMOTORES E MOTOCICLETAS";G;47;47.8;SP
ED;48.600.191/0001-59;ROLLS-ROYCE SOLUTIONS BRASIL LTDA;01/06/1977;DEMAIS;206-2;52.11-7-99;537;01/06/2016;Armazenamento;TRANSPORTE, ARMAZENAGEM E CORREIO;H;52;52.1;SP
ED;48.600.191/0001-59;ROLLS-ROYCE SOLUTIONS BRASIL LTDA;01/06/1977;DEMAIS;206-2;64.63-8-00;537;01/06/2016;Outras sociedades de participação, exceto holdings;ATIVIDADES FINANCEIRAS, DE SEGUROS E SERVIÇOS RELACIONADOS;K;64;64.6;SP
ED;48.600.191/0001-59;ROLLS-ROYCE SOLUTIONS BRASIL LTDA;01/06/1977;DEMAIS;206-2;71.12-0-00;537;01/06/2016;Serviços de engenharia;ATIVIDADES PROFISSIONAIS, CIENTÍFICAS E TÉCNICAS;M;71;71.1;SP
ED;48.600.191/0001-59;ROLLS-ROYCE SOLUTIONS BRASIL LTDA;01/06/1977;DEMAIS;206-2;74.90-1-04;537;01/06/2016;Atividades profissionais, científicas e técnicas não especificadas anteriormente;ATIVIDADES PROFISSIONAIS, CIENTÍFICAS E TÉCNICAS;M;74;74.9;SP
ED;48.600.191/0001-59;ROLLS-ROYCE SOLUTIONS BRASIL LTDA;01/06/1977;DEMAIS;206-2;74.90-1-99 ;537;01/06/2016;Atividades profissionais, científicas e técnicas não especificadas anteriormente;ATIVIDADES PROFISSIONAIS, CIENTÍFICAS E TÉCNICAS;M;74;74.9;SP
ED;48.600.191/0001-59;ROLLS-ROYCE SOLUTIONS BRASIL LTDA;01/06/1977;DEMAIS;206-2;77.39-0-99;537;01/06/2016;Aluguel de máquinas e equipamentos não especificados anteriormente;ATIVIDADES ADMINISTRATIVAS E SERVIÇOS COMPLEMENTARES;N;77;77.3;SP
ED;48.600.191/0001-59;ROLLS-ROYCE SOLUTIONS BRASIL LTDA;01/06/1977;DEMAIS;206-2;82.99-7-99;537;01/06/2016;Atividades de serviços prestados principalmente às empresas não especificadas anteriormente;ATIVIDADES ADMINISTRATIVAS E SERVIÇOS COMPLEMENTARES;N;82;82.9;SP
ED;48.600.191/0001-59;ROLLS-ROYCE SOLUTIONS BRASIL LTDA;01/06/1977;DEMAIS;206-2;85.99-6-04;537;01/06/2016;Atividades de ensino não especificadas anteriormente;EDUCAÇÃO;P;85;85.9;SP
ED;89.519.706/0001-78;RUD CORRENTES INDUSTRIAIS LTDA;27/04/1978;DEMAIS;206-2;25.99-3-99;4786;26/09/2023;Fabricação de produtos de metal não especificados anteriormente;INDÚSTRIAS DE TRANSFORMAÇÃO;C;25;25.9;SP
ED;89.519.706/0001-78;RUD CORRENTES INDUSTRIAIS LTDA;27/04/1978;DEMAIS;206-2;25.99-3-01;4786;26/09/2023;Fabricação de produtos de metal não especificados anteriormente;INDÚSTRIAS DE TRANSFORMAÇÃO;C;25;25.9;SP
ED;89.519.706/0001-78;RUD CORRENTES INDUSTRIAIS LTDA;27/04/1978;DEMAIS;206-2;32.92-2-02;4786;26/09/2023;Fabricação de equipamentos e acessórios para segurança e proteção pessoal e profissional;INDÚSTRIAS DE TRANSFORMAÇÃO;C;32;32.9;SP
ED;89.519.706/0001-78;RUD CORRENTES INDUSTRIAIS LTDA;27/04/1978;DEMAIS;206-2;32.99-0-03 ;4786;26/09/2023;Fabricação de produtos diversos não especificados anteriormente;INDÚSTRIAS DE TRANSFORMAÇÃO;C;32;32.9;SP
ED;89.519.706/0001-78;RUD CORRENTES INDUSTRIAIS LTDA;27/04/1978;DEMAIS;206-2;33.19-8-00;4786;26/09/2023;Manutenção e reparação de equipamentos e produtos não especificados anteriormente;INDÚSTRIAS DE TRANSFORMAÇÃO;C;33;33.1;SP
EED;17.516.926/0001-37;RUST CONSULTORIA EM ENGENHARIA LTDA;31/01/2013;DEMAIS;224-0;71.12-0-00;1346;28/05/2014;Serviços de engenharia;ATIVIDADES PROFISSIONAIS, CIENTÍFICAS E TÉCNICAS;M;71;71.1;RJ
EED;17.516.926/0001-37;RUST CONSULTORIA EM ENGENHARIA LTDA;31/01/2013;DEMAIS;224-0;62.01-5-01;1346;28/05/2014;Desenvolvimento de programas de computador sob encomenda;INFORMAÇÃO E COMUNICAÇÃO;J;62;62.0;RJ
EED;17.516.926/0001-37;RUST CONSULTORIA EM ENGENHARIA LTDA;31/01/2013;DEMAIS;224-0;62.02-3-00;1346;28/05/2014;Desenvolvimento e licenciamento de programas de computador customizáveis;INFORMAÇÃO E COMUNICAÇÃO;J;62;62.0;RJ
EED;17.516.926/0001-37;RUST CONSULTORIA EM ENGENHARIA LTDA;31/01/2013;DEMAIS;224-0;62.03-1-00;1346;28/05/2014;Desenvolvimento e licenciamento de programas de computador não-customizáveis;INFORMAÇÃO E COMUNICAÇÃO;J;62;62.0;RJ
EED;17.516.926/0001-37;RUST CONSULTORIA EM ENGENHARIA LTDA;31/01/2013;DEMAIS;224-0;62.04-0-00;1346;28/05/2014;Consultoria em tecnologia da informação;INFORMAÇÃO E COMUNICAÇÃO;J;62;62.0;RJ
EED;17.516.926/0001-37;RUST CONSULTORIA EM ENGENHARIA LTDA;31/01/2013;DEMAIS;224-0;62.09-1-00;1346;28/05/2014;Suporte técnico, manutenção e outros serviços em tecnologia da informação;INFORMAÇÃO E COMUNICAÇÃO;J;62;62.0;RJ
EED;17.516.926/0001-37;RUST CONSULTORIA EM ENGENHARIA LTDA;31/01/2013;DEMAIS;224-0;63.11-9-00;1346;28/05/2014;Tratamento de dados, provedores de serviços de aplicação e serviços de hospedagem na internet;INFORMAÇÃO E COMUNICAÇÃO;J;63;63.1;RJ
EED;17.516.926/0001-37;RUST CONSULTORIA EM ENGENHARIA LTDA;31/01/2013;DEMAIS;224-0;74.90-1-04;1346;28/05/2014;Atividades profissionais, científicas e técnicas não especificadas anteriormente;ATIVIDADES PROFISSIONAIS, CIENTÍFICAS E TÉCNICAS;M;74;74.9;RJ
EED;17.516.926/0001-37;RUST CONSULTORIA EM ENGENHARIA LTDA;31/01/2013;DEMAIS;224-0;85.99-6-04;1346;28/05/2014;Atividades de ensino não especificadas anteriormente;EDUCAÇÃO;P;85;85.9;RJ
ED;23.100.444/0001-02;SAAB BRASIL LTDA;19/08/2015;DEMAIS;206-2;30.41-5-00;2666;07/08/2020;Fabricação de aeronaves;INDÚSTRIAS DE TRANSFORMAÇÃO;C;30;30.4;SP
ED;23.100.444/0001-02;SAAB BRASIL LTDA;19/08/2015;DEMAIS;206-2;26.51-5-00;2666;07/08/2020;Fabricação de aparelhos e equipamentos de medida, teste e controle;INDÚSTRIAS DE TRANSFORMAÇÃO;C;26;26.5;SP
ED;23.100.444/0001-02;SAAB BRASIL LTDA;19/08/2015;DEMAIS;206-2;30.42-3-00;2666;07/08/2020;Fabricação de turbinas, motores e outros componentes e peças para aeronaves;INDÚSTRIAS DE TRANSFORMAÇÃO;C;30;30.4;SP
ED;23.100.444/0001-02;SAAB BRASIL LTDA;19/08/2015;DEMAIS;206-2;33.12-1-02;2666;07/08/2020;Manutenção e reparação de equipamentos eletrônicos e ópticos;INDÚSTRIAS DE TRANSFORMAÇÃO;C;33;33.1;SP
ED;23.100.444/0001-02;SAAB BRASIL LTDA;19/08/2015;DEMAIS;206-2;33.16-3-01;2666;07/08/2020;Manutenção e reparação de aeronaves;INDÚSTRIAS DE TRANSFORMAÇÃO;C;33;33.1;SP
ED;23.100.444/0001-02;SAAB BRASIL LTDA;19/08/2015;DEMAIS;206-2;33.29-5-99;2666;07/08/2020;Instalação de equipamentos não especificados anteriormente;INDÚSTRIAS DE TRANSFORMAÇÃO;C;33;33.2;SP
ED;23.100.444/0001-02;SAAB BRASIL LTDA;19/08/2015;DEMAIS;206-2;46.14-1-00;2666;07/08/2020;Representantes comerciais e agentes do comércio de máquinas, equipamentos, embarcações e aeronaves;"COMÉRCIO; REPARAÇÃO DE VEÍCULOS AUTOMOTORES E MOTOCICLETAS";G;46;46.1;SP
ED;23.100.444/0001-02;SAAB BRASIL LTDA;19/08/2015;DEMAIS;206-2;46.52-4-00;2666;07/08/2020;Comércio atacadista de componentes eletrônicos e equipamentos de telefonia e comunicação;"COMÉRCIO; REPARAÇÃO DE VEÍCULOS AUTOMOTORES E MOTOCICLETAS";G;46;46.5;SP
ED;23.100.444/0001-02;SAAB BRASIL LTDA;19/08/2015;DEMAIS;206-2;52.50-8-04 ;2666;07/08/2020;Atividades relacionadas à organização do transporte de carga;TRANSPORTE, ARMAZENAGEM E CORREIO;H;52;52.5;SP
ED;23.100.444/0001-02;SAAB BRASIL LTDA;19/08/2015;DEMAIS;206-2;62.01-5-01;2666;07/08/2020;Desenvolvimento de programas de computador sob encomenda;INFORMAÇÃO E COMUNICAÇÃO;J;62;62.0;SP
ED;23.100.444/0001-02;SAAB BRASIL LTDA;19/08/2015;DEMAIS;206-2;62.04-0-00;2666;07/08/2020;Consultoria em tecnologia da informação;INFORMAÇÃO E COMUNICAÇÃO;J;62;62.0;SP
ED;23.100.444/0001-02;SAAB BRASIL LTDA;19/08/2015;DEMAIS;206-2;62.09-1-00;2666;07/08/2020;Suporte técnico, manutenção e outros serviços em tecnologia da informação;INFORMAÇÃO E COMUNICAÇÃO;J;62;62.0;SP
ED;23.100.444/0001-02;SAAB BRASIL LTDA;19/08/2015;DEMAIS;206-2;64.62-0-00;2666;07/08/2020;Holdings de instituições não-financeiras;ATIVIDADES FINANCEIRAS, DE SEGUROS E SERVIÇOS RELACIONADOS;K;64;64.6;SP
ED;23.100.444/0001-02;SAAB BRASIL LTDA;19/08/2015;DEMAIS;206-2;64.63-8-00;2666;07/08/2020;Outras sociedades de participação, exceto holdings;ATIVIDADES FINANCEIRAS, DE SEGUROS E SERVIÇOS RELACIONADOS;K;64;64.6;SP
ED;23.100.444/0001-02;SAAB BRASIL LTDA;19/08/2015;DEMAIS;206-2;71.12-0-00;2666;07/08/2020;Serviços de engenharia;ATIVIDADES PROFISSIONAIS, CIENTÍFICAS E TÉCNICAS;M;71;71.1;SP
ED;23.100.444/0001-02;SAAB BRASIL LTDA;19/08/2015;DEMAIS;206-2;71.19-7-03;2666;07/08/2020;Atividades técnicas relacionadas à arquitetura e engenharia;ATIVIDADES PROFISSIONAIS, CIENTÍFICAS E TÉCNICAS;M;71;71.1;SP
ED;23.100.444/0001-02;SAAB BRASIL LTDA;19/08/2015;DEMAIS;206-2;72.10-0-00;2666;07/08/2020;Pesquisa e desenvolvimento experimental em ciências físicas e naturais;ATIVIDADES PROFISSIONAIS, CIENTÍFICAS E TÉCNICAS;M;72;72.1;SP
ED;23.100.444/0001-02;SAAB BRASIL LTDA;19/08/2015;DEMAIS;206-2;74.90-1-04;2666;07/08/2020;Atividades profissionais, científicas e técnicas não especificadas anteriormente;ATIVIDADES PROFISSIONAIS, CIENTÍFICAS E TÉCNICAS;M;74;74.9;SP
ED;23.100.444/0001-02;SAAB BRASIL LTDA;19/08/2015;DEMAIS;206-2;74.90-1-99 ;2666;07/08/2020;Atividades profissionais, científicas e técnicas não especificadas anteriormente;ATIVIDADES PROFISSIONAIS, CIENTÍFICAS E TÉCNICAS;M;74;74.9;SP
EED;29.348.695/0001-89;SACOR SIDEROTECNICA LTDA;23/05/1967;DEMAIS;206-2;24.52-1-00;4075;04/12/2020;Fundição de metais não-ferrosos e suas ligas;INDÚSTRIAS DE TRANSFORMAÇÃO;C;24;24.5;RJ
EED;45.750.411/0001-32;SAFETLINE EQUIPAMENTOS DE SEGURANCA LTDA;12/09/1974;DEMAIS;206-2;15.31-9-01;5181;15/12/2021;Fabricação de calçados de couro;INDÚSTRIAS DE TRANSFORMAÇÃO;C;15;15.3;SP
EED;45.750.411/0001-32;SAFETLINE EQUIPAMENTOS DE SEGURANCA LTDA;12/09/1974;DEMAIS;206-2;15.32-7-00;5181;15/12/2021;Fabricação de tênis de qualquer material;INDÚSTRIAS DE TRANSFORMAÇÃO;C;15;15.3;SP
EED;45.750.411/0001-32;SAFETLINE EQUIPAMENTOS DE SEGURANCA LTDA;12/09/1974;DEMAIS;206-2;15.39-4-00;5181;15/12/2021;Fabricação de calçados de materiais não especificados anteriormente;INDÚSTRIAS DE TRANSFORMAÇÃO;C;15;15.3;SP
EED;45.750.411/0001-32;SAFETLINE EQUIPAMENTOS DE SEGURANCA LTDA;12/09/1974;DEMAIS;206-2;15.40-8-00;5181;15/12/2021;Fabricação de partes para calçados, de qualquer material;INDÚSTRIAS DE TRANSFORMAÇÃO;C;15;15.4;SP
EED;45.750.411/0001-32;SAFETLINE EQUIPAMENTOS DE SEGURANCA LTDA;12/09/1974;DEMAIS;206-2;46.23-1-02 ;5181;15/12/2021;Comércio atacadista de animais vivos, alimentos para animais e matérias-primas agrícolas, exceto café e soja;"COMÉRCIO; REPARAÇÃO DE VEÍCULOS AUTOMOTORES E MOTOCICLETAS";G;46;46.2;SP
EED;45.750.411/0001-32;SAFETLINE EQUIPAMENTOS DE SEGURANCA LTDA;12/09/1974;DEMAIS;206-2;46.84-2-99;5181;15/12/2021;Comércio atacadista de produtos químicos e petroquímicos, exceto agroquímicos;"COMÉRCIO; REPARAÇÃO DE VEÍCULOS AUTOMOTORES E MOTOCICLETAS";G;46;46.8;SP
EED;45.750.411/0001-32;SAFETLINE EQUIPAMENTOS DE SEGURANCA LTDA;12/09/1974;DEMAIS;206-2;46.89-3-99;5181;15/12/2021;Comércio atacadista especializado de outros produtos intermediários não especificados anteriormente;"COMÉRCIO; REPARAÇÃO DE VEÍCULOS AUTOMOTORES E MOTOCICLETAS";G;46;46.8;SP
EED;45.750.411/0001-32;SAFETLINE EQUIPAMENTOS DE SEGURANCA LTDA;12/09/1974;DEMAIS;206-2;47.82-2-01;5181;15/12/2021;Comércio varejista de calçados e artigos de viagem;"COMÉRCIO; REPARAÇÃO DE VEÍCULOS AUTOMOTORES E MOTOCICLETAS";G;47;47.8;SP
EED;21.610.140/0001-51;SAFETY SYSTEM TECHNOLOGY CONSULTORIA EM TECNOLOGIA DA INFORMACAO LTDA;09/10/2014;EPP;206-2;62.04-0-00;4779;05/12/2019;Consultoria em tecnologia da informação;INFORMAÇÃO E COMUNICAÇÃO;J;62;62.0;PE
EED;21.610.140/0001-51;SAFETY SYSTEM TECHNOLOGY CONSULTORIA EM TECNOLOGIA DA INFORMACAO LTDA;09/10/2014;EPP;206-2;61.10-8-03;4779;05/12/2019;Telecomunicações por fio;INFORMAÇÃO E COMUNICAÇÃO;J;61;61.1;PE
EED;21.610.140/0001-51;SAFETY SYSTEM TECHNOLOGY CONSULTORIA EM TECNOLOGIA DA INFORMACAO LTDA;09/10/2014;EPP;206-2;62.01-5-01;4779;05/12/2019;Desenvolvimento de programas de computador sob encomenda;INFORMAÇÃO E COMUNICAÇÃO;J;62;62.0;PE
EED;21.610.140/0001-51;SAFETY SYSTEM TECHNOLOGY CONSULTORIA EM TECNOLOGIA DA INFORMACAO LTDA;09/10/2014;EPP;206-2;62.03-1-00;4779;05/12/2019;Desenvolvimento e licenciamento de programas de computador não-customizáveis;INFORMAÇÃO E COMUNICAÇÃO;J;62;62.0;PE
EED;21.610.140/0001-51;SAFETY SYSTEM TECHNOLOGY CONSULTORIA EM TECNOLOGIA DA INFORMACAO LTDA;09/10/2014;EPP;206-2;69.11-7-03;4779;05/12/2019;Atividades jurídicas, exceto cartórios;ATIVIDADES PROFISSIONAIS, CIENTÍFICAS E TÉCNICAS;M;69;69.1;PE
ED;53.977.542/0001-85;SAFRAN ELETRONICA & DEFESA BRASIL LTDA;28/11/1984;DEMAIS;206-2;26.70-1-01;537;01/06/2016;Fabricação de equipamentos e instrumentos ópticos, fotográficos e cinematográficos;INDÚSTRIAS DE TRANSFORMAÇÃO;C;26;26.7;SP
ED;53.977.542/0001-85;SAFRAN ELETRONICA & DEFESA BRASIL LTDA;28/11/1984;DEMAIS;206-2;26.10-8-00 ;537;01/06/2016;Fabricação de componentes eletrônicos;INDÚSTRIAS DE TRANSFORMAÇÃO;C;26;26.1;SP
ED;53.977.542/0001-85;SAFRAN ELETRONICA & DEFESA BRASIL LTDA;28/11/1984;DEMAIS;206-2;27.90-2-99;537;01/06/2016;Fabricação de equipamentos e aparelhos elétricos não especificados anteriormente;INDÚSTRIAS DE TRANSFORMAÇÃO;C;27;27.9;SP
ED;53.977.542/0001-85;SAFRAN ELETRONICA & DEFESA BRASIL LTDA;28/11/1984;DEMAIS;206-2;30.42-3-00;537;01/06/2016;Fabricação de turbinas, motores e outros componentes e peças para aeronaves;INDÚSTRIAS DE TRANSFORMAÇÃO;C;30;30.4;SP
ED;53.977.542/0001-85;SAFRAN ELETRONICA & DEFESA BRASIL LTDA;28/11/1984;DEMAIS;206-2;33.12-1-02;537;01/06/2016;Manutenção e reparação de equipamentos eletrônicos e ópticos;INDÚSTRIAS DE TRANSFORMAÇÃO;C;33;33.1;SP
ED;53.977.542/0001-85;SAFRAN ELETRONICA & DEFESA BRASIL LTDA;28/11/1984;DEMAIS;206-2;33.12-1-04;537;01/06/2016;Manutenção e reparação de equipamentos eletrônicos e ópticos;INDÚSTRIAS DE TRANSFORMAÇÃO;C;33;33.1;SP
ED;53.977.542/0001-85;SAFRAN ELETRONICA & DEFESA BRASIL LTDA;28/11/1984;DEMAIS;206-2;46.18-4-99;537;01/06/2016;Representantes comerciais e agentes do comércio especializado em produtos não especificados anteriormente;"COMÉRCIO; REPARAÇÃO DE VEÍCULOS AUTOMOTORES E MOTOCICLETAS";G;46;46.1;SP
ED;53.977.542/0001-85;SAFRAN ELETRONICA & DEFESA BRASIL LTDA;28/11/1984;DEMAIS;206-2;46.52-4-00;537;01/06/2016;Comércio atacadista de componentes eletrônicos e equipamentos de telefonia e comunicação;"COMÉRCIO; REPARAÇÃO DE VEÍCULOS AUTOMOTORES E MOTOCICLETAS";G;46;46.5;SP
ED;53.977.542/0001-85;SAFRAN ELETRONICA & DEFESA BRASIL LTDA;28/11/1984;DEMAIS;206-2;61.90-6-99;537;01/06/2016;Outras atividades de telecomunicações;INFORMAÇÃO E COMUNICAÇÃO;J;61;61.9;SP
ED;53.977.542/0001-85;SAFRAN ELETRONICA & DEFESA BRASIL LTDA;28/11/1984;DEMAIS;206-2;62.02-3-00;537;01/06/2016;Desenvolvimento e licenciamento de programas de computador customizáveis;INFORMAÇÃO E COMUNICAÇÃO;J;62;62.0;SP
ED;53.977.542/0001-85;SAFRAN ELETRONICA & DEFESA BRASIL LTDA;28/11/1984;DEMAIS;206-2;62.03-1-00;537;01/06/2016;Desenvolvimento e licenciamento de programas de computador não-customizáveis;INFORMAÇÃO E COMUNICAÇÃO;J;62;62.0;SP
ED;53.977.542/0001-85;SAFRAN ELETRONICA & DEFESA BRASIL LTDA;28/11/1984;DEMAIS;206-2;62.09-1-00;537;01/06/2016;Suporte técnico, manutenção e outros serviços em tecnologia da informação;INFORMAÇÃO E COMUNICAÇÃO;J;62;62.0;SP
ED;53.977.542/0001-85;SAFRAN ELETRONICA & DEFESA BRASIL LTDA;28/11/1984;DEMAIS;206-2;64.62-0-00;537;01/06/2016;Holdings de instituições não-financeiras;ATIVIDADES FINANCEIRAS, DE SEGUROS E SERVIÇOS RELACIONADOS;K;64;64.6;SP
ED;53.977.542/0001-85;SAFRAN ELETRONICA & DEFESA BRASIL LTDA;28/11/1984;DEMAIS;206-2;72.10-0-00;537;01/06/2016;Pesquisa e desenvolvimento experimental em ciências físicas e naturais;ATIVIDADES PROFISSIONAIS, CIENTÍFICAS E TÉCNICAS;M;72;72.1;SP
EED;0.628.447/0001-00;SAIPHER ATC LTDA;29/05/1995;DEMAIS;206-2;62.03-1-00;1346;28/05/2014;Desenvolvimento e licenciamento de programas de computador não-customizáveis;INFORMAÇÃO E COMUNICAÇÃO;J;62;62.0;SP
EED;0.628.447/0001-00;SAIPHER ATC LTDA;29/05/1995;DEMAIS;206-2;47.51-2-01;1346;28/05/2014;Comércio varejista especializado de equipamentos e suprimentos de informática;"COMÉRCIO; REPARAÇÃO DE VEÍCULOS AUTOMOTORES E MOTOCICLETAS";G;47;47.5;SP
EED;0.628.447/0001-00;SAIPHER ATC LTDA;29/05/1995;DEMAIS;206-2;62.09-1-00;1346;28/05/2014;Suporte técnico, manutenção e outros serviços em tecnologia da informação;INFORMAÇÃO E COMUNICAÇÃO;J;62;62.0;SP
ED;08.652.284/0001-02;SANTIAGO & CINTRA CONSULTORIA LTDA;05/02/2007;DEMAIS;206-2;62.04-0-00;707;13/06/2016;Consultoria em tecnologia da informação;INFORMAÇÃO E COMUNICAÇÃO;J;62;62.0;SP
ED;08.652.284/0001-02;SANTIAGO & CINTRA CONSULTORIA LTDA;05/02/2007;DEMAIS;206-2;47.51-2-01;707;13/06/2016;Comércio varejista especializado de equipamentos e suprimentos de informática;"COMÉRCIO; REPARAÇÃO DE VEÍCULOS AUTOMOTORES E MOTOCICLETAS";G;47;47.5;SP
ED;08.652.284/0001-02;SANTIAGO & CINTRA CONSULTORIA LTDA;05/02/2007;DEMAIS;206-2;47.89-0-99 ;707;13/06/2016;Comércio varejista de outros produtos novos não especificados anteriormente;"COMÉRCIO; REPARAÇÃO DE VEÍCULOS AUTOMOTORES E MOTOCICLETAS";G;47;47.8;SP
ED;08.652.284/0001-02;SANTIAGO & CINTRA CONSULTORIA LTDA;05/02/2007;DEMAIS;206-2;62.02-3-00;707;13/06/2016;Desenvolvimento e licenciamento de programas de computador customizáveis;INFORMAÇÃO E COMUNICAÇÃO;J;62;62.0;SP
ED;08.652.284/0001-02;SANTIAGO & CINTRA CONSULTORIA LTDA;05/02/2007;DEMAIS;206-2;62.03-1-00;707;13/06/2016;Desenvolvimento e licenciamento de programas de computador não-customizáveis;INFORMAÇÃO E COMUNICAÇÃO;J;62;62.0;SP
ED;08.652.284/0001-02;SANTIAGO & CINTRA CONSULTORIA LTDA;05/02/2007;DEMAIS;206-2;62.09-1-00;707;13/06/2016;Suporte técnico, manutenção e outros serviços em tecnologia da informação;INFORMAÇÃO E COMUNICAÇÃO;J;62;62.0;SP
ED;08.652.284/0001-02;SANTIAGO & CINTRA CONSULTORIA LTDA;05/02/2007;DEMAIS;206-2;77.39-0-99;707;13/06/2016;Aluguel de máquinas e equipamentos não especificados anteriormente;ATIVIDADES ADMINISTRATIVAS E SERVIÇOS COMPLEMENTARES;N;77;77.3;SP
ED;08.652.284/0001-02;SANTIAGO & CINTRA CONSULTORIA LTDA;05/02/2007;DEMAIS;206-2;71.19-7-01;707;13/06/2016;Atividades técnicas relacionadas à arquitetura e engenharia;ATIVIDADES PROFISSIONAIS, CIENTÍFICAS E TÉCNICAS;M;71;71.1;SP
EED;08.884.097/0001-54;SANTOS LAB PARTICIPACOES COMERCIO E INDUSTRIA AEROESPACIAL SA ;21/05/2007;DEMAIS;205-4;64.63-8-00;1346;28/05/2014;Outras sociedades de participação, exceto holdings;ATIVIDADES FINANCEIRAS, DE SEGUROS E SERVIÇOS RELACIONADOS;K;64;64.6;RJ
EED;08.884.097/0001-54;SANTOS LAB PARTICIPACOES COMERCIO E INDUSTRIA AEROESPACIAL SA ;21/05/2007;DEMAIS;205-4;30.41-5-00;1346;28/05/2014;Fabricação de aeronaves;INDÚSTRIAS DE TRANSFORMAÇÃO;C;30;30.4;RJ
EED;08.884.097/0001-54;SANTOS LAB PARTICIPACOES COMERCIO E INDUSTRIA AEROESPACIAL SA ;21/05/2007;DEMAIS;205-4;33.16-3-01;1346;28/05/2014;Manutenção e reparação de aeronaves;INDÚSTRIAS DE TRANSFORMAÇÃO;C;33;33.1;RJ
EED;08.884.097/0001-54;SANTOS LAB PARTICIPACOES COMERCIO E INDUSTRIA AEROESPACIAL SA ;21/05/2007;DEMAIS;205-4;46.19-2-00;1346;28/05/2014;Representantes comerciais e agentes do comércio de mercadorias em geral não especializado;"COMÉRCIO; REPARAÇÃO DE VEÍCULOS AUTOMOTORES E MOTOCICLETAS";G;46;46.1;RJ
EED;08.884.097/0001-54;SANTOS LAB PARTICIPACOES COMERCIO E INDUSTRIA AEROESPACIAL SA ;21/05/2007;DEMAIS;205-4;47.89-0-99;1346;28/05/2014;Comércio varejista de outros produtos novos não especificados anteriormente;"COMÉRCIO; REPARAÇÃO DE VEÍCULOS AUTOMOTORES E MOTOCICLETAS";G;47;47.8;RJ
EED;08.884.097/0001-54;SANTOS LAB PARTICIPACOES COMERCIO E INDUSTRIA AEROESPACIAL SA ;21/05/2007;DEMAIS;205-4;62.02-3-00;1346;28/05/2014;Desenvolvimento e licenciamento de programas de computador customizáveis;INFORMAÇÃO E COMUNICAÇÃO;J;62;62.0;RJ
EED;08.884.097/0001-54;SANTOS LAB PARTICIPACOES COMERCIO E INDUSTRIA AEROESPACIAL SA ;21/05/2007;DEMAIS;205-4;71.12-0-00;1346;28/05/2014;Serviços de engenharia;ATIVIDADES PROFISSIONAIS, CIENTÍFICAS E TÉCNICAS;M;71;71.1;RJ
EED;08.884.097/0001-54;SANTOS LAB PARTICIPACOES COMERCIO E INDUSTRIA AEROESPACIAL SA ;21/05/2007;DEMAIS;205-4;71.19-7-01;1346;28/05/2014;Atividades técnicas relacionadas à arquitetura e engenharia;ATIVIDADES PROFISSIONAIS, CIENTÍFICAS E TÉCNICAS;M;71;71.1;RJ
EED;08.884.097/0001-54;SANTOS LAB PARTICIPACOES COMERCIO E INDUSTRIA AEROESPACIAL SA ;21/05/2007;DEMAIS;205-4;74.20-0-02;1346;28/05/2014;Atividades fotográficas e similares;ATIVIDADES PROFISSIONAIS, CIENTÍFICAS E TÉCNICAS;M;74;74.2;RJ
EED;08.884.097/0001-54;SANTOS LAB PARTICIPACOES COMERCIO E INDUSTRIA AEROESPACIAL SA ;21/05/2007;DEMAIS;205-4;74.90-1-03;1346;28/05/2014;Atividades profissionais, científicas e técnicas não especificadas anteriormente;ATIVIDADES PROFISSIONAIS, CIENTÍFICAS E TÉCNICAS;M;74;74.9;RJ
EED;08.884.097/0001-54;SANTOS LAB PARTICIPACOES COMERCIO E INDUSTRIA AEROESPACIAL SA ;21/05/2007;DEMAIS;205-4;77.19-5-02;1346;28/05/2014;Locação de meios de transporte, exceto automóveis, sem condutor;ATIVIDADES ADMINISTRATIVAS E SERVIÇOS COMPLEMENTARES;N;77;77.1;RJ
EED;08.884.097/0001-54;SANTOS LAB PARTICIPACOES COMERCIO E INDUSTRIA AEROESPACIAL SA ;21/05/2007;DEMAIS;205-4;96.09-2-99;1346;28/05/2014;Atividades de serviços pessoais não especificadas anteriormente;OUTRAS ATIVIDADES DE SERVIÇOS;S;96;96.0;RJ
ED;03.856.395/0001-17;SERVICO AERO TECNICO LTDA;05/06/2000;EPP;206-2;30.42-3-00;4786;26/09/2023;Fabricação de turbinas, motores e outros componentes e peças para aeronaves;INDÚSTRIAS DE TRANSFORMAÇÃO;C;30;30.4;SP
ED;03.856.395/0001-17;SERVICO AERO TECNICO LTDA;05/06/2000;EPP;206-2;28.12-7-00;4786;26/09/2023;Fabricação de equipamentos hidráulicos e pneumáticos, exceto válvulas;INDÚSTRIAS DE TRANSFORMAÇÃO;C;28;28.1;SP
ED;03.856.395/0001-17;SERVICO AERO TECNICO LTDA;05/06/2000;EPP;206-2;33.14-7-02;4786;26/09/2023;Manutenção e reparação de máquinas e equipamentos da indústria mecânica;INDÚSTRIAS DE TRANSFORMAÇÃO;C;33;33.1;SP
EED;03.774.688/0033-32;SERVICO NACIONAL DE APRENDIZAGEM INDUSTRIAL PALHOCA;19/01/2010;DEMAIS;307-7;85.99-6-99;2823;05/07/2021;Atividades de ensino não especificadas anteriormente;EDUCAÇÃO;P;85;85.9;SC
EED;03.851.105/0001-42;SERVICO NACIONAL DE APRENDIZAGEM INDUSTRIAL RIO DE JANEIRO;26/05/2000;DEMAIS;307-7;85.99-6-99;5179;15/12/2021;Atividades de ensino não especificadas anteriormente;EDUCAÇÃO;P;85;85.9;RJ
EED;03.851.105/0001-42;SERVICO NACIONAL DE APRENDIZAGEM INDUSTRIAL RIO DE JANEIRO;26/05/2000;DEMAIS;307-7;70.20-4-00;5179;15/12/2021;Atividades de consultoria em gestão empresarial;ATIVIDADES PROFISSIONAIS, CIENTÍFICAS E TÉCNICAS;M;70;70.2;RJ
EED;03.851.105/0001-42;SERVICO NACIONAL DE APRENDIZAGEM INDUSTRIAL RIO DE JANEIRO;26/05/2000;DEMAIS;307-7;71.20-1-00;5179;15/12/2021;Testes e análises técnicas;ATIVIDADES PROFISSIONAIS, CIENTÍFICAS E TÉCNICAS;M;71;71.2;RJ
EED;03.851.105/0001-42;SERVICO NACIONAL DE APRENDIZAGEM INDUSTRIAL RIO DE JANEIRO;26/05/2000;DEMAIS;307-7;72.10-0-00;5179;15/12/2021;Pesquisa e desenvolvimento experimental em ciências físicas e naturais;ATIVIDADES PROFISSIONAIS, CIENTÍFICAS E TÉCNICAS;M;72;72.1;RJ
EED;03.851.105/0001-42;SERVICO NACIONAL DE APRENDIZAGEM INDUSTRIAL RIO DE JANEIRO;26/05/2000;DEMAIS;307-7;74.90-1-99 ;5179;15/12/2021;Atividades profissionais, científicas e técnicas não especificadas anteriormente;ATIVIDADES PROFISSIONAIS, CIENTÍFICAS E TÉCNICAS;M;74;74.9;RJ
EED;03.851.105/0001-42;SERVICO NACIONAL DE APRENDIZAGEM INDUSTRIAL RIO DE JANEIRO;26/05/2000;DEMAIS;307-7;85.32-5-00;5179;15/12/2021;Educação superior - graduação e pós-graduação;EDUCAÇÃO;P;85;85.3;RJ
EED;03.851.105/0001-42;SERVICO NACIONAL DE APRENDIZAGEM INDUSTRIAL RIO DE JANEIRO;26/05/2000;DEMAIS;307-7;85.33-3-00;5179;15/12/2021;Educação superior - pós-graduação e extensão;EDUCAÇÃO;P;85;85.3;RJ
EED;03.851.105/0001-42;SERVICO NACIONAL DE APRENDIZAGEM INDUSTRIAL RIO DE JANEIRO;26/05/2000;DEMAIS;307-7;85.41-4-00;5179;15/12/2021;Educação profissional de nível técnico;EDUCAÇÃO;P;85;85.4;RJ
EED;03.851.105/0001-42;SERVICO NACIONAL DE APRENDIZAGEM INDUSTRIAL RIO DE JANEIRO;26/05/2000;DEMAIS;307-7;85.42-2-00;5179;15/12/2021;Educação profissional de nível tecnológico;EDUCAÇÃO;P;85;85.4;RJ
EED;03.851.105/0001-42;SERVICO NACIONAL DE APRENDIZAGEM INDUSTRIAL RIO DE JANEIRO;26/05/2000;DEMAIS;307-7;85.99-6-04;5179;15/12/2021;Atividades de ensino não especificadas anteriormente;EDUCAÇÃO;P;85;85.9;RJ
EED;03.848.688/0009-00;SERVICO NACIONAL DE APRENDIZAGEM INDUSTRIAL SENAI;19/06/2000;DEMAIS;307-7;85.99-6-99;5576;12/12/2024;Atividades de ensino não especificadas anteriormente;EDUCAÇÃO;P;85;85.9;RJ
EED;03.848.688/0009-00;SERVICO NACIONAL DE APRENDIZAGEM INDUSTRIAL SENAI;19/06/2000;DEMAIS;307-7;70.20-4-00;5576;12/12/2024;Atividades de consultoria em gestão empresarial;ATIVIDADES PROFISSIONAIS, CIENTÍFICAS E TÉCNICAS;M;70;70.2;RJ
EED;03.848.688/0009-00;SERVICO NACIONAL DE APRENDIZAGEM INDUSTRIAL SENAI;19/06/2000;DEMAIS;307-7;71.12-0-00;5576;12/12/2024;Serviços de engenharia;ATIVIDADES PROFISSIONAIS, CIENTÍFICAS E TÉCNICAS;M;71;71.1;RJ
EED;03.848.688/0009-00;SERVICO NACIONAL DE APRENDIZAGEM INDUSTRIAL SENAI;19/06/2000;DEMAIS;307-7;71.20-1-00;5576;12/12/2024;Testes e análises técnicas;ATIVIDADES PROFISSIONAIS, CIENTÍFICAS E TÉCNICAS;M;71;71.2;RJ
EED;03.848.688/0009-00;SERVICO NACIONAL DE APRENDIZAGEM INDUSTRIAL SENAI;19/06/2000;DEMAIS;307-7;72.10-0-00;5576;12/12/2024;Pesquisa e desenvolvimento experimental em ciências físicas e naturais;ATIVIDADES PROFISSIONAIS, CIENTÍFICAS E TÉCNICAS;M;72;72.1;RJ
EED;03.848.688/0009-00;SERVICO NACIONAL DE APRENDIZAGEM INDUSTRIAL SENAI;19/06/2000;DEMAIS;307-7;72.20-7-00;5576;12/12/2024;Pesquisa e desenvolvimento experimental em ciências sociais e humanas;ATIVIDADES PROFISSIONAIS, CIENTÍFICAS E TÉCNICAS;M;72;72.2;RJ
EED;03.848.688/0009-00;SERVICO NACIONAL DE APRENDIZAGEM INDUSTRIAL SENAI;19/06/2000;DEMAIS;307-7;85.41-4-00;5576;12/12/2024;Educação profissional de nível técnico;EDUCAÇÃO;P;85;85.4;RJ
EED;03.848.688/0009-00;SERVICO NACIONAL DE APRENDIZAGEM INDUSTRIAL SENAI;19/06/2000;DEMAIS;307-7;85.99-6-04;5576;12/12/2024;Atividades de ensino não especificadas anteriormente;EDUCAÇÃO;P;85;85.9;RJ
EED;01.942.939/0001-38;SFARZO INDUSTRIA E COMERCIO CONFECCAO LTDA;02/06/1997;DEMAIS;206-2;14.12-6-01;4791;12/09/2022;Confecção de peças do vestuário, exceto roupas íntimas;INDÚSTRIAS DE TRANSFORMAÇÃO;C;14;14.1;SP
EED;01.942.939/0001-38;SFARZO INDUSTRIA E COMERCIO CONFECCAO LTDA;02/06/1997;DEMAIS;206-2;14.12-6-03;4791;12/09/2022;Confecção de peças do vestuário, exceto roupas íntimas;INDÚSTRIAS DE TRANSFORMAÇÃO;C;14;14.1;SP
EED;23.483.206/0001-15;SIATT ENGENHARIA INDUSTRIA E COMERCIO LTDA;15/10/2015;DEMAIS;206-2;72.10-0-00;90;11/01/2018;Pesquisa e desenvolvimento experimental em ciências físicas e naturais;ATIVIDADES PROFISSIONAIS, CIENTÍFICAS E TÉCNICAS;M;72;72.1;SP
EED;23.483.206/0001-15;SIATT ENGENHARIA INDUSTRIA E COMERCIO LTDA;15/10/2015;DEMAIS;206-2;71.12-0-00;90;11/01/2018;Serviços de engenharia;ATIVIDADES PROFISSIONAIS, CIENTÍFICAS E TÉCNICAS;M;71;71.1;SP
EED;23.483.206/0001-15;SIATT ENGENHARIA INDUSTRIA E COMERCIO LTDA;15/10/2015;DEMAIS;206-2;26.51-5-00;90;11/01/2018;Fabricação de aparelhos e equipamentos de medida, teste e controle;INDÚSTRIAS DE TRANSFORMAÇÃO;C;26;26.5;SP
EED;23.483.206/0001-15;SIATT ENGENHARIA INDUSTRIA E COMERCIO LTDA;15/10/2015;DEMAIS;206-2;27.90-2-99;90;11/01/2018;Fabricação de equipamentos e aparelhos elétricos não especificados anteriormente;INDÚSTRIAS DE TRANSFORMAÇÃO;C;27;27.9;SP
EED;23.483.206/0001-15;SIATT ENGENHARIA INDUSTRIA E COMERCIO LTDA;15/10/2015;DEMAIS;206-2;25.50-1-01;90;11/01/2018;Fabricação de equipamento bélico pesado, armas de fogo e munições;INDÚSTRIAS DE TRANSFORMAÇÃO;C;25;25.5;SP
EED;23.483.206/0001-15;SIATT ENGENHARIA INDUSTRIA E COMERCIO LTDA;15/10/2015;DEMAIS;206-2;33.12-1-02;90;11/01/2018;Manutenção e reparação de equipamentos eletrônicos e ópticos;INDÚSTRIAS DE TRANSFORMAÇÃO;C;33;33.1;SP
EED;23.483.206/0001-15;SIATT ENGENHARIA INDUSTRIA E COMERCIO LTDA;15/10/2015;DEMAIS;206-2;46.69-9-99;90;11/01/2018;"Comércio atacadista de máquinas, aparelhos e equipamentos não especificados anteriormente; partes e peças";"COMÉRCIO; REPARAÇÃO DE VEÍCULOS AUTOMOTORES E MOTOCICLETAS";G;46;46.6;SP
EED;23.483.206/0001-15;SIATT ENGENHARIA INDUSTRIA E COMERCIO LTDA;15/10/2015;DEMAIS;206-2;46.18-4-99;90;11/01/2018;Representantes comerciais e agentes do comércio especializado em produtos não especificados anteriormente;"COMÉRCIO; REPARAÇÃO DE VEÍCULOS AUTOMOTORES E MOTOCICLETAS";G;46;46.1;SP
EED;21.018.990/0001-65;SIGMA DELTA TECNOLOGIA LTDA;10/09/2014;ME;224-0;62.01-5-01;5893;15/12/2022;Desenvolvimento de programas de computador sob encomenda;INFORMAÇÃO E COMUNICAÇÃO;J;62;62.0;RJ
EED;21.018.990/0001-65;SIGMA DELTA TECNOLOGIA LTDA;10/09/2014;ME;224-0;62.02-3-00;5893;15/12/2022;Desenvolvimento e licenciamento de programas de computador customizáveis;INFORMAÇÃO E COMUNICAÇÃO;J;62;62.0;RJ
EED;21.018.990/0001-65;SIGMA DELTA TECNOLOGIA LTDA;10/09/2014;ME;224-0;62.03-1-00;5893;15/12/2022;Desenvolvimento e licenciamento de programas de computador não-customizáveis;INFORMAÇÃO E COMUNICAÇÃO;J;62;62.0;RJ
EED;21.018.990/0001-65;SIGMA DELTA TECNOLOGIA LTDA;10/09/2014;ME;224-0;62.04-0-00;5893;15/12/2022;Consultoria em tecnologia da informação;INFORMAÇÃO E COMUNICAÇÃO;J;62;62.0;RJ
EED;21.018.990/0001-65;SIGMA DELTA TECNOLOGIA LTDA;10/09/2014;ME;224-0;62.09-1-00;5893;15/12/2022;Suporte técnico, manutenção e outros serviços em tecnologia da informação;INFORMAÇÃO E COMUNICAÇÃO;J;62;62.0;RJ
EED;21.018.990/0001-65;SIGMA DELTA TECNOLOGIA LTDA;10/09/2014;ME;224-0;63.11-9-00;5893;15/12/2022;Tratamento de dados, provedores de serviços de aplicação e serviços de hospedagem na internet;INFORMAÇÃO E COMUNICAÇÃO;J;63;63.1;RJ
EED;21.018.990/0001-65;SIGMA DELTA TECNOLOGIA LTDA;10/09/2014;ME;224-0;71.12-0-00;5893;15/12/2022;Serviços de engenharia;ATIVIDADES PROFISSIONAIS, CIENTÍFICAS E TÉCNICAS;M;71;71.1;RJ
EED;21.018.990/0001-65;SIGMA DELTA TECNOLOGIA LTDA;10/09/2014;ME;224-0;72.10-0-00;5893;15/12/2022;Pesquisa e desenvolvimento experimental em ciências físicas e naturais;ATIVIDADES PROFISSIONAIS, CIENTÍFICAS E TÉCNICAS;M;72;72.1;RJ
EED;21.018.990/0001-65;SIGMA DELTA TECNOLOGIA LTDA;10/09/2014;ME;224-0;74.90-1-99 ;5893;15/12/2022;Atividades profissionais, científicas e técnicas não especificadas anteriormente;ATIVIDADES PROFISSIONAIS, CIENTÍFICAS E TÉCNICAS;M;74;74.9;RJ
EED;14.371.565/0001-90;SIKUR CONSULTORIA E GESTAO EMPRESARIAL LTDA ;27/09/2011;DEMAIS;206-2;62.04-0-00;2028;13/08/2014;Consultoria em tecnologia da informação;INFORMAÇÃO E COMUNICAÇÃO;J;62;62.0;RS
EED;14.371.565/0001-90;SIKUR CONSULTORIA E GESTAO EMPRESARIAL LTDA ;27/09/2011;DEMAIS;206-2;62.01-5-01;2028;13/08/2014;Desenvolvimento de programas de computador sob encomenda;INFORMAÇÃO E COMUNICAÇÃO;J;62;62.0;RS
EED;14.371.565/0001-90;SIKUR CONSULTORIA E GESTAO EMPRESARIAL LTDA ;27/09/2011;DEMAIS;206-2;62.02-3-00;2028;13/08/2014;Desenvolvimento e licenciamento de programas de computador customizáveis;INFORMAÇÃO E COMUNICAÇÃO;J;62;62.0;RS
EED;14.371.565/0001-90;SIKUR CONSULTORIA E GESTAO EMPRESARIAL LTDA ;27/09/2011;DEMAIS;206-2;62.03-1-00;2028;13/08/2014;Desenvolvimento e licenciamento de programas de computador não-customizáveis;INFORMAÇÃO E COMUNICAÇÃO;J;62;62.0;RS
EED;14.371.565/0001-90;SIKUR CONSULTORIA E GESTAO EMPRESARIAL LTDA ;27/09/2011;DEMAIS;206-2;62.09-1-00;2028;13/08/2014;Suporte técnico, manutenção e outros serviços em tecnologia da informação;INFORMAÇÃO E COMUNICAÇÃO;J;62;62.0;RS
EED;14.371.565/0001-90;SIKUR CONSULTORIA E GESTAO EMPRESARIAL LTDA ;27/09/2011;DEMAIS;206-2;64.63-8-00;2028;13/08/2014;Outras sociedades de participação, exceto holdings;ATIVIDADES FINANCEIRAS, DE SEGUROS E SERVIÇOS RELACIONADOS;K;64;64.6;RS
EED;14.371.565/0001-90;SIKUR CONSULTORIA E GESTAO EMPRESARIAL LTDA ;27/09/2011;DEMAIS;206-2;70.20-4-00;2028;13/08/2014;Atividades de consultoria em gestão empresarial;ATIVIDADES PROFISSIONAIS, CIENTÍFICAS E TÉCNICAS;M;70;70.2;RS
EED;14.371.565/0001-90;SIKUR CONSULTORIA E GESTAO EMPRESARIAL LTDA ;27/09/2011;DEMAIS;206-2;74.90-1-04;2028;13/08/2014;Atividades profissionais, científicas e técnicas não especificadas anteriormente;ATIVIDADES PROFISSIONAIS, CIENTÍFICAS E TÉCNICAS;M;74;74.9;RS
EED;02.473.977/0001-51;SITMED EQUIPAMENTOS MEDICOS LTDA;09/04/1998;DEMAIS;206-2;32.99-0-99;4401;11/12/2018;Fabricação de produtos diversos não especificados anteriormente;INDÚSTRIAS DE TRANSFORMAÇÃO;C;32;32.9;RS
EED;02.473.977/0001-51;SITMED EQUIPAMENTOS MEDICOS LTDA;09/04/1998;DEMAIS;206-2;30.92-0-00 ;4401;11/12/2018;Fabricação de bicicletas e triciclos não-motorizados;INDÚSTRIAS DE TRANSFORMAÇÃO;C;30;30.9;RS
EED;02.473.977/0001-51;SITMED EQUIPAMENTOS MEDICOS LTDA;09/04/1998;DEMAIS;206-2;30.99-7-00;4401;11/12/2018;Fabricação de equipamentos de transporte não especificados anteriormente;INDÚSTRIAS DE TRANSFORMAÇÃO;C;30;30.9;RS
EED;02.473.977/0001-51;SITMED EQUIPAMENTOS MEDICOS LTDA;09/04/1998;DEMAIS;206-2;33.12-1-03 ;4401;11/12/2018;Manutenção e reparação de equipamentos eletrônicos e ópticos;INDÚSTRIAS DE TRANSFORMAÇÃO;C;33;33.1;RS
EED;02.473.977/0001-51;SITMED EQUIPAMENTOS MEDICOS LTDA;09/04/1998;DEMAIS;206-2;46.64-8-00;4401;11/12/2018;"Comércio atacadista de máquinas, aparelhos e equipamentos para uso odonto-médico-hospitalar; partes e peças";"COMÉRCIO; REPARAÇÃO DE VEÍCULOS AUTOMOTORES E MOTOCICLETAS";G;46;46.6;RS
EED;0.64.702/0001-39;SKM ELETRO ELETRONICA LTDA;10/05/1994;DEMAIS;206-2;71.12-0-00;1346;28/05/2014;Serviços de engenharia;ATIVIDADES PROFISSIONAIS, CIENTÍFICAS E TÉCNICAS;M;71;71.1;RJ
EED;0.64.702/0001-39;SKM ELETRO ELETRONICA LTDA;10/05/1994;DEMAIS;206-2;43.21-5-00 ;1346;28/05/2014;Instalações elétricas;CONSTRUÇÃO;F;43;43.2;RJ
EED;0.64.702/0001-39;SKM ELETRO ELETRONICA LTDA;10/05/1994;DEMAIS;206-2;33.21-0-00;1346;28/05/2014;Instalação de máquinas e equipamentos industriais;INDÚSTRIAS DE TRANSFORMAÇÃO;C;33;33.2;RJ
EED;0.64.702/0001-39;SKM ELETRO ELETRONICA LTDA;10/05/1994;DEMAIS;206-2;33.12-1-02;1346;28/05/2014;Manutenção e reparação de equipamentos eletrônicos e ópticos;INDÚSTRIAS DE TRANSFORMAÇÃO;C;33;33.1;RJ
EED;0.64.702/0001-39;SKM ELETRO ELETRONICA LTDA;10/05/1994;DEMAIS;206-2;26.51-5-00;1346;28/05/2014;Fabricação de aparelhos e equipamentos de medida, teste e controle;INDÚSTRIAS DE TRANSFORMAÇÃO;C;26;26.5;RJ
EED;0.64.702/0001-39;SKM ELETRO ELETRONICA LTDA;10/05/1994;DEMAIS;206-2;27.90-2-99;1346;28/05/2014;Fabricação de equipamentos e aparelhos elétricos não especificados anteriormente;INDÚSTRIAS DE TRANSFORMAÇÃO;C;27;27.9;RJ
EED;0.64.702/0001-39;SKM ELETRO ELETRONICA LTDA;10/05/1994;DEMAIS;206-2;46.63-0-00;1346;28/05/2014;"Comércio atacadista de máquinas e equipamentos para uso industrial; partes e peças";"COMÉRCIO; REPARAÇÃO DE VEÍCULOS AUTOMOTORES E MOTOCICLETAS";G;46;46.6;RJ
EED;0.64.702/0001-39;SKM ELETRO ELETRONICA LTDA;10/05/1994;DEMAIS;206-2;46.14-1-00;1346;28/05/2014;Representantes comerciais e agentes do comércio de máquinas, equipamentos, embarcações e aeronaves;"COMÉRCIO; REPARAÇÃO DE VEÍCULOS AUTOMOTORES E MOTOCICLETAS";G;46;46.1;RJ
ED;12.044.164/0001-08;SKYDRONES TECNOLOGIA AVIONICA SA;06/05/2010;DEMAIS;205-4;30.41-5-00;89;11/01/2018;Fabricação de aeronaves;INDÚSTRIAS DE TRANSFORMAÇÃO;C;30;30.4;RS
ED;12.044.164/0001-08;SKYDRONES TECNOLOGIA AVIONICA SA;06/05/2010;DEMAIS;205-4;01.61-0-99;89;11/01/2018;Atividades de apoio à agricultura;AGRICULTURA, PECUÁRIA E SERVIÇOS RELACIONADOS;A;1;01.6;RS
ED;12.044.164/0001-08;SKYDRONES TECNOLOGIA AVIONICA SA;06/05/2010;DEMAIS;205-4;33.12-1-02;89;11/01/2018;Manutenção e reparação de equipamentos eletrônicos e ópticos;INDÚSTRIAS DE TRANSFORMAÇÃO;C;33;33.1;RS
ED;12.044.164/0001-08;SKYDRONES TECNOLOGIA AVIONICA SA;06/05/2010;DEMAIS;205-4;47.89-0-99;89;11/01/2018;Comércio varejista de outros produtos novos não especificados anteriormente;"COMÉRCIO; REPARAÇÃO DE VEÍCULOS AUTOMOTORES E MOTOCICLETAS";G;47;47.8;RS
ED;12.044.164/0001-08;SKYDRONES TECNOLOGIA AVIONICA SA;06/05/2010;DEMAIS;205-4;62.02-3-00;89;11/01/2018;Desenvolvimento e licenciamento de programas de computador customizáveis;INFORMAÇÃO E COMUNICAÇÃO;J;62;62.0;RS
ED;12.044.164/0001-08;SKYDRONES TECNOLOGIA AVIONICA SA;06/05/2010;DEMAIS;205-4;71.12-0-00;89;11/01/2018;Serviços de engenharia;ATIVIDADES PROFISSIONAIS, CIENTÍFICAS E TÉCNICAS;M;71;71.1;RS
ED;12.044.164/0001-08;SKYDRONES TECNOLOGIA AVIONICA SA;06/05/2010;DEMAIS;205-4;74.20-0-02 ;89;11/01/2018;Atividades fotográficas e similares;ATIVIDADES PROFISSIONAIS, CIENTÍFICAS E TÉCNICAS;M;74;74.2;RS
ED;12.044.164/0001-08;SKYDRONES TECNOLOGIA AVIONICA SA;06/05/2010;DEMAIS;205-4;77.39-0-99;89;11/01/2018;Aluguel de máquinas e equipamentos não especificados anteriormente;ATIVIDADES ADMINISTRATIVAS E SERVIÇOS COMPLEMENTARES;N;77;77.3;RS
EED;85.255.743/0001-65;SOL SPORTS INDUSTRIA E COMERCIO LTDA;08/01/1992;DEMAIS;206-2;14.12-6-01;5891;15/12/2022;Confecção de peças do vestuário, exceto roupas íntimas;INDÚSTRIAS DE TRANSFORMAÇÃO;C;14;14.1;SC
EED;85.255.743/0001-65;SOL SPORTS INDUSTRIA E COMERCIO LTDA;08/01/1992;DEMAIS;206-2;13.54-5-00 ;5891;15/12/2022;Fabricação de tecidos especiais, inclusive artefatos;INDÚSTRIAS DE TRANSFORMAÇÃO;C;13;13.5;SC
EED;85.255.743/0001-65;SOL SPORTS INDUSTRIA E COMERCIO LTDA;08/01/1992;DEMAIS;206-2;13.59-6-00;5891;15/12/2022;Fabricação de outros produtos têxteis não especificados anteriormente;INDÚSTRIAS DE TRANSFORMAÇÃO;C;13;13.5;SC
EED;85.255.743/0001-65;SOL SPORTS INDUSTRIA E COMERCIO LTDA;08/01/1992;DEMAIS;206-2;14.14-2-00;5891;15/12/2022;Fabricação de acessórios do vestuário, exceto para segurança e proteção;INDÚSTRIAS DE TRANSFORMAÇÃO;C;14;14.1;SC
EED;85.255.743/0001-65;SOL SPORTS INDUSTRIA E COMERCIO LTDA;08/01/1992;DEMAIS;206-2;15.21-1-00;5891;15/12/2022;Fabricação de artigos para viagem, bolsas e semelhantes de qualquer material;INDÚSTRIAS DE TRANSFORMAÇÃO;C;15;15.2;SC
EED;85.255.743/0001-65;SOL SPORTS INDUSTRIA E COMERCIO LTDA;08/01/1992;DEMAIS;206-2;33.14-7-10;5891;15/12/2022;Manutenção e reparação de máquinas e equipamentos da indústria mecânica;INDÚSTRIAS DE TRANSFORMAÇÃO;C;33;33.1;SC
EED;85.255.743/0001-65;SOL SPORTS INDUSTRIA E COMERCIO LTDA;08/01/1992;DEMAIS;206-2;47.63-6-02;5891;15/12/2022;Comércio varejista de artigos recreativos e esportivos;"COMÉRCIO; REPARAÇÃO DE VEÍCULOS AUTOMOTORES E MOTOCICLETAS";G;47;47.6;SC
EED;85.255.743/0001-65;SOL SPORTS INDUSTRIA E COMERCIO LTDA;08/01/1992;DEMAIS;206-2;47.81-4-00;5891;15/12/2022;Comércio varejista de artigos do vestuário e acessórios;"COMÉRCIO; REPARAÇÃO DE VEÍCULOS AUTOMOTORES E MOTOCICLETAS";G;47;47.8;SC
ED;04.059.223/0001-85;SONACA BRASIL LTDA;31/08/2000;DEMAIS;206-2;30.42-3-00;3215;12/06/2023;Fabricação de turbinas, motores e outros componentes e peças para aeronaves;INDÚSTRIAS DE TRANSFORMAÇÃO;C;30;30.4;SP
ED;04.059.223/0001-85;SONACA BRASIL LTDA;31/08/2000;DEMAIS;206-2;25.39-0-01;3215;12/06/2023;Serviços de usinagem, solda, tratamento e revestimento em metais;INDÚSTRIAS DE TRANSFORMAÇÃO;C;25;25.3;SP
ED;04.059.223/0001-85;SONACA BRASIL LTDA;31/08/2000;DEMAIS;206-2;25.39-0-02;3215;12/06/2023;Serviços de usinagem, solda, tratamento e revestimento em metais;INDÚSTRIAS DE TRANSFORMAÇÃO;C;25;25.3;SP
ED;04.059.223/0001-85;SONACA BRASIL LTDA;31/08/2000;DEMAIS;206-2;28.40-2-00;3215;12/06/2023;Fabricação de máquinas-ferramenta;INDÚSTRIAS DE TRANSFORMAÇÃO;C;28;28.4;SP
ED;04.059.223/0001-85;SONACA BRASIL LTDA;31/08/2000;DEMAIS;206-2;33.12-1-02;3215;12/06/2023;Manutenção e reparação de equipamentos eletrônicos e ópticos;INDÚSTRIAS DE TRANSFORMAÇÃO;C;33;33.1;SP
ED;04.059.223/0001-85;SONACA BRASIL LTDA;31/08/2000;DEMAIS;206-2;33.14-7-13;3215;12/06/2023;Manutenção e reparação de máquinas e equipamentos da indústria mecânica;INDÚSTRIAS DE TRANSFORMAÇÃO;C;33;33.1;SP
ED;04.059.223/0001-85;SONACA BRASIL LTDA;31/08/2000;DEMAIS;206-2;33.14-7-18;3215;12/06/2023;Manutenção e reparação de máquinas e equipamentos da indústria mecânica;INDÚSTRIAS DE TRANSFORMAÇÃO;C;33;33.1;SP
ED;04.059.223/0001-85;SONACA BRASIL LTDA;31/08/2000;DEMAIS;206-2;33.21-0-00;3215;12/06/2023;Instalação de máquinas e equipamentos industriais;INDÚSTRIAS DE TRANSFORMAÇÃO;C;33;33.2;SP
ED;04.059.223/0001-85;SONACA BRASIL LTDA;31/08/2000;DEMAIS;206-2;46.63-0-00;3215;12/06/2023;"Comércio atacadista de máquinas e equipamentos para uso industrial; partes e peças";"COMÉRCIO; REPARAÇÃO DE VEÍCULOS AUTOMOTORES E MOTOCICLETAS";G;46;46.6;SP
ED;04.059.223/0001-85;SONACA BRASIL LTDA;31/08/2000;DEMAIS;206-2;46.69-9-99;3215;12/06/2023;"Comércio atacadista de máquinas, aparelhos e equipamentos não especificados anteriormente; partes e peças";"COMÉRCIO; REPARAÇÃO DE VEÍCULOS AUTOMOTORES E MOTOCICLETAS";G;46;46.6;SP
ED;04.059.223/0001-85;SONACA BRASIL LTDA;31/08/2000;DEMAIS;206-2;47.44-0-01;3215;12/06/2023;Comércio varejista de ferragens, madeira e materiais de construção;"COMÉRCIO; REPARAÇÃO DE VEÍCULOS AUTOMOTORES E MOTOCICLETAS";G;47;47.4;SP
ED;04.059.223/0001-85;SONACA BRASIL LTDA;31/08/2000;DEMAIS;206-2;71.12-0-00;3215;12/06/2023;Serviços de engenharia;ATIVIDADES PROFISSIONAIS, CIENTÍFICAS E TÉCNICAS;M;71;71.1;SP
ED;04.059.223/0001-85;SONACA BRASIL LTDA;31/08/2000;DEMAIS;206-2;71.19-7-03;3215;12/06/2023;Atividades técnicas relacionadas à arquitetura e engenharia;ATIVIDADES PROFISSIONAIS, CIENTÍFICAS E TÉCNICAS;M;71;71.1;SP
ED;04.059.223/0001-85;SONACA BRASIL LTDA;31/08/2000;DEMAIS;206-2;71.20-1-00;3215;12/06/2023;Testes e análises técnicas;ATIVIDADES PROFISSIONAIS, CIENTÍFICAS E TÉCNICAS;M;71;71.2;SP
ED;04.059.223/0001-85;SONACA BRASIL LTDA;31/08/2000;DEMAIS;206-2;73.20-3-00;3215;12/06/2023;Pesquisas de mercado e de opinião pública;ATIVIDADES PROFISSIONAIS, CIENTÍFICAS E TÉCNICAS;M;73;73.2;SP
EED;04.543.932/0001-31;SOS SALVATAGEM;06/07/2001;DEMAIS;206-2;33.17-1-01;3216;12/06/2023;Manutenção e reparação de embarcações;INDÚSTRIAS DE TRANSFORMAÇÃO;C;33;33.1;RJ
EED;04.543.932/0001-31;SOS SALVATAGEM;06/07/2001;DEMAIS;206-2;28.29-1-99;3216;12/06/2023;Fabricação de máquinas e equipamentos de uso geral não especificados anteriormente;INDÚSTRIAS DE TRANSFORMAÇÃO;C;28;28.2;RJ
EED;04.543.932/0001-31;SOS SALVATAGEM;06/07/2001;DEMAIS;206-2;30.11-3-02;3216;12/06/2023;Construção de embarcações e estruturas flutuantes;INDÚSTRIAS DE TRANSFORMAÇÃO;C;30;30.1;RJ
EED;04.543.932/0001-31;SOS SALVATAGEM;06/07/2001;DEMAIS;206-2;32.92-2-02;3216;12/06/2023;Fabricação de equipamentos e acessórios para segurança e proteção pessoal e profissional;INDÚSTRIAS DE TRANSFORMAÇÃO;C;32;32.9;RJ
EED;04.543.932/0001-31;SOS SALVATAGEM;06/07/2001;DEMAIS;206-2;33.14-7-99;3216;12/06/2023;Manutenção e reparação de máquinas e equipamentos da indústria mecânica;INDÚSTRIAS DE TRANSFORMAÇÃO;C;33;33.1;RJ
EED;04.543.932/0001-31;SOS SALVATAGEM;06/07/2001;DEMAIS;206-2;46.18-4-99;3216;12/06/2023;Representantes comerciais e agentes do comércio especializado em produtos não especificados anteriormente;"COMÉRCIO; REPARAÇÃO DE VEÍCULOS AUTOMOTORES E MOTOCICLETAS";G;46;46.1;RJ
EED;04.543.932/0001-31;SOS SALVATAGEM;06/07/2001;DEMAIS;206-2;46.19-2-00;3216;12/06/2023;Representantes comerciais e agentes do comércio de mercadorias em geral não especializado;"COMÉRCIO; REPARAÇÃO DE VEÍCULOS AUTOMOTORES E MOTOCICLETAS";G;46;46.1;RJ
EED;04.543.932/0001-31;SOS SALVATAGEM;06/07/2001;DEMAIS;206-2;47.63-6-04;3216;12/06/2023;Comércio varejista de artigos recreativos e esportivos;"COMÉRCIO; REPARAÇÃO DE VEÍCULOS AUTOMOTORES E MOTOCICLETAS";G;47;47.6;RJ
EED;04.543.932/0001-31;SOS SALVATAGEM;06/07/2001;DEMAIS;206-2;47.63-6-05;3216;12/06/2023;Comércio varejista de artigos recreativos e esportivos;"COMÉRCIO; REPARAÇÃO DE VEÍCULOS AUTOMOTORES E MOTOCICLETAS";G;47;47.6;RJ
EED;04.543.932/0001-31;SOS SALVATAGEM;06/07/2001;DEMAIS;206-2;47.89-0-99 ;3216;12/06/2023;Comércio varejista de outros produtos novos não especificados anteriormente;"COMÉRCIO; REPARAÇÃO DE VEÍCULOS AUTOMOTORES E MOTOCICLETAS";G;47;47.8;RJ
EED;04.543.932/0001-31;SOS SALVATAGEM;06/07/2001;DEMAIS;206-2;50.30-1-01;3216;12/06/2023;Navegação de apoio;TRANSPORTE, ARMAZENAGEM E CORREIO;H;50;50.3;RJ
EED;04.543.932/0001-31;SOS SALVATAGEM;06/07/2001;DEMAIS;206-2;52.31-1-02 ;3216;12/06/2023;Gestão de portos e terminais;TRANSPORTE, ARMAZENAGEM E CORREIO;H;52;52.3;RJ
EED;04.543.932/0001-31;SOS SALVATAGEM;06/07/2001;DEMAIS;206-2;77.19-5-01;3216;12/06/2023;Locação de meios de transporte, exceto automóveis, sem condutor;ATIVIDADES ADMINISTRATIVAS E SERVIÇOS COMPLEMENTARES;N;77;77.1;RJ
EED;04.543.932/0001-31;SOS SALVATAGEM;06/07/2001;DEMAIS;206-2;77.19-5-99;3216;12/06/2023;Locação de meios de transporte, exceto automóveis, sem condutor;ATIVIDADES ADMINISTRATIVAS E SERVIÇOS COMPLEMENTARES;N;77;77.1;RJ
EED;04.543.932/0001-31;SOS SALVATAGEM;06/07/2001;DEMAIS;206-2;80.20-0-02;3216;12/06/2023;Atividades de monitoramento de sistemas de segurança;ATIVIDADES ADMINISTRATIVAS E SERVIÇOS COMPLEMENTARES;N;80;80.2;RJ
EED;04.543.932/0001-31;SOS SALVATAGEM;06/07/2001;DEMAIS;206-2;82.99-7-99 ;3216;12/06/2023;Atividades de serviços prestados principalmente às empresas não especificadas anteriormente;ATIVIDADES ADMINISTRATIVAS E SERVIÇOS COMPLEMENTARES;N;82;82.9;RJ
EED;59.933.705/0001-04;SPECTRA TEC.IND. COMERCIO DE SERVICOS DE INFORMATICA LTDA;08/12/1988;DEMAIS;206-2;26.22-1-00;1346;28/05/2014;Fabricação de periféricos para equipamentos de informática;INDÚSTRIAS DE TRANSFORMAÇÃO;C;26;26.2;SP
EED;59.933.705/0001-04;SPECTRA TEC.IND. COMERCIO DE SERVICOS DE INFORMATICA LTDA;08/12/1988;DEMAIS;206-2;27.40-6-01;1346;28/05/2014;Fabricação de lâmpadas e outros equipamentos de iluminação;INDÚSTRIAS DE TRANSFORMAÇÃO;C;27;27.4;SP
EED;59.933.705/0001-04;SPECTRA TEC.IND. COMERCIO DE SERVICOS DE INFORMATICA LTDA;08/12/1988;DEMAIS;206-2;27.40-6-02;1346;28/05/2014;Fabricação de lâmpadas e outros equipamentos de iluminação;INDÚSTRIAS DE TRANSFORMAÇÃO;C;27;27.4;SP
EED;59.933.705/0001-04;SPECTRA TEC.IND. COMERCIO DE SERVICOS DE INFORMATICA LTDA;08/12/1988;DEMAIS;206-2;77.39-0-99;1346;28/05/2014;Aluguel de máquinas e equipamentos não especificados anteriormente;ATIVIDADES ADMINISTRATIVAS E SERVIÇOS COMPLEMENTARES;N;77;77.3;SP
EED;59.933.705/0001-04;SPECTRA TEC.IND. COMERCIO DE SERVICOS DE INFORMATICA LTDA;08/12/1988;DEMAIS;206-2;71.19-7-99;1346;28/05/2014;Atividades técnicas relacionadas à arquitetura e engenharia;ATIVIDADES PROFISSIONAIS, CIENTÍFICAS E TÉCNICAS;M;71;71.1;SP
EED;59.933.705/0001-04;SPECTRA TEC.IND. COMERCIO DE SERVICOS DE INFORMATICA LTDA;08/12/1988;DEMAIS;206-2;71.19-7-03;1346;28/05/2014;Atividades técnicas relacionadas à arquitetura e engenharia;ATIVIDADES PROFISSIONAIS, CIENTÍFICAS E TÉCNICAS;M;71;71.1;SP
EED;59.933.705/0001-04;SPECTRA TEC.IND. COMERCIO DE SERVICOS DE INFORMATICA LTDA;08/12/1988;DEMAIS;206-2;80.20-0-01;1346;28/05/2014;Atividades de monitoramento de sistemas de segurança;ATIVIDADES ADMINISTRATIVAS E SERVIÇOS COMPLEMENTARES;N;80;80.2;SP
EED;59.933.705/0001-04;SPECTRA TEC.IND. COMERCIO DE SERVICOS DE INFORMATICA LTDA;08/12/1988;DEMAIS;206-2;95.11-8-00;1346;28/05/2014;Reparação e manutenção de computadores e de equipamentos periféricos;OUTRAS ATIVIDADES DE SERVIÇOS;S;95;95.1;SP
EED;59.933.705/0001-04;SPECTRA TEC.IND. COMERCIO DE SERVICOS DE INFORMATICA LTDA;08/12/1988;DEMAIS;206-2;26.51-5-00;1346;28/05/2014;Fabricação de aparelhos e equipamentos de medida, teste e controle;INDÚSTRIAS DE TRANSFORMAÇÃO;C;26;26.5;SP
EED;59.933.705/0001-04;SPECTRA TEC.IND. COMERCIO DE SERVICOS DE INFORMATICA LTDA;08/12/1988;DEMAIS;206-2;27.90-2-99;1346;28/05/2014;Fabricação de equipamentos e aparelhos elétricos não especificados anteriormente;INDÚSTRIAS DE TRANSFORMAÇÃO;C;27;27.9;SP
EED;59.933.705/0001-04;SPECTRA TEC.IND. COMERCIO DE SERVICOS DE INFORMATICA LTDA;08/12/1988;DEMAIS;206-2;28.29-1-99;1346;28/05/2014;Fabricação de máquinas e equipamentos de uso geral não especificados anteriormente;INDÚSTRIAS DE TRANSFORMAÇÃO;C;28;28.2;SP
EED;59.933.705/0001-04;SPECTRA TEC.IND. COMERCIO DE SERVICOS DE INFORMATICA LTDA;08/12/1988;DEMAIS;206-2;28.69-1-00;1346;28/05/2014;Fabricação de máquinas e equipamentos para uso industrial específico não especificados anteriormente;INDÚSTRIAS DE TRANSFORMAÇÃO;C;28;28.6;SP
EED;59.933.705/0001-04;SPECTRA TEC.IND. COMERCIO DE SERVICOS DE INFORMATICA LTDA;08/12/1988;DEMAIS;206-2;62.02-3-00;1346;28/05/2014;Desenvolvimento e licenciamento de programas de computador customizáveis;INFORMAÇÃO E COMUNICAÇÃO;J;62;62.0;SP
EED;59.933.705/0001-04;SPECTRA TEC.IND. COMERCIO DE SERVICOS DE INFORMATICA LTDA;08/12/1988;DEMAIS;206-2;71.12-0-00;1346;28/05/2014;Serviços de engenharia;ATIVIDADES PROFISSIONAIS, CIENTÍFICAS E TÉCNICAS;M;71;71.1;SP
EED;59.933.705/0001-04;SPECTRA TEC.IND. COMERCIO DE SERVICOS DE INFORMATICA LTDA;08/12/1988;DEMAIS;206-2;71.20-1-00;1346;28/05/2014;Testes e análises técnicas;ATIVIDADES PROFISSIONAIS, CIENTÍFICAS E TÉCNICAS;M;71;71.2;SP
EED;24.691.488/0001-09;STEFANINI RAFAEL SEGURANCA E DEFESA SA;29/04/2016;DEMAIS;205-4;62.01-5-01;4075;04/12/2020;Desenvolvimento de programas de computador sob encomenda;INFORMAÇÃO E COMUNICAÇÃO;J;62;62.0;SP
EED;24.691.488/0001-09;STEFANINI RAFAEL SEGURANCA E DEFESA SA;29/04/2016;DEMAIS;205-4;46.51-6-01;4075;04/12/2020;Comércio atacadista de computadores, periféricos e suprimentos de informática;"COMÉRCIO; REPARAÇÃO DE VEÍCULOS AUTOMOTORES E MOTOCICLETAS";G;46;46.5;SP
EED;24.691.488/0001-09;STEFANINI RAFAEL SEGURANCA E DEFESA SA;29/04/2016;DEMAIS;205-4;62.02-3-00;4075;04/12/2020;Desenvolvimento e licenciamento de programas de computador customizáveis;INFORMAÇÃO E COMUNICAÇÃO;J;62;62.0;SP
EED;24.691.488/0001-09;STEFANINI RAFAEL SEGURANCA E DEFESA SA;29/04/2016;DEMAIS;205-4;62.03-1-00;4075;04/12/2020;Desenvolvimento e licenciamento de programas de computador não-customizáveis;INFORMAÇÃO E COMUNICAÇÃO;J;62;62.0;SP
EED;24.691.488/0001-09;STEFANINI RAFAEL SEGURANCA E DEFESA SA;29/04/2016;DEMAIS;205-4;62.04-0-00;4075;04/12/2020;Consultoria em tecnologia da informação;INFORMAÇÃO E COMUNICAÇÃO;J;62;62.0;SP
EED;24.691.488/0001-09;STEFANINI RAFAEL SEGURANCA E DEFESA SA;29/04/2016;DEMAIS;205-4;62.09-1-00;4075;04/12/2020;Suporte técnico, manutenção e outros serviços em tecnologia da informação;INFORMAÇÃO E COMUNICAÇÃO;J;62;62.0;SP
EED;24.691.488/0001-09;STEFANINI RAFAEL SEGURANCA E DEFESA SA;29/04/2016;DEMAIS;205-4;63.19-4-00;4075;04/12/2020;Portais, provedores de conteúdo e outros serviços de informação na internet;INFORMAÇÃO E COMUNICAÇÃO;J;63;63.1;SP
EED;24.691.488/0001-09;STEFANINI RAFAEL SEGURANCA E DEFESA SA;29/04/2016;DEMAIS;205-4;64.62-0-00;4075;04/12/2020;Holdings de instituições não-financeiras;ATIVIDADES FINANCEIRAS, DE SEGUROS E SERVIÇOS RELACIONADOS;K;64;64.6;SP
EED;24.691.488/0001-09;STEFANINI RAFAEL SEGURANCA E DEFESA SA;29/04/2016;DEMAIS;205-4;95.11-8-00;4075;04/12/2020;Reparação e manutenção de computadores e de equipamentos periféricos;OUTRAS ATIVIDADES DE SERVIÇOS;S;95;95.1;SP
EED;23.401.603/0001-09;STELLA TECNOLOGIA INDUSTRIA E COMERCIO AEROSPACIAL;23/09/2015;DEMAIS;206-2;30.41-5-00;3436;19/09/2017;Fabricação de aeronaves;INDÚSTRIAS DE TRANSFORMAÇÃO;C;30;30.4;RJ
EED;23.401.603/0001-09;STELLA TECNOLOGIA INDUSTRIA E COMERCIO AEROSPACIAL;23/09/2015;DEMAIS;206-2;47.53-9-00;3436;19/09/2017;Comércio varejista especializado de eletrodomésticos e equipamentos de áudio e vídeo;"COMÉRCIO; REPARAÇÃO DE VEÍCULOS AUTOMOTORES E MOTOCICLETAS";G;47;47.5;RJ
EED;23.401.603/0001-09;STELLA TECNOLOGIA INDUSTRIA E COMERCIO AEROSPACIAL;23/09/2015;DEMAIS;206-2;77.19-5-02;3436;19/09/2017;Locação de meios de transporte, exceto automóveis, sem condutor;ATIVIDADES ADMINISTRATIVAS E SERVIÇOS COMPLEMENTARES;N;77;77.1;RJ
EED;01.451.864/0001-92;SUTECH ENGENHARIA LTDA;23/09/1996;DEMAIS;206-2;71.19-7-99;6133;18/12/2023;Atividades técnicas relacionadas à arquitetura e engenharia;ATIVIDADES PROFISSIONAIS, CIENTÍFICAS E TÉCNICAS;M;71;71.1;RJ
EED;01.451.864/0001-92;SUTECH ENGENHARIA LTDA;23/09/1996;DEMAIS;206-2;46.69-9-99;6133;18/12/2023;"Comércio atacadista de máquinas, aparelhos e equipamentos não especificados anteriormente; partes e peças";"COMÉRCIO; REPARAÇÃO DE VEÍCULOS AUTOMOTORES E MOTOCICLETAS";G;46;46.6;RJ
EED;92.781.335/0001-02;TAURUS ARMAS SA;11/08/1966;DEMAIS;204-6;25.50-1-02;1346;28/05/2014;Fabricação de equipamento bélico pesado, armas de fogo e munições;INDÚSTRIAS DE TRANSFORMAÇÃO;C;25;25.5;RS
EED;92.781.335/0001-02;TAURUS ARMAS SA;11/08/1966;DEMAIS;204-6;14.12-6-01;1346;28/05/2014;Confecção de peças do vestuário, exceto roupas íntimas;INDÚSTRIAS DE TRANSFORMAÇÃO;C;14;14.1;RS
EED;92.781.335/0001-02;TAURUS ARMAS SA;11/08/1966;DEMAIS;204-6;14.13-4-01;1346;28/05/2014;Confecção de roupas profissionais;INDÚSTRIAS DE TRANSFORMAÇÃO;C;14;14.1;RS
EED;92.781.335/0001-02;TAURUS ARMAS SA;11/08/1966;DEMAIS;204-6;15.29-7-00;1346;28/05/2014;Fabricação de artefatos de couro não especificados anteriormente;INDÚSTRIAS DE TRANSFORMAÇÃO;C;15;15.2;RS
EED;92.781.335/0001-02;TAURUS ARMAS SA;11/08/1966;DEMAIS;204-6;25.31-4-01;1346;28/05/2014;Produção de forjados de aço e de metais não-ferrosos e suas ligas;INDÚSTRIAS DE TRANSFORMAÇÃO;C;25;25.3;RS
EED;92.781.335/0001-02;TAURUS ARMAS SA;11/08/1966;DEMAIS;204-6;25.41-1-00;1346;28/05/2014;Fabricação de artigos de cutelaria;INDÚSTRIAS DE TRANSFORMAÇÃO;C;25;25.4;RS
EED;92.781.335/0001-02;TAURUS ARMAS SA;11/08/1966;DEMAIS;204-6;25.43-8-00;1346;28/05/2014;Fabricação de ferramentas;INDÚSTRIAS DE TRANSFORMAÇÃO;C;25;25.4;RS
EED;92.781.335/0001-02;TAURUS ARMAS SA;11/08/1966;DEMAIS;204-6;27.90-2-02;1346;28/05/2014;Fabricação de equipamentos e aparelhos elétricos não especificados anteriormente;INDÚSTRIAS DE TRANSFORMAÇÃO;C;27;27.9;RS
EED;92.781.335/0001-02;TAURUS ARMAS SA;11/08/1966;DEMAIS;204-6;28.29-1-99;1346;28/05/2014;Fabricação de máquinas e equipamentos de uso geral não especificados anteriormente;INDÚSTRIAS DE TRANSFORMAÇÃO;C;28;28.2;RS
EED;92.781.335/0001-02;TAURUS ARMAS SA;11/08/1966;DEMAIS;204-6;32.92-2-01;1346;28/05/2014;Fabricação de equipamentos e acessórios para segurança e proteção pessoal e profissional;INDÚSTRIAS DE TRANSFORMAÇÃO;C;32;32.9;RS
EED;92.781.335/0001-02;TAURUS ARMAS SA;11/08/1966;DEMAIS;204-6;32.92-2-02;1346;28/05/2014;Fabricação de equipamentos e acessórios para segurança e proteção pessoal e profissional;INDÚSTRIAS DE TRANSFORMAÇÃO;C;32;32.9;RS
EED;92.781.335/0001-02;TAURUS ARMAS SA;11/08/1966;DEMAIS;204-6;33.21-0-00;1346;28/05/2014;Instalação de máquinas e equipamentos industriais;INDÚSTRIAS DE TRANSFORMAÇÃO;C;33;33.2;RS
EED;92.781.335/0001-02;TAURUS ARMAS SA;11/08/1966;DEMAIS;204-6;64.63-8-00;1346;28/05/2014;Outras sociedades de participação, exceto holdings;ATIVIDADES FINANCEIRAS, DE SEGUROS E SERVIÇOS RELACIONADOS;K;64;64.6;RS
EED;92.781.335/0001-02;TAURUS ARMAS SA;11/08/1966;DEMAIS;204-6;68.10-2-02;1346;28/05/2014;Atividades imobiliárias de imóveis próprios;ATIVIDADES IMOBILIÁRIAS;L;68;68.1;RS
EED;92.781.335/0001-02;TAURUS ARMAS SA;11/08/1966;DEMAIS;204-6;69.11-7-03;1346;28/05/2014;Atividades jurídicas, exceto cartórios;ATIVIDADES PROFISSIONAIS, CIENTÍFICAS E TÉCNICAS;M;69;69.1;RS
EED;92.781.335/0001-02;TAURUS ARMAS SA;11/08/1966;DEMAIS;204-6;70.20-4-00;1346;28/05/2014;Atividades de consultoria em gestão empresarial;ATIVIDADES PROFISSIONAIS, CIENTÍFICAS E TÉCNICAS;M;70;70.2;RS
EED;92.781.335/0001-02;TAURUS ARMAS SA;11/08/1966;DEMAIS;204-6;71.12-0-00;1346;28/05/2014;Serviços de engenharia;ATIVIDADES PROFISSIONAIS, CIENTÍFICAS E TÉCNICAS;M;71;71.1;RS
EED;92.781.335/0001-02;TAURUS ARMAS SA;11/08/1966;DEMAIS;204-6;77.29-2-02;1346;28/05/2014;Aluguel de objetos pessoais e domésticos não especificados anteriormente;ATIVIDADES ADMINISTRATIVAS E SERVIÇOS COMPLEMENTARES;N;77;77.2;RS
EED;92.781.335/0001-02;TAURUS ARMAS SA;11/08/1966;DEMAIS;204-6;77.40-3-00;1346;28/05/2014;Gestão de ativos intangíveis não-financeiros;ATIVIDADES ADMINISTRATIVAS E SERVIÇOS COMPLEMENTARES;N;77;77.4;RS
EED;0.336.701/0001-04;TELECOMUNICACOES BRASILEIRAS SA TELEBRAS;13/11/1972;DEMAIS;203-8;61.10-8-03;4786;26/09/2023;Telecomunicações por fio;INFORMAÇÃO E COMUNICAÇÃO;J;61;61.1;DF
EED;0.336.701/0001-04;TELECOMUNICACOES BRASILEIRAS SA TELEBRAS;13/11/1972;DEMAIS;203-8;61.30-2-00;4786;26/09/2023;Telecomunicações por satélite;INFORMAÇÃO E COMUNICAÇÃO;J;61;61.3;DF
EED;0.336.701/0001-04;TELECOMUNICACOES BRASILEIRAS SA TELEBRAS;13/11/1972;DEMAIS;203-8;61.90-6-01 ;4786;26/09/2023;Outras atividades de telecomunicações;INFORMAÇÃO E COMUNICAÇÃO;J;61;61.9;DF
EED;0.336.701/0001-04;TELECOMUNICACOES BRASILEIRAS SA TELEBRAS;13/11/1972;DEMAIS;203-8;61.90-6-02 ;4786;26/09/2023;Outras atividades de telecomunicações;INFORMAÇÃO E COMUNICAÇÃO;J;61;61.9;DF
EED;0.336.701/0001-04;TELECOMUNICACOES BRASILEIRAS SA TELEBRAS;13/11/1972;DEMAIS;203-8;61.90-6-99;4786;26/09/2023;Outras atividades de telecomunicações;INFORMAÇÃO E COMUNICAÇÃO;J;61;61.9;DF
EED;0.336.701/0001-04;TELECOMUNICACOES BRASILEIRAS SA TELEBRAS;13/11/1972;DEMAIS;203-8;62.09-1-00;4786;26/09/2023;Suporte técnico, manutenção e outros serviços em tecnologia da informação;INFORMAÇÃO E COMUNICAÇÃO;J;62;62.0;DF
EED;0.336.701/0001-04;TELECOMUNICACOES BRASILEIRAS SA TELEBRAS;13/11/1972;DEMAIS;203-8;63.11-9-00;4786;26/09/2023;Tratamento de dados, provedores de serviços de aplicação e serviços de hospedagem na internet;INFORMAÇÃO E COMUNICAÇÃO;J;63;63.1;DF
ED;02.214.014/0001-33;TELESPAZIO BRASIL S/A;31/10/1997;DEMAIS;205-4;61.30-2-00;5575;05/12/2024;Telecomunicações por satélite;INFORMAÇÃO E COMUNICAÇÃO;J;61;61.3;RJ
ED;02.214.014/0001-33;TELESPAZIO BRASIL S/A;31/10/1997;DEMAIS;205-4;61.90-6-99;5575;05/12/2024;Outras atividades de telecomunicações;INFORMAÇÃO E COMUNICAÇÃO;J;61;61.9;RJ
ED;02.214.014/0001-33;TELESPAZIO BRASIL S/A;31/10/1997;DEMAIS;205-4;95.11-8-00;5575;05/12/2024;Reparação e manutenção de computadores e de equipamentos periféricos;OUTRAS ATIVIDADES DE SERVIÇOS;S;95;95.1;RJ
ED;02.214.014/0001-33;TELESPAZIO BRASIL S/A;31/10/1997;DEMAIS;205-4;95.12-6-00;5575;05/12/2024;Reparação e manutenção de equipamentos de comunicação;OUTRAS ATIVIDADES DE SERVIÇOS;S;95;95.1;RJ
EED;02.820.966/0001-09;TERACOM TELEMATICA SA ;20/10/1998;DEMAIS;205-4;26.32-9-00;1360;18/06/2015;Fabricação de aparelhos telefônicos e de outros equipamentos de comunicação;INDÚSTRIAS DE TRANSFORMAÇÃO;C;26;26.3;RS
EED;02.820.966/0001-09;TERACOM TELEMATICA SA ;20/10/1998;DEMAIS;205-4;25.99-3-99;1360;18/06/2015;Fabricação de produtos de metal não especificados anteriormente;INDÚSTRIAS DE TRANSFORMAÇÃO;C;25;25.9;RS
EED;02.820.966/0001-09;TERACOM TELEMATICA SA ;20/10/1998;DEMAIS;205-4;27.33-3-00 ;1360;18/06/2015;Fabricação de fios, cabos e condutores elétricos isolados;INDÚSTRIAS DE TRANSFORMAÇÃO;C;27;27.3;RS
EED;02.820.966/0001-09;TERACOM TELEMATICA SA ;20/10/1998;DEMAIS;205-4;47.42-3-00 ;1360;18/06/2015;Comércio varejista de material elétrico;"COMÉRCIO; REPARAÇÃO DE VEÍCULOS AUTOMOTORES E MOTOCICLETAS";G;47;47.4;RS
EED;02.820.966/0001-09;TERACOM TELEMATICA SA ;20/10/1998;DEMAIS;205-4;47.51-2-01;1360;18/06/2015;Comércio varejista especializado de equipamentos e suprimentos de informática;"COMÉRCIO; REPARAÇÃO DE VEÍCULOS AUTOMOTORES E MOTOCICLETAS";G;47;47.5;RS
EED;02.820.966/0001-09;TERACOM TELEMATICA SA ;20/10/1998;DEMAIS;205-4;47.52-1-00;1360;18/06/2015;Comércio varejista especializado de equipamentos de telefonia e comunicação;"COMÉRCIO; REPARAÇÃO DE VEÍCULOS AUTOMOTORES E MOTOCICLETAS";G;47;47.5;RS
EED;02.820.966/0001-09;TERACOM TELEMATICA SA ;20/10/1998;DEMAIS;205-4;61.90-6-99;1360;18/06/2015;Outras atividades de telecomunicações;INFORMAÇÃO E COMUNICAÇÃO;J;61;61.9;RS
EED;02.820.966/0001-09;TERACOM TELEMATICA SA ;20/10/1998;DEMAIS;205-4;62.02-3-00;1360;18/06/2015;Desenvolvimento e licenciamento de programas de computador customizáveis;INFORMAÇÃO E COMUNICAÇÃO;J;62;62.0;RS
EED;02.820.966/0001-09;TERACOM TELEMATICA SA ;20/10/1998;DEMAIS;205-4;62.03-1-00;1360;18/06/2015;Desenvolvimento e licenciamento de programas de computador não-customizáveis;INFORMAÇÃO E COMUNICAÇÃO;J;62;62.0;RS
EED;02.820.966/0001-09;TERACOM TELEMATICA SA ;20/10/1998;DEMAIS;205-4;62.04-0-00;1360;18/06/2015;Consultoria em tecnologia da informação;INFORMAÇÃO E COMUNICAÇÃO;J;62;62.0;RS
EED;02.820.966/0001-09;TERACOM TELEMATICA SA ;20/10/1998;DEMAIS;205-4;95.12-6-00;1360;18/06/2015;Reparação e manutenção de equipamentos de comunicação;OUTRAS ATIVIDADES DE SERVIÇOS;S;95;95.1;RS
EED;19.462.710/0001-61;THRUONE ENGENHARIA LTDA;06/12/2013;EPP;206-2;78.20-5-00;1588;16/04/2020;Locação de mão-de-obra temporária;ATIVIDADES ADMINISTRATIVAS E SERVIÇOS COMPLEMENTARES;N;78;78.2;SP
EED;19.462.710/0001-61;THRUONE ENGENHARIA LTDA;06/12/2013;EPP;206-2;25.39-0-01;1588;16/04/2020;Serviços de usinagem, solda, tratamento e revestimento em metais;INDÚSTRIAS DE TRANSFORMAÇÃO;C;25;25.3;SP
EED;19.462.710/0001-61;THRUONE ENGENHARIA LTDA;06/12/2013;EPP;206-2;25.39-0-02;1588;16/04/2020;Serviços de usinagem, solda, tratamento e revestimento em metais;INDÚSTRIAS DE TRANSFORMAÇÃO;C;25;25.3;SP
EED;19.462.710/0001-61;THRUONE ENGENHARIA LTDA;06/12/2013;EPP;206-2;28.40-2-00;1588;16/04/2020;Fabricação de máquinas-ferramenta;INDÚSTRIAS DE TRANSFORMAÇÃO;C;28;28.4;SP
EED;19.462.710/0001-61;THRUONE ENGENHARIA LTDA;06/12/2013;EPP;206-2;28.69-1-00;1588;16/04/2020;Fabricação de máquinas e equipamentos para uso industrial específico não especificados anteriormente;INDÚSTRIAS DE TRANSFORMAÇÃO;C;28;28.6;SP
EED;19.462.710/0001-61;THRUONE ENGENHARIA LTDA;06/12/2013;EPP;206-2;29.30-1-01;1588;16/04/2020;Fabricação de cabines, carrocerias e reboques para veículos automotores;INDÚSTRIAS DE TRANSFORMAÇÃO;C;29;29.3;SP
EED;19.462.710/0001-61;THRUONE ENGENHARIA LTDA;06/12/2013;EPP;206-2;29.41-7-00;1588;16/04/2020;Fabricação de peças e acessórios para o sistema motor de veículos automotores;INDÚSTRIAS DE TRANSFORMAÇÃO;C;29;29.4;SP
EED;19.462.710/0001-61;THRUONE ENGENHARIA LTDA;06/12/2013;EPP;206-2;29.45-0-00;1588;16/04/2020;Fabricação de material elétrico e eletrônico para veículos automotores, exceto baterias;INDÚSTRIAS DE TRANSFORMAÇÃO;C;29;29.4;SP
EED;19.462.710/0001-61;THRUONE ENGENHARIA LTDA;06/12/2013;EPP;206-2;30.42-3-00;1588;16/04/2020;Fabricação de turbinas, motores e outros componentes e peças para aeronaves;INDÚSTRIAS DE TRANSFORMAÇÃO;C;30;30.4;SP
EED;19.462.710/0001-61;THRUONE ENGENHARIA LTDA;06/12/2013;EPP;206-2;33.12-1-02;1588;16/04/2020;Manutenção e reparação de equipamentos eletrônicos e ópticos;INDÚSTRIAS DE TRANSFORMAÇÃO;C;33;33.1;SP
EED;19.462.710/0001-61;THRUONE ENGENHARIA LTDA;06/12/2013;EPP;206-2;33.14-7-13;1588;16/04/2020;Manutenção e reparação de máquinas e equipamentos da indústria mecânica;INDÚSTRIAS DE TRANSFORMAÇÃO;C;33;33.1;SP
EED;19.462.710/0001-61;THRUONE ENGENHARIA LTDA;06/12/2013;EPP;206-2;33.14-7-99;1588;16/04/2020;Manutenção e reparação de máquinas e equipamentos da indústria mecânica;INDÚSTRIAS DE TRANSFORMAÇÃO;C;33;33.1;SP
EED;19.462.710/0001-61;THRUONE ENGENHARIA LTDA;06/12/2013;EPP;206-2;33.21-0-00;1588;16/04/2020;Instalação de máquinas e equipamentos industriais;INDÚSTRIAS DE TRANSFORMAÇÃO;C;33;33.2;SP
EED;19.462.710/0001-61;THRUONE ENGENHARIA LTDA;06/12/2013;EPP;206-2;46.63-0-00;1588;16/04/2020;"Comércio atacadista de máquinas e equipamentos para uso industrial; partes e peças";"COMÉRCIO; REPARAÇÃO DE VEÍCULOS AUTOMOTORES E MOTOCICLETAS";G;46;46.6;SP
EED;19.462.710/0001-61;THRUONE ENGENHARIA LTDA;06/12/2013;EPP;206-2;46.69-9-99;1588;16/04/2020;"Comércio atacadista de máquinas, aparelhos e equipamentos não especificados anteriormente; partes e peças";"COMÉRCIO; REPARAÇÃO DE VEÍCULOS AUTOMOTORES E MOTOCICLETAS";G;46;46.6;SP
EED;19.462.710/0001-61;THRUONE ENGENHARIA LTDA;06/12/2013;EPP;206-2;62.01-5-01;1588;16/04/2020;Desenvolvimento de programas de computador sob encomenda;INFORMAÇÃO E COMUNICAÇÃO;J;62;62.0;SP
EED;19.462.710/0001-61;THRUONE ENGENHARIA LTDA;06/12/2013;EPP;206-2;64.62-0-00;1588;16/04/2020;Holdings de instituições não-financeiras;ATIVIDADES FINANCEIRAS, DE SEGUROS E SERVIÇOS RELACIONADOS;K;64;64.6;SP
EED;19.462.710/0001-61;THRUONE ENGENHARIA LTDA;06/12/2013;EPP;206-2;64.63-8-00;1588;16/04/2020;Outras sociedades de participação, exceto holdings;ATIVIDADES FINANCEIRAS, DE SEGUROS E SERVIÇOS RELACIONADOS;K;64;64.6;SP
EED;19.462.710/0001-61;THRUONE ENGENHARIA LTDA;06/12/2013;EPP;206-2;70.20-4-00;1588;16/04/2020;Atividades de consultoria em gestão empresarial;ATIVIDADES PROFISSIONAIS, CIENTÍFICAS E TÉCNICAS;M;70;70.2;SP
EED;19.462.710/0001-61;THRUONE ENGENHARIA LTDA;06/12/2013;EPP;206-2;71.12-0-00;1588;16/04/2020;Serviços de engenharia;ATIVIDADES PROFISSIONAIS, CIENTÍFICAS E TÉCNICAS;M;71;71.1;SP
EED;19.462.710/0001-61;THRUONE ENGENHARIA LTDA;06/12/2013;EPP;206-2;71.19-7-03;1588;16/04/2020;Atividades técnicas relacionadas à arquitetura e engenharia;ATIVIDADES PROFISSIONAIS, CIENTÍFICAS E TÉCNICAS;M;71;71.1;SP
EED;19.462.710/0001-61;THRUONE ENGENHARIA LTDA;06/12/2013;EPP;206-2;71.20-1-00;1588;16/04/2020;Testes e análises técnicas;ATIVIDADES PROFISSIONAIS, CIENTÍFICAS E TÉCNICAS;M;71;71.2;SP
EED;19.462.710/0001-61;THRUONE ENGENHARIA LTDA;06/12/2013;EPP;206-2;72.10-0-00;1588;16/04/2020;Pesquisa e desenvolvimento experimental em ciências físicas e naturais;ATIVIDADES PROFISSIONAIS, CIENTÍFICAS E TÉCNICAS;M;72;72.1;SP
EED;19.462.710/0001-61;THRUONE ENGENHARIA LTDA;06/12/2013;EPP;206-2;74.90-1-04;1588;16/04/2020;Atividades profissionais, científicas e técnicas não especificadas anteriormente;ATIVIDADES PROFISSIONAIS, CIENTÍFICAS E TÉCNICAS;M;74;74.9;SP
EED;19.462.710/0001-61;THRUONE ENGENHARIA LTDA;06/12/2013;EPP;206-2;85.99-6-04;1588;16/04/2020;Atividades de ensino não especificadas anteriormente;EDUCAÇÃO;P;85;85.9;SP
ED;35.490.621/0001-85;TOVIESUR QUIMICA LTDA;12/11/2019;ME;206-2;46.84-2-99;5891;15/12/2022;Comércio atacadista de produtos químicos e petroquímicos, exceto agroquímicos;"COMÉRCIO; REPARAÇÃO DE VEÍCULOS AUTOMOTORES E MOTOCICLETAS";G;46;46.8;SP
ED;35.490.621/0001-85;TOVIESUR QUIMICA LTDA;12/11/2019;ME;206-2;13.40-5-99;5891;15/12/2022;Acabamentos em fios, tecidos e artefatos têxteis;INDÚSTRIAS DE TRANSFORMAÇÃO;C;13;13.4;SP
ED;35.490.621/0001-85;TOVIESUR QUIMICA LTDA;12/11/2019;ME;206-2;14.13-4-03;5891;15/12/2022;Confecção de roupas profissionais;INDÚSTRIAS DE TRANSFORMAÇÃO;C;14;14.1;SP
ED;35.490.621/0001-85;TOVIESUR QUIMICA LTDA;12/11/2019;ME;206-2;46.45-1-01 ;5891;15/12/2022;Comércio atacadista de instrumentos e materiais para uso médico, cirúrgico, ortopédico e odontológico;"COMÉRCIO; REPARAÇÃO DE VEÍCULOS AUTOMOTORES E MOTOCICLETAS";G;46;46.4;SP
ED;35.490.621/0001-85;TOVIESUR QUIMICA LTDA;12/11/2019;ME;206-2;47.63-6-02;5891;15/12/2022;Comércio varejista de artigos recreativos e esportivos;"COMÉRCIO; REPARAÇÃO DE VEÍCULOS AUTOMOTORES E MOTOCICLETAS";G;47;47.6;SP
ED;35.490.621/0001-85;TOVIESUR QUIMICA LTDA;12/11/2019;ME;206-2;47.81-4-00;5891;15/12/2022;Comércio varejista de artigos do vestuário e acessórios;"COMÉRCIO; REPARAÇÃO DE VEÍCULOS AUTOMOTORES E MOTOCICLETAS";G;47;47.8;SP
ED;35.490.621/0001-85;TOVIESUR QUIMICA LTDA;12/11/2019;ME;206-2;47.89-0-05;5891;15/12/2022;Comércio varejista de outros produtos novos não especificados anteriormente;"COMÉRCIO; REPARAÇÃO DE VEÍCULOS AUTOMOTORES E MOTOCICLETAS";G;47;47.8;SP
ED;35.490.621/0001-85;TOVIESUR QUIMICA LTDA;12/11/2019;ME;206-2;47.89-0-99;5891;15/12/2022;Comércio varejista de outros produtos novos não especificados anteriormente;"COMÉRCIO; REPARAÇÃO DE VEÍCULOS AUTOMOTORES E MOTOCICLETAS";G;47;47.8;SP
ED;35.490.621/0001-85;TOVIESUR QUIMICA LTDA;12/11/2019;ME;206-2;71.20-1-00;5891;15/12/2022;Testes e análises técnicas;ATIVIDADES PROFISSIONAIS, CIENTÍFICAS E TÉCNICAS;M;71;71.2;SP
ED;35.490.621/0001-85;TOVIESUR QUIMICA LTDA;12/11/2019;ME;206-2;72.10-0-00;5891;15/12/2022;Pesquisa e desenvolvimento experimental em ciências físicas e naturais;ATIVIDADES PROFISSIONAIS, CIENTÍFICAS E TÉCNICAS;M;72;72.1;SP
ED;35.490.621/0001-85;TOVIESUR QUIMICA LTDA;12/11/2019;ME;206-2;73.19-0-02;5891;15/12/2022;Atividades de publicidade não especificadas anteriormente;ATIVIDADES PROFISSIONAIS, CIENTÍFICAS E TÉCNICAS;M;73;73.1;SP
ED;35.490.621/0001-85;TOVIESUR QUIMICA LTDA;12/11/2019;ME;206-2;73.19-0-03;5891;15/12/2022;Atividades de publicidade não especificadas anteriormente;ATIVIDADES PROFISSIONAIS, CIENTÍFICAS E TÉCNICAS;M;73;73.1;SP
ED;35.490.621/0001-85;TOVIESUR QUIMICA LTDA;12/11/2019;ME;206-2;82.11-3-00;5891;15/12/2022;Serviços combinados de escritório e apoio administrativo;ATIVIDADES ADMINISTRATIVAS E SERVIÇOS COMPLEMENTARES;N;82;82.1;SP
ED;35.490.621/0001-85;TOVIESUR QUIMICA LTDA;12/11/2019;ME;206-2;82.19-9-99;5891;15/12/2022;Fotocópias, preparação de documentos e outros serviços especializados de apoio administrativo;ATIVIDADES ADMINISTRATIVAS E SERVIÇOS COMPLEMENTARES;N;82;82.1;SP
EED;47.454.467/0001-75;TRAMAR INDUSTRIAL LTDA;14/10/1981;DEMAIS;206-2;13.59-6-00;4787;26/09/2023;Fabricação de outros produtos têxteis não especificados anteriormente;INDÚSTRIAS DE TRANSFORMAÇÃO;C;13;13.5;SP
EED;47.454.467/0001-75;TRAMAR INDUSTRIAL LTDA;14/10/1981;DEMAIS;206-2;27.33-3-00;4787;26/09/2023;Fabricação de fios, cabos e condutores elétricos isolados;INDÚSTRIAS DE TRANSFORMAÇÃO;C;27;27.3;SP
EED;47.454.467/0001-75;TRAMAR INDUSTRIAL LTDA;14/10/1981;DEMAIS;206-2;13.54-5-00;4787;26/09/2023;Fabricação de tecidos especiais, inclusive artefatos;INDÚSTRIAS DE TRANSFORMAÇÃO;C;13;13.5;SP
EED;89.422.042/0001-24;TRIEL-HT INDUSTRIAL E PARTICIPACOES SA ;06/09/1966;DEMAIS;205-4;29.20-4-01;3436;19/09/2017;Fabricação de caminhões e ônibus;INDÚSTRIAS DE TRANSFORMAÇÃO;C;29;29.2;RS
EED;89.422.042/0001-24;TRIEL-HT INDUSTRIAL E PARTICIPACOES SA ;06/09/1966;DEMAIS;205-4;29.30-1-01;3436;19/09/2017;Fabricação de cabines, carrocerias e reboques para veículos automotores;INDÚSTRIAS DE TRANSFORMAÇÃO;C;29;29.3;RS
EED;89.422.042/0001-24;TRIEL-HT INDUSTRIAL E PARTICIPACOES SA ;06/09/1966;DEMAIS;205-4;29.30-1-03;3436;19/09/2017;Fabricação de cabines, carrocerias e reboques para veículos automotores;INDÚSTRIAS DE TRANSFORMAÇÃO;C;29;29.3;RS
EED;89.422.042/0001-24;TRIEL-HT INDUSTRIAL E PARTICIPACOES SA ;06/09/1966;DEMAIS;205-4;29.49-2-99;3436;19/09/2017;Fabricação de peças e acessórios para veículos automotores não especificados anteriormente;INDÚSTRIAS DE TRANSFORMAÇÃO;C;29;29.4;RS
EED;89.422.042/0001-24;TRIEL-HT INDUSTRIAL E PARTICIPACOES SA ;06/09/1966;DEMAIS;205-4;33.14-7-11;3436;19/09/2017;Manutenção e reparação de máquinas e equipamentos da indústria mecânica;INDÚSTRIAS DE TRANSFORMAÇÃO;C;33;33.1;RS
EED;89.422.042/0001-24;TRIEL-HT INDUSTRIAL E PARTICIPACOES SA ;06/09/1966;DEMAIS;205-4;33.19-8-00;3436;19/09/2017;Manutenção e reparação de equipamentos e produtos não especificados anteriormente;INDÚSTRIAS DE TRANSFORMAÇÃO;C;33;33.1;RS
EED;89.422.042/0001-24;TRIEL-HT INDUSTRIAL E PARTICIPACOES SA ;06/09/1966;DEMAIS;205-4;45.11-1-04 ;3436;19/09/2017;Comércio a varejo e por atacado de veículos automotores;"COMÉRCIO; REPARAÇÃO DE VEÍCULOS AUTOMOTORES E MOTOCICLETAS";G;45;45.1;RS
EED;89.422.042/0001-24;TRIEL-HT INDUSTRIAL E PARTICIPACOES SA ;06/09/1966;DEMAIS;205-4;46.19-2-00;3436;19/09/2017;Representantes comerciais e agentes do comércio de mercadorias em geral não especializado;"COMÉRCIO; REPARAÇÃO DE VEÍCULOS AUTOMOTORES E MOTOCICLETAS";G;46;46.1;RS
EED;89.422.042/0001-24;TRIEL-HT INDUSTRIAL E PARTICIPACOES SA ;06/09/1966;DEMAIS;205-4;46.61-3-00;3436;19/09/2017;"Comércio atacadista de máquinas, aparelhos e equipamentos para uso agropecuário; partes e peças";"COMÉRCIO; REPARAÇÃO DE VEÍCULOS AUTOMOTORES E MOTOCICLETAS";G;46;46.6;RS
EED;89.422.042/0001-24;TRIEL-HT INDUSTRIAL E PARTICIPACOES SA ;06/09/1966;DEMAIS;205-4;49.30-2-02;3436;19/09/2017;Transporte rodoviário de carga;TRANSPORTE, ARMAZENAGEM E CORREIO;H;49;49.3;RS
EED;89.422.042/0001-24;TRIEL-HT INDUSTRIAL E PARTICIPACOES SA ;06/09/1966;DEMAIS;205-4;64.62-0-00;3436;19/09/2017;Holdings de instituições não-financeiras;ATIVIDADES FINANCEIRAS, DE SEGUROS E SERVIÇOS RELACIONADOS;K;64;64.6;RS
EED;89.422.042/0001-24;TRIEL-HT INDUSTRIAL E PARTICIPACOES SA ;06/09/1966;DEMAIS;205-4;68.10-2-02;3436;19/09/2017;Atividades imobiliárias de imóveis próprios;ATIVIDADES IMOBILIÁRIAS;L;68;68.1;RS
EED;89.422.042/0001-24;TRIEL-HT INDUSTRIAL E PARTICIPACOES SA ;06/09/1966;DEMAIS;205-4;74.90-1-99 ;3436;19/09/2017;Atividades profissionais, científicas e técnicas não especificadas anteriormente;ATIVIDADES PROFISSIONAIS, CIENTÍFICAS E TÉCNICAS;M;74;74.9;RS
EED;89.422.042/0001-24;TRIEL-HT INDUSTRIAL E PARTICIPACOES SA ;06/09/1966;DEMAIS;205-4;77.29-2-99;3436;19/09/2017;Aluguel de objetos pessoais e domésticos não especificados anteriormente;ATIVIDADES ADMINISTRATIVAS E SERVIÇOS COMPLEMENTARES;N;77;77.2;RS
EED;51.539.197/0001-72;TS4 SERVICOS, CONSULTORIA E TREINAMENTO LTDA;24/07/2023;ME;206-2;62.04-0-00;5576;12/12/2024;Consultoria em tecnologia da informação;INFORMAÇÃO E COMUNICAÇÃO;J;62;62.0;SC
EED;51.539.197/0001-72;TS4 SERVICOS, CONSULTORIA E TREINAMENTO LTDA;24/07/2023;ME;206-2;46.18-4-99;5576;12/12/2024;Representantes comerciais e agentes do comércio especializado em produtos não especificados anteriormente;"COMÉRCIO; REPARAÇÃO DE VEÍCULOS AUTOMOTORES E MOTOCICLETAS";G;46;46.1;SC
EED;51.539.197/0001-72;TS4 SERVICOS, CONSULTORIA E TREINAMENTO LTDA;24/07/2023;ME;206-2;62.01-5-01;5576;12/12/2024;Desenvolvimento de programas de computador sob encomenda;INFORMAÇÃO E COMUNICAÇÃO;J;62;62.0;SC
EED;51.539.197/0001-72;TS4 SERVICOS, CONSULTORIA E TREINAMENTO LTDA;24/07/2023;ME;206-2;62.02-3-00;5576;12/12/2024;Desenvolvimento e licenciamento de programas de computador customizáveis;INFORMAÇÃO E COMUNICAÇÃO;J;62;62.0;SC
EED;51.539.197/0001-72;TS4 SERVICOS, CONSULTORIA E TREINAMENTO LTDA;24/07/2023;ME;206-2;62.03-1-00;5576;12/12/2024;Desenvolvimento e licenciamento de programas de computador não-customizáveis;INFORMAÇÃO E COMUNICAÇÃO;J;62;62.0;SC
EED;51.539.197/0001-72;TS4 SERVICOS, CONSULTORIA E TREINAMENTO LTDA;24/07/2023;ME;206-2;62.09-1-00;5576;12/12/2024;Suporte técnico, manutenção e outros serviços em tecnologia da informação;INFORMAÇÃO E COMUNICAÇÃO;J;62;62.0;SC
EED;51.539.197/0001-72;TS4 SERVICOS, CONSULTORIA E TREINAMENTO LTDA;24/07/2023;ME;206-2;63.11-9-00;5576;12/12/2024;Tratamento de dados, provedores de serviços de aplicação e serviços de hospedagem na internet;INFORMAÇÃO E COMUNICAÇÃO;J;63;63.1;SC
EED;51.539.197/0001-72;TS4 SERVICOS, CONSULTORIA E TREINAMENTO LTDA;24/07/2023;ME;206-2;63.19-4-00;5576;12/12/2024;Portais, provedores de conteúdo e outros serviços de informação na internet;INFORMAÇÃO E COMUNICAÇÃO;J;63;63.1;SC
EED;51.539.197/0001-72;TS4 SERVICOS, CONSULTORIA E TREINAMENTO LTDA;24/07/2023;ME;206-2;70.20-4-00;5576;12/12/2024;Atividades de consultoria em gestão empresarial;ATIVIDADES PROFISSIONAIS, CIENTÍFICAS E TÉCNICAS;M;70;70.2;SC
EED;51.539.197/0001-72;TS4 SERVICOS, CONSULTORIA E TREINAMENTO LTDA;24/07/2023;ME;206-2;82.11-3-00;5576;12/12/2024;Serviços combinados de escritório e apoio administrativo;ATIVIDADES ADMINISTRATIVAS E SERVIÇOS COMPLEMENTARES;N;82;82.1;SC
EED;51.539.197/0001-72;TS4 SERVICOS, CONSULTORIA E TREINAMENTO LTDA;24/07/2023;ME;206-2;85.99-6-03;5576;12/12/2024;Atividades de ensino não especificadas anteriormente;EDUCAÇÃO;P;85;85.9;SC
EED;51.539.197/0001-72;TS4 SERVICOS, CONSULTORIA E TREINAMENTO LTDA;24/07/2023;ME;206-2;85.99-6-04;5576;12/12/2024;Atividades de ensino não especificadas anteriormente;EDUCAÇÃO;P;85;85.9;SC
EED;43.886.082/0001-26;TUPAN AIRCRAFT COMPANY LTDA;15/10/2021;DEMAIS;206-2;71.12-0-00;4514;27/09/2024;Serviços de engenharia;ATIVIDADES PROFISSIONAIS, CIENTÍFICAS E TÉCNICAS;M;71;71.1;SP
EED;43.886.082/0001-26;TUPAN AIRCRAFT COMPANY LTDA;15/10/2021;DEMAIS;206-2;33.14-7-01;4514;27/09/2024;Manutenção e reparação de máquinas e equipamentos da indústria mecânica;INDÚSTRIAS DE TRANSFORMAÇÃO;C;33;33.1;SP
EED;43.886.082/0001-26;TUPAN AIRCRAFT COMPANY LTDA;15/10/2021;DEMAIS;206-2;33.14-7-10;4514;27/09/2024;Manutenção e reparação de máquinas e equipamentos da indústria mecânica;INDÚSTRIAS DE TRANSFORMAÇÃO;C;33;33.1;SP
EED;43.886.082/0001-26;TUPAN AIRCRAFT COMPANY LTDA;15/10/2021;DEMAIS;206-2;33.21-0-00;4514;27/09/2024;Instalação de máquinas e equipamentos industriais;INDÚSTRIAS DE TRANSFORMAÇÃO;C;33;33.2;SP
EED;43.886.082/0001-26;TUPAN AIRCRAFT COMPANY LTDA;15/10/2021;DEMAIS;206-2;43.21-5-00;4514;27/09/2024;Instalações elétricas;CONSTRUÇÃO;F;43;43.2;SP
EED;43.886.082/0001-26;TUPAN AIRCRAFT COMPANY LTDA;15/10/2021;DEMAIS;206-2;45.11-1-03;4514;27/09/2024;Comércio a varejo e por atacado de veículos automotores;"COMÉRCIO; REPARAÇÃO DE VEÍCULOS AUTOMOTORES E MOTOCICLETAS";G;45;45.1;SP
EED;43.886.082/0001-26;TUPAN AIRCRAFT COMPANY LTDA;15/10/2021;DEMAIS;206-2;45.30-7-01 ;4514;27/09/2024;Comércio de peças e acessórios para veículos automotores;"COMÉRCIO; REPARAÇÃO DE VEÍCULOS AUTOMOTORES E MOTOCICLETAS";G;45;45.3;SP
EED;43.886.082/0001-26;TUPAN AIRCRAFT COMPANY LTDA;15/10/2021;DEMAIS;206-2;46.63-0-00 ;4514;27/09/2024;"Comércio atacadista de máquinas e equipamentos para uso industrial; partes e peças";"COMÉRCIO; REPARAÇÃO DE VEÍCULOS AUTOMOTORES E MOTOCICLETAS";G;46;46.6;SP
EED;43.886.082/0001-26;TUPAN AIRCRAFT COMPANY LTDA;15/10/2021;DEMAIS;206-2;64.62-0-00;4514;27/09/2024;Holdings de instituições não-financeiras;ATIVIDADES FINANCEIRAS, DE SEGUROS E SERVIÇOS RELACIONADOS;K;64;64.6;SP
EED;43.886.082/0001-26;TUPAN AIRCRAFT COMPANY LTDA;15/10/2021;DEMAIS;206-2;71.19-7-03;4514;27/09/2024;Atividades técnicas relacionadas à arquitetura e engenharia;ATIVIDADES PROFISSIONAIS, CIENTÍFICAS E TÉCNICAS;M;71;71.1;SP
EED;43.886.082/0001-26;TUPAN AIRCRAFT COMPANY LTDA;15/10/2021;DEMAIS;206-2;72.10-0-00;4514;27/09/2024;Pesquisa e desenvolvimento experimental em ciências físicas e naturais;ATIVIDADES PROFISSIONAIS, CIENTÍFICAS E TÉCNICAS;M;72;72.1;SP
EED;43.886.082/0001-26;TUPAN AIRCRAFT COMPANY LTDA;15/10/2021;DEMAIS;206-2;85.99-6-04;4514;27/09/2024;Atividades de ensino não especificadas anteriormente;EDUCAÇÃO;P;85;85.9;SP
EED;43.886.082/0001-26;TUPAN AIRCRAFT COMPANY LTDA;15/10/2021;DEMAIS;206-2;71.12-0-00;4514;27/09/2024;Serviços de engenharia;ATIVIDADES PROFISSIONAIS, CIENTÍFICAS E TÉCNICAS;M;71;71.1;SP
EED;43.886.082/0001-26;TUPAN AIRCRAFT COMPANY LTDA;15/10/2021;DEMAIS;206-2;33.14-7-01;4514;27/09/2024;Manutenção e reparação de máquinas e equipamentos da indústria mecânica;INDÚSTRIAS DE TRANSFORMAÇÃO;C;33;33.1;SP
EED;43.886.082/0001-26;TUPAN AIRCRAFT COMPANY LTDA;15/10/2021;DEMAIS;206-2;33.14-7-10;4514;27/09/2024;Manutenção e reparação de máquinas e equipamentos da indústria mecânica;INDÚSTRIAS DE TRANSFORMAÇÃO;C;33;33.1;SP
EED;43.886.082/0001-26;TUPAN AIRCRAFT COMPANY LTDA;15/10/2021;DEMAIS;206-2;33.21-0-00;4514;27/09/2024;Instalação de máquinas e equipamentos industriais;INDÚSTRIAS DE TRANSFORMAÇÃO;C;33;33.2;SP
EED;43.886.082/0001-26;TUPAN AIRCRAFT COMPANY LTDA;15/10/2021;DEMAIS;206-2;43.21-5-00;4514;27/09/2024;Instalações elétricas;CONSTRUÇÃO;F;43;43.2;SP
EED;43.886.082/0001-26;TUPAN AIRCRAFT COMPANY LTDA;15/10/2021;DEMAIS;206-2;45.11-1-03;4514;27/09/2024;Comércio a varejo e por atacado de veículos automotores;"COMÉRCIO; REPARAÇÃO DE VEÍCULOS AUTOMOTORES E MOTOCICLETAS";G;45;45.1;SP
EED;43.886.082/0001-26;TUPAN AIRCRAFT COMPANY LTDA;15/10/2021;DEMAIS;206-2;45.30-7-01 ;4514;27/09/2024;Comércio de peças e acessórios para veículos automotores;"COMÉRCIO; REPARAÇÃO DE VEÍCULOS AUTOMOTORES E MOTOCICLETAS";G;45;45.3;SP
EED;43.886.082/0001-26;TUPAN AIRCRAFT COMPANY LTDA;15/10/2021;DEMAIS;206-2;46.63-0-00 ;4514;27/09/2024;"Comércio atacadista de máquinas e equipamentos para uso industrial; partes e peças";"COMÉRCIO; REPARAÇÃO DE VEÍCULOS AUTOMOTORES E MOTOCICLETAS";G;46;46.6;SP
EED;43.886.082/0001-26;TUPAN AIRCRAFT COMPANY LTDA;15/10/2021;DEMAIS;206-2;64.62-0-00;4514;27/09/2024;Holdings de instituições não-financeiras;ATIVIDADES FINANCEIRAS, DE SEGUROS E SERVIÇOS RELACIONADOS;K;64;64.6;SP
EED;43.886.082/0001-26;TUPAN AIRCRAFT COMPANY LTDA;15/10/2021;DEMAIS;206-2;71.19-7-03;4514;27/09/2024;Atividades técnicas relacionadas à arquitetura e engenharia;ATIVIDADES PROFISSIONAIS, CIENTÍFICAS E TÉCNICAS;M;71;71.1;SP
EED;43.886.082/0001-26;TUPAN AIRCRAFT COMPANY LTDA;15/10/2021;DEMAIS;206-2;72.10-0-00;4514;27/09/2024;Pesquisa e desenvolvimento experimental em ciências físicas e naturais;ATIVIDADES PROFISSIONAIS, CIENTÍFICAS E TÉCNICAS;M;72;72.1;SP
EED;43.886.082/0001-26;TUPAN AIRCRAFT COMPANY LTDA;15/10/2021;DEMAIS;206-2;85.99-6-04;4514;27/09/2024;Atividades de ensino não especificadas anteriormente;EDUCAÇÃO;P;85;85.9;SP
EED;10.467.577/0001-61;TURBOMACHINE VEICULOS E MOTORES LTDA;08/10/2008;DEMAIS;206-2;46.63-0-00;5893;15/12/2022;"Comércio atacadista de máquinas e equipamentos para uso industrial; partes e peças";"COMÉRCIO; REPARAÇÃO DE VEÍCULOS AUTOMOTORES E MOTOCICLETAS";G;46;46.6;SP
EED;10.467.577/0001-61;TURBOMACHINE VEICULOS E MOTORES LTDA;08/10/2008;DEMAIS;206-2;33.14-7-01;5893;15/12/2022;Manutenção e reparação de máquinas e equipamentos da indústria mecânica;INDÚSTRIAS DE TRANSFORMAÇÃO;C;33;33.1;SP
EED;10.467.577/0001-61;TURBOMACHINE VEICULOS E MOTORES LTDA;08/10/2008;DEMAIS;206-2;43.21-5-00;5893;15/12/2022;Instalações elétricas;CONSTRUÇÃO;F;43;43.2;SP
EED;10.467.577/0001-61;TURBOMACHINE VEICULOS E MOTORES LTDA;08/10/2008;DEMAIS;206-2;45.11-1-03;5893;15/12/2022;Comércio a varejo e por atacado de veículos automotores;"COMÉRCIO; REPARAÇÃO DE VEÍCULOS AUTOMOTORES E MOTOCICLETAS";G;45;45.1;SP
EED;10.467.577/0001-61;TURBOMACHINE VEICULOS E MOTORES LTDA;08/10/2008;DEMAIS;206-2;45.30-7-01;5893;15/12/2022;Comércio de peças e acessórios para veículos automotores;"COMÉRCIO; REPARAÇÃO DE VEÍCULOS AUTOMOTORES E MOTOCICLETAS";G;45;45.3;SP
EED;10.467.577/0001-61;TURBOMACHINE VEICULOS E MOTORES LTDA;08/10/2008;DEMAIS;206-2;46.51-6-01;5893;15/12/2022;Comércio atacadista de computadores, periféricos e suprimentos de informática;"COMÉRCIO; REPARAÇÃO DE VEÍCULOS AUTOMOTORES E MOTOCICLETAS";G;46;46.5;SP
EED;10.467.577/0001-61;TURBOMACHINE VEICULOS E MOTORES LTDA;08/10/2008;DEMAIS;206-2;46.52-4-00 ;5893;15/12/2022;Comércio atacadista de componentes eletrônicos e equipamentos de telefonia e comunicação;"COMÉRCIO; REPARAÇÃO DE VEÍCULOS AUTOMOTORES E MOTOCICLETAS";G;46;46.5;SP
EED;10.467.577/0001-61;TURBOMACHINE VEICULOS E MOTORES LTDA;08/10/2008;DEMAIS;206-2;77.40-3-00;5893;15/12/2022;Gestão de ativos intangíveis não-financeiros;ATIVIDADES ADMINISTRATIVAS E SERVIÇOS COMPLEMENTARES;N;77;77.4;SP
EED;10.467.577/0001-61;TURBOMACHINE VEICULOS E MOTORES LTDA;08/10/2008;DEMAIS;206-2;72.10-0-00;5893;15/12/2022;Pesquisa e desenvolvimento experimental em ciências físicas e naturais;ATIVIDADES PROFISSIONAIS, CIENTÍFICAS E TÉCNICAS;M;72;72.1;SP
EED;10.467.577/0001-61;TURBOMACHINE VEICULOS E MOTORES LTDA;08/10/2008;DEMAIS;206-2;71.12-0-00;5893;15/12/2022;Serviços de engenharia;ATIVIDADES PROFISSIONAIS, CIENTÍFICAS E TÉCNICAS;M;71;71.1;SP
EED;10.467.577/0001-61;TURBOMACHINE VEICULOS E MOTORES LTDA;08/10/2008;DEMAIS;206-2;85.99-6-04;5893;15/12/2022;Atividades de ensino não especificadas anteriormente;EDUCAÇÃO;P;85;85.9;SP
EED;10.467.577/0001-61;TURBOMACHINE VEICULOS E MOTORES LTDA;08/10/2008;DEMAIS;206-2;64.62-0-00;5893;15/12/2022;Holdings de instituições não-financeiras;ATIVIDADES FINANCEIRAS, DE SEGUROS E SERVIÇOS RELACIONADOS;K;64;64.6;SP
EED;24.377.448/0001-97;UNITY COMERCIO E SERVICOS AUTOMOTIVOS LTDA;14/03/2016;ME;206-2;45.20-0-01;2340;06/05/2024;Manutenção e reparação de veículos automotores;"COMÉRCIO; REPARAÇÃO DE VEÍCULOS AUTOMOTORES E MOTOCICLETAS";G;45;45.2;DF
EED;24.377.448/0001-97;UNITY COMERCIO E SERVICOS AUTOMOTIVOS LTDA;14/03/2016;ME;206-2;45.20-0-03;2340;06/05/2024;Manutenção e reparação de veículos automotores;"COMÉRCIO; REPARAÇÃO DE VEÍCULOS AUTOMOTORES E MOTOCICLETAS";G;45;45.2;DF
EED;24.377.448/0001-97;UNITY COMERCIO E SERVICOS AUTOMOTIVOS LTDA;14/03/2016;ME;206-2;45.20-0-06;2340;06/05/2024;Manutenção e reparação de veículos automotores;"COMÉRCIO; REPARAÇÃO DE VEÍCULOS AUTOMOTORES E MOTOCICLETAS";G;45;45.2;DF
EED;24.377.448/0001-97;UNITY COMERCIO E SERVICOS AUTOMOTIVOS LTDA;14/03/2016;ME;206-2;45.20-0-07;2340;06/05/2024;Manutenção e reparação de veículos automotores;"COMÉRCIO; REPARAÇÃO DE VEÍCULOS AUTOMOTORES E MOTOCICLETAS";G;45;45.2;DF
EED;24.377.448/0001-97;UNITY COMERCIO E SERVICOS AUTOMOTIVOS LTDA;14/03/2016;ME;206-2;45.30-7-01;2340;06/05/2024;Comércio de peças e acessórios para veículos automotores;"COMÉRCIO; REPARAÇÃO DE VEÍCULOS AUTOMOTORES E MOTOCICLETAS";G;45;45.3;DF
EED;24.377.448/0001-97;UNITY COMERCIO E SERVICOS AUTOMOTIVOS LTDA;14/03/2016;ME;206-2;45.30-7-02;2340;06/05/2024;Comércio de peças e acessórios para veículos automotores;"COMÉRCIO; REPARAÇÃO DE VEÍCULOS AUTOMOTORES E MOTOCICLETAS";G;45;45.3;DF
EED;24.377.448/0001-97;UNITY COMERCIO E SERVICOS AUTOMOTIVOS LTDA;14/03/2016;ME;206-2;46.79-6-01;2340;06/05/2024;Comércio atacadista especializado de materiais de construção não especificados anteriormente e de materiais de construção em geral;"COMÉRCIO; REPARAÇÃO DE VEÍCULOS AUTOMOTORES E MOTOCICLETAS";G;46;46.7;DF
EED;24.377.448/0001-97;UNITY COMERCIO E SERVICOS AUTOMOTIVOS LTDA;14/03/2016;ME;206-2;47.41-5-00;2340;06/05/2024;Comércio varejista de tintas e materiais para pintura;"COMÉRCIO; REPARAÇÃO DE VEÍCULOS AUTOMOTORES E MOTOCICLETAS";G;47;47.4;DF
EED;24.377.448/0001-97;UNITY COMERCIO E SERVICOS AUTOMOTIVOS LTDA;14/03/2016;ME;206-2;52.29-0-02;2340;06/05/2024;Atividades auxiliares dos transportes terrestres não especificadas anteriormente;TRANSPORTE, ARMAZENAGEM E CORREIO;H;52;52.2;DF
ED;33.739.848/0001-96;UNIVERSAL IMPORTACAO EXPORTACAO E COMERCIO LIMITADA;26/06/1973;EPP;206-2;45.20-0-02;4513;15/08/2024;Manutenção e reparação de veículos automotores;"COMÉRCIO; REPARAÇÃO DE VEÍCULOS AUTOMOTORES E MOTOCICLETAS";G;45;45.2;RJ
ED;33.739.848/0001-96;UNIVERSAL IMPORTACAO EXPORTACAO E COMERCIO LIMITADA;26/06/1973;EPP;206-2;25.39-0-01;4513;15/08/2024;Serviços de usinagem, solda, tratamento e revestimento em metais;INDÚSTRIAS DE TRANSFORMAÇÃO;C;25;25.3;RJ
ED;33.739.848/0001-96;UNIVERSAL IMPORTACAO EXPORTACAO E COMERCIO LIMITADA;26/06/1973;EPP;206-2;45.20-0-01;4513;15/08/2024;Manutenção e reparação de veículos automotores;"COMÉRCIO; REPARAÇÃO DE VEÍCULOS AUTOMOTORES E MOTOCICLETAS";G;45;45.2;RJ
ED;33.739.848/0001-96;UNIVERSAL IMPORTACAO EXPORTACAO E COMERCIO LIMITADA;26/06/1973;EPP;206-2;45.20-0-03;4513;15/08/2024;Manutenção e reparação de veículos automotores;"COMÉRCIO; REPARAÇÃO DE VEÍCULOS AUTOMOTORES E MOTOCICLETAS";G;45;45.2;RJ
ED;33.739.848/0001-96;UNIVERSAL IMPORTACAO EXPORTACAO E COMERCIO LIMITADA;26/06/1973;EPP;206-2;45.20-0-04;4513;15/08/2024;Manutenção e reparação de veículos automotores;"COMÉRCIO; REPARAÇÃO DE VEÍCULOS AUTOMOTORES E MOTOCICLETAS";G;45;45.2;RJ
ED;33.739.848/0001-96;UNIVERSAL IMPORTACAO EXPORTACAO E COMERCIO LIMITADA;26/06/1973;EPP;206-2;45.30-7-01;4513;15/08/2024;Comércio de peças e acessórios para veículos automotores;"COMÉRCIO; REPARAÇÃO DE VEÍCULOS AUTOMOTORES E MOTOCICLETAS";G;45;45.3;RJ
ED;33.739.848/0001-96;UNIVERSAL IMPORTACAO EXPORTACAO E COMERCIO LIMITADA;26/06/1973;EPP;206-2;45.30-7-05;4513;15/08/2024;Comércio de peças e acessórios para veículos automotores;"COMÉRCIO; REPARAÇÃO DE VEÍCULOS AUTOMOTORES E MOTOCICLETAS";G;45;45.3;RJ
ED;33.739.848/0001-96;UNIVERSAL IMPORTACAO EXPORTACAO E COMERCIO LIMITADA;26/06/1973;EPP;206-2;46.69-9-99;4513;15/08/2024;"Comércio atacadista de máquinas, aparelhos e equipamentos não especificados anteriormente; partes e peças";"COMÉRCIO; REPARAÇÃO DE VEÍCULOS AUTOMOTORES E MOTOCICLETAS";G;46;46.6;RJ
ED;33.739.848/0001-96;UNIVERSAL IMPORTACAO EXPORTACAO E COMERCIO LIMITADA;26/06/1973;EPP;206-2;47.32-6-00;4513;15/08/2024;Comércio varejista de lubrificantes;"COMÉRCIO; REPARAÇÃO DE VEÍCULOS AUTOMOTORES E MOTOCICLETAS";G;47;47.3;RJ
ED;33.739.848/0001-96;UNIVERSAL IMPORTACAO EXPORTACAO E COMERCIO LIMITADA;26/06/1973;EPP;206-2;47.41-5-00;4513;15/08/2024;Comércio varejista de tintas e materiais para pintura;"COMÉRCIO; REPARAÇÃO DE VEÍCULOS AUTOMOTORES E MOTOCICLETAS";G;47;47.4;RJ
EED;30.638.166/0001-07;USIROTA INDUSTRIAL;06/06/2018;EPP;206-2;28.29-1-99;3216;12/06/2023;Fabricação de máquinas e equipamentos de uso geral não especificados anteriormente;INDÚSTRIAS DE TRANSFORMAÇÃO;C;28;28.2;SC
EED;30.638.166/0001-07;USIROTA INDUSTRIAL;06/06/2018;EPP;206-2;25.50-1-01;3216;12/06/2023;Fabricação de equipamento bélico pesado, armas de fogo e munições;INDÚSTRIAS DE TRANSFORMAÇÃO;C;25;25.5;SC
EED;30.638.166/0001-07;USIROTA INDUSTRIAL;06/06/2018;EPP;206-2;25.50-1-02;3216;12/06/2023;Fabricação de equipamento bélico pesado, armas de fogo e munições;INDÚSTRIAS DE TRANSFORMAÇÃO;C;25;25.5;SC
EED;30.638.166/0001-07;USIROTA INDUSTRIAL;06/06/2018;EPP;206-2;28.69-1-00;3216;12/06/2023;Fabricação de máquinas e equipamentos para uso industrial específico não especificados anteriormente;INDÚSTRIAS DE TRANSFORMAÇÃO;C;28;28.6;SC
EED;30.638.166/0001-07;USIROTA INDUSTRIAL;06/06/2018;EPP;206-2;33.19-8-00;3216;12/06/2023;Manutenção e reparação de equipamentos e produtos não especificados anteriormente;INDÚSTRIAS DE TRANSFORMAÇÃO;C;33;33.1;SC
EED;30.638.166/0001-07;USIROTA INDUSTRIAL;06/06/2018;EPP;206-2;46.63-0-00 ;3216;12/06/2023;"Comércio atacadista de máquinas e equipamentos para uso industrial; partes e peças";"COMÉRCIO; REPARAÇÃO DE VEÍCULOS AUTOMOTORES E MOTOCICLETAS";G;46;46.6;SC
EED;0.186.720/0001-93;VAPZA ALIMENTOS S/A;01/09/1994;DEMAIS;206-2;10.99-6-99;6133;18/12/2023;Fabricação de produtos alimentícios não especificados anteriormente;INDÚSTRIAS DE TRANSFORMAÇÃO;C;10;10.9;PR
EED;0.186.720/0001-93;VAPZA ALIMENTOS S/A;01/09/1994;DEMAIS;206-2;10.13-9-01;6133;18/12/2023;Fabricação de produtos de carne;INDÚSTRIAS DE TRANSFORMAÇÃO;C;10;10.1;PR
EED;0.186.720/0001-93;VAPZA ALIMENTOS S/A;01/09/1994;DEMAIS;206-2;10.32-5-99;6133;18/12/2023;Fabricação de conservas de legumes e outros vegetais;INDÚSTRIAS DE TRANSFORMAÇÃO;C;10;10.3;PR
EED;0.186.720/0001-93;VAPZA ALIMENTOS S/A;01/09/1994;DEMAIS;206-2;46.37-1-99;6133;18/12/2023;Comércio atacadista especializado em produtos alimentícios não especificados anteriormente;"COMÉRCIO; REPARAÇÃO DE VEÍCULOS AUTOMOTORES E MOTOCICLETAS";G;46;46.3;PR
EED;0.186.720/0001-93;VAPZA ALIMENTOS S/A;01/09/1994;DEMAIS;206-2;46.39-7-01;6133;18/12/2023;Comércio atacadista de produtos alimentícios em geral;"COMÉRCIO; REPARAÇÃO DE VEÍCULOS AUTOMOTORES E MOTOCICLETAS";G;46;46.3;PR
EED;0.186.720/0001-93;VAPZA ALIMENTOS S/A;01/09/1994;DEMAIS;206-2;47.29-6-99;6133;18/12/2023;"Comércio varejista de produtos alimentícios em geral ou especializado em produtos alimentícios não especificados anteriormente; produtos do fumo";"COMÉRCIO; REPARAÇÃO DE VEÍCULOS AUTOMOTORES E MOTOCICLETAS";G;47;47.2;PR
EED;0.186.720/0001-93;VAPZA ALIMENTOS S/A;01/09/1994;DEMAIS;206-2;64.63-8-00;6133;18/12/2023;Outras sociedades de participação, exceto holdings;ATIVIDADES FINANCEIRAS, DE SEGUROS E SERVIÇOS RELACIONADOS;K;64;64.6;PR
EED;0.186.720/0001-93;VAPZA ALIMENTOS S/A;01/09/1994;DEMAIS;206-2;82.11-3-00;6133;18/12/2023;Serviços combinados de escritório e apoio administrativo;ATIVIDADES ADMINISTRATIVAS E SERVIÇOS COMPLEMENTARES;N;82;82.1;PR
EED;11.694.789/0001-44;VECTRA WORK INDUSTRIA E COMERCIO DE UNIFORMES E EQUIPAMENTOS DE PROTECAO INDIVIDUAL LTDA;25/02/2010;DEMAIS;206-2;14.13-4-01;4791;12/09/2022;Confecção de roupas profissionais;INDÚSTRIAS DE TRANSFORMAÇÃO;C;14;14.1;CE
EED;11.694.789/0001-44;VECTRA WORK INDUSTRIA E COMERCIO DE UNIFORMES E EQUIPAMENTOS DE PROTECAO INDIVIDUAL LTDA;25/02/2010;DEMAIS;206-2;14.12-6-01;4791;12/09/2022;Confecção de peças do vestuário, exceto roupas íntimas;INDÚSTRIAS DE TRANSFORMAÇÃO;C;14;14.1;CE
EED;11.694.789/0001-44;VECTRA WORK INDUSTRIA E COMERCIO DE UNIFORMES E EQUIPAMENTOS DE PROTECAO INDIVIDUAL LTDA;25/02/2010;DEMAIS;206-2;14.12-6-03;4791;12/09/2022;Confecção de peças do vestuário, exceto roupas íntimas;INDÚSTRIAS DE TRANSFORMAÇÃO;C;14;14.1;CE
EED;11.694.789/0001-44;VECTRA WORK INDUSTRIA E COMERCIO DE UNIFORMES E EQUIPAMENTOS DE PROTECAO INDIVIDUAL LTDA;25/02/2010;DEMAIS;206-2;14.13-4-03;4791;12/09/2022;Confecção de roupas profissionais;INDÚSTRIAS DE TRANSFORMAÇÃO;C;14;14.1;CE
EED;11.694.789/0001-44;VECTRA WORK INDUSTRIA E COMERCIO DE UNIFORMES E EQUIPAMENTOS DE PROTECAO INDIVIDUAL LTDA;25/02/2010;DEMAIS;206-2;32.92-2-01;4791;12/09/2022;Fabricação de equipamentos e acessórios para segurança e proteção pessoal e profissional;INDÚSTRIAS DE TRANSFORMAÇÃO;C;32;32.9;CE
EED;11.694.789/0001-44;VECTRA WORK INDUSTRIA E COMERCIO DE UNIFORMES E EQUIPAMENTOS DE PROTECAO INDIVIDUAL LTDA;25/02/2010;DEMAIS;206-2;32.92-2-02;4791;12/09/2022;Fabricação de equipamentos e acessórios para segurança e proteção pessoal e profissional;INDÚSTRIAS DE TRANSFORMAÇÃO;C;32;32.9;CE
EED;11.694.789/0001-44;VECTRA WORK INDUSTRIA E COMERCIO DE UNIFORMES E EQUIPAMENTOS DE PROTECAO INDIVIDUAL LTDA;25/02/2010;DEMAIS;206-2;46.42-7-02;4791;12/09/2022;Comércio atacadista de artigos do vestuário e acessórios;"COMÉRCIO; REPARAÇÃO DE VEÍCULOS AUTOMOTORES E MOTOCICLETAS";G;46;46.4;CE
EED;11.694.789/0001-44;VECTRA WORK INDUSTRIA E COMERCIO DE UNIFORMES E EQUIPAMENTOS DE PROTECAO INDIVIDUAL LTDA;25/02/2010;DEMAIS;206-2;46.43-5-01;4791;12/09/2022;Comércio atacadista de calçados e artigos de viagem;"COMÉRCIO; REPARAÇÃO DE VEÍCULOS AUTOMOTORES E MOTOCICLETAS";G;46;46.4;CE
EED;11.694.789/0001-44;VECTRA WORK INDUSTRIA E COMERCIO DE UNIFORMES E EQUIPAMENTOS DE PROTECAO INDIVIDUAL LTDA;25/02/2010;DEMAIS;206-2;47.81-4-00;4791;12/09/2022;Comércio varejista de artigos do vestuário e acessórios;"COMÉRCIO; REPARAÇÃO DE VEÍCULOS AUTOMOTORES E MOTOCICLETAS";G;47;47.8;CE
EED;11.694.789/0001-44;VECTRA WORK INDUSTRIA E COMERCIO DE UNIFORMES E EQUIPAMENTOS DE PROTECAO INDIVIDUAL LTDA;25/02/2010;DEMAIS;206-2;82.11-3-00;4791;12/09/2022;Serviços combinados de escritório e apoio administrativo;ATIVIDADES ADMINISTRATIVAS E SERVIÇOS COMPLEMENTARES;N;82;82.1;CE
EED;11.694.789/0001-44;VECTRA WORK INDUSTRIA E COMERCIO DE UNIFORMES E EQUIPAMENTOS DE PROTECAO INDIVIDUAL LTDA;25/02/2010;DEMAIS;206-2;82.19-9-99;4791;12/09/2022;Fotocópias, preparação de documentos e outros serviços especializados de apoio administrativo;ATIVIDADES ADMINISTRATIVAS E SERVIÇOS COMPLEMENTARES;N;82;82.1;CE
EED;36.111.755/0001-00;VERTICAL DO PONTO INDUSTRIA E COM PARA QUEDAS LTDA;09/04/1990;DEMAIS;206-2;13.54-5-00;1346;28/05/2014;Fabricação de tecidos especiais, inclusive artefatos;INDÚSTRIAS DE TRANSFORMAÇÃO;C;13;13.5;RJ
EED;36.111.755/0001-00;VERTICAL DO PONTO INDUSTRIA E COM PARA QUEDAS LTDA;09/04/1990;DEMAIS;206-2;13.59-6-00;1346;28/05/2014;Fabricação de outros produtos têxteis não especificados anteriormente;INDÚSTRIAS DE TRANSFORMAÇÃO;C;13;13.5;RJ
EED;36.111.755/0001-00;VERTICAL DO PONTO INDUSTRIA E COM PARA QUEDAS LTDA;09/04/1990;DEMAIS;206-2;47.89-0-99;1346;28/05/2014;Comércio varejista de outros produtos novos não especificados anteriormente;"COMÉRCIO; REPARAÇÃO DE VEÍCULOS AUTOMOTORES E MOTOCICLETAS";G;47;47.8;RJ
EED;83.054.437/0001-35;VIPOSA SA;05/09/1966;DEMAIS;205-4;15.10-6-00;4075;04/12/2020;Curtimento e outras preparações de couro;INDÚSTRIAS DE TRANSFORMAÇÃO;C;15;15.1;SC
EED;83.054.437/0001-35;VIPOSA SA;05/09/1966;DEMAIS;205-4;15.39-4-00;4075;04/12/2020;Fabricação de calçados de materiais não especificados anteriormente;INDÚSTRIAS DE TRANSFORMAÇÃO;C;15;15.3;SC
EED;83.054.437/0001-35;VIPOSA SA;05/09/1966;DEMAIS;205-4;16.10-2-05;4075;04/12/2020;Desdobramento de madeira;INDÚSTRIAS DE TRANSFORMAÇÃO;C;16;16.1;SC
EED;83.054.437/0001-35;VIPOSA SA;05/09/1966;DEMAIS;205-4;32.99-0-99;4075;04/12/2020;Fabricação de produtos diversos não especificados anteriormente;INDÚSTRIAS DE TRANSFORMAÇÃO;C;32;32.9;SC
EED;83.054.437/0001-35;VIPOSA SA;05/09/1966;DEMAIS;205-4;46.89-3-99;4075;04/12/2020;Comércio atacadista especializado de outros produtos intermediários não especificados anteriormente;"COMÉRCIO; REPARAÇÃO DE VEÍCULOS AUTOMOTORES E MOTOCICLETAS";G;46;46.8;SC
EED;83.054.437/0001-35;VIPOSA SA;05/09/1966;DEMAIS;205-4;47.82-2-01;4075;04/12/2020;Comércio varejista de calçados e artigos de viagem;"COMÉRCIO; REPARAÇÃO DE VEÍCULOS AUTOMOTORES E MOTOCICLETAS";G;47;47.8;SC
EED;83.054.437/0001-35;VIPOSA SA;05/09/1966;DEMAIS;205-4;47.89-0-99;4075;04/12/2020;Comércio varejista de outros produtos novos não especificados anteriormente;"COMÉRCIO; REPARAÇÃO DE VEÍCULOS AUTOMOTORES E MOTOCICLETAS";G;47;47.8;SC
EED;13.944.554/0001-99;VISIONA TECNOLOGIA ESPACIAL SA ;22/06/2011;DEMAIS;205-4;71.12-0-00;1346;28/05/2014;Serviços de engenharia;ATIVIDADES PROFISSIONAIS, CIENTÍFICAS E TÉCNICAS;M;71;71.1;SP
EED;13.944.554/0001-99;VISIONA TECNOLOGIA ESPACIAL SA ;22/06/2011;DEMAIS;205-4;30.41-5-00;1346;28/05/2014;Fabricação de aeronaves;INDÚSTRIAS DE TRANSFORMAÇÃO;C;30;30.4;SP
EED;13.944.554/0001-99;VISIONA TECNOLOGIA ESPACIAL SA ;22/06/2011;DEMAIS;205-4;51.30-7-00;1346;28/05/2014;Transporte espacial;TRANSPORTE, ARMAZENAGEM E CORREIO;H;51;51.3;SP
EED;13.944.554/0001-99;VISIONA TECNOLOGIA ESPACIAL SA ;22/06/2011;DEMAIS;205-4;61.30-2-00;1346;28/05/2014;Telecomunicações por satélite;INFORMAÇÃO E COMUNICAÇÃO;J;61;61.3;SP
EED;13.944.554/0001-99;VISIONA TECNOLOGIA ESPACIAL SA ;22/06/2011;DEMAIS;205-4;85.99-6-04;1346;28/05/2014;Atividades de ensino não especificadas anteriormente;EDUCAÇÃO;P;85;85.9;SP
EED;13.944.554/0001-99;VISIONA TECNOLOGIA ESPACIAL SA ;22/06/2011;DEMAIS;205-4;61.90-6-99;1346;28/05/2014;Outras atividades de telecomunicações;INFORMAÇÃO E COMUNICAÇÃO;J;61;61.9;SP
EED;13.944.554/0001-99;VISIONA TECNOLOGIA ESPACIAL SA ;22/06/2011;DEMAIS;205-4;71.19-7-01;1346;28/05/2014;Atividades técnicas relacionadas à arquitetura e engenharia;ATIVIDADES PROFISSIONAIS, CIENTÍFICAS E TÉCNICAS;M;71;71.1;SP
EED;13.944.554/0001-99;VISIONA TECNOLOGIA ESPACIAL SA ;22/06/2011;DEMAIS;205-4;62.01-5-01;1346;28/05/2014;Desenvolvimento de programas de computador sob encomenda;INFORMAÇÃO E COMUNICAÇÃO;J;62;62.0;SP
EED;13.944.554/0001-99;VISIONA TECNOLOGIA ESPACIAL SA ;22/06/2011;DEMAIS;205-4;71.19-7-99;1346;28/05/2014;Atividades técnicas relacionadas à arquitetura e engenharia;ATIVIDADES PROFISSIONAIS, CIENTÍFICAS E TÉCNICAS;M;71;71.1;SP
EED;13.944.554/0001-99;VISIONA TECNOLOGIA ESPACIAL SA ;22/06/2011;DEMAIS;205-4;46.18-4-99;1346;28/05/2014;Representantes comerciais e agentes do comércio especializado em produtos não especificados anteriormente;"COMÉRCIO; REPARAÇÃO DE VEÍCULOS AUTOMOTORES E MOTOCICLETAS";G;46;46.1;SP
EED;13.944.554/0001-99;VISIONA TECNOLOGIA ESPACIAL SA ;22/06/2011;DEMAIS;205-4;61.10-8-03;1346;28/05/2014;Telecomunicações por fio;INFORMAÇÃO E COMUNICAÇÃO;J;61;61.1;SP
EED;05.293.074/0001-87;VMI SISTEMAS DE SEGURANCA LTDA;09/09/2002;DEMAIS;206-2;28.69-1-00;3898;21/09/2021;Fabricação de máquinas e equipamentos para uso industrial específico não especificados anteriormente;INDÚSTRIAS DE TRANSFORMAÇÃO;C;28;28.6;MG
EED;05.293.074/0001-87;VMI SISTEMAS DE SEGURANCA LTDA;09/09/2002;DEMAIS;206-2;25.43-8-00;3898;21/09/2021;Fabricação de ferramentas;INDÚSTRIAS DE TRANSFORMAÇÃO;C;25;25.4;MG
EED;05.293.074/0001-87;VMI SISTEMAS DE SEGURANCA LTDA;09/09/2002;DEMAIS;206-2;26.60-4-00;3898;21/09/2021;Fabricação de aparelhos eletromédicos e eletroterapêuticos e equipamentos de irradiação;INDÚSTRIAS DE TRANSFORMAÇÃO;C;26;26.6;MG
EED;05.293.074/0001-87;VMI SISTEMAS DE SEGURANCA LTDA;09/09/2002;DEMAIS;206-2;28.66-6-00;3898;21/09/2021;Fabricação de máquinas e equipamentos para a indústria do plástico;INDÚSTRIAS DE TRANSFORMAÇÃO;C;28;28.6;MG
EED;05.293.074/0001-87;VMI SISTEMAS DE SEGURANCA LTDA;09/09/2002;DEMAIS;206-2;33.12-1-03 ;3898;21/09/2021;Manutenção e reparação de equipamentos eletrônicos e ópticos;INDÚSTRIAS DE TRANSFORMAÇÃO;C;33;33.1;MG
EED;05.293.074/0001-87;VMI SISTEMAS DE SEGURANCA LTDA;09/09/2002;DEMAIS;206-2;33.21-0-00;3898;21/09/2021;Instalação de máquinas e equipamentos industriais;INDÚSTRIAS DE TRANSFORMAÇÃO;C;33;33.2;MG
EED;05.293.074/0001-87;VMI SISTEMAS DE SEGURANCA LTDA;09/09/2002;DEMAIS;206-2;41.20-4-00;3898;21/09/2021;Construção de edifícios;CONSTRUÇÃO;F;41;41.2;MG
EED;05.293.074/0001-87;VMI SISTEMAS DE SEGURANCA LTDA;09/09/2002;DEMAIS;206-2;43.29-1-04;3898;21/09/2021;Obras de instalações em construções não especificadas anteriormente;CONSTRUÇÃO;F;43;43.2;MG
EED;05.293.074/0001-87;VMI SISTEMAS DE SEGURANCA LTDA;09/09/2002;DEMAIS;206-2;61.90-6-99;3898;21/09/2021;Outras atividades de telecomunicações;INFORMAÇÃO E COMUNICAÇÃO;J;61;61.9;MG
EED;05.293.074/0001-87;VMI SISTEMAS DE SEGURANCA LTDA;09/09/2002;DEMAIS;206-2;62.02-3-00;3898;21/09/2021;Desenvolvimento e licenciamento de programas de computador customizáveis;INFORMAÇÃO E COMUNICAÇÃO;J;62;62.0;MG
EED;05.293.074/0001-87;VMI SISTEMAS DE SEGURANCA LTDA;09/09/2002;DEMAIS;206-2;62.03-1-00;3898;21/09/2021;Desenvolvimento e licenciamento de programas de computador não-customizáveis;INFORMAÇÃO E COMUNICAÇÃO;J;62;62.0;MG
EED;05.293.074/0001-87;VMI SISTEMAS DE SEGURANCA LTDA;09/09/2002;DEMAIS;206-2;62.04-0-00;3898;21/09/2021;Consultoria em tecnologia da informação;INFORMAÇÃO E COMUNICAÇÃO;J;62;62.0;MG
EED;05.293.074/0001-87;VMI SISTEMAS DE SEGURANCA LTDA;09/09/2002;DEMAIS;206-2;68.10-2-02;3898;21/09/2021;Atividades imobiliárias de imóveis próprios;ATIVIDADES IMOBILIÁRIAS;L;68;68.1;MG
EED;05.293.074/0001-87;VMI SISTEMAS DE SEGURANCA LTDA;09/09/2002;DEMAIS;206-2;71.12-0-00;3898;21/09/2021;Serviços de engenharia;ATIVIDADES PROFISSIONAIS, CIENTÍFICAS E TÉCNICAS;M;71;71.1;MG
EED;05.293.074/0001-87;VMI SISTEMAS DE SEGURANCA LTDA;09/09/2002;DEMAIS;206-2;78.20-5-00;3898;21/09/2021;Locação de mão-de-obra temporária;ATIVIDADES ADMINISTRATIVAS E SERVIÇOS COMPLEMENTARES;N;78;78.2;MG
EED;05.293.074/0001-87;VMI SISTEMAS DE SEGURANCA LTDA;09/09/2002;DEMAIS;206-2;80.20-0-01 ;3898;21/09/2021;Atividades de monitoramento de sistemas de segurança;ATIVIDADES ADMINISTRATIVAS E SERVIÇOS COMPLEMENTARES;N;80;80.2;MG
EED;05.293.074/0001-87;VMI SISTEMAS DE SEGURANCA LTDA;09/09/2002;DEMAIS;206-2;85.99-6-04;3898;21/09/2021;Atividades de ensino não especificadas anteriormente;EDUCAÇÃO;P;85;85.9;MG
EED;33.864.897/0001-50;VON SUCKOW TACTICAL BRASIL INDUSTRIA SA;07/06/2019;DEMAIS;205-4;46.14-1-00;4787;26/09/2023;Representantes comerciais e agentes do comércio de máquinas, equipamentos, embarcações e aeronaves;"COMÉRCIO; REPARAÇÃO DE VEÍCULOS AUTOMOTORES E MOTOCICLETAS";G;46;46.1;BA
EED;33.864.897/0001-50;VON SUCKOW TACTICAL BRASIL INDUSTRIA SA;07/06/2019;DEMAIS;205-4;45.30-7-06;4787;26/09/2023;Comércio de peças e acessórios para veículos automotores;"COMÉRCIO; REPARAÇÃO DE VEÍCULOS AUTOMOTORES E MOTOCICLETAS";G;45;45.3;BA
EED;33.864.897/0001-50;VON SUCKOW TACTICAL BRASIL INDUSTRIA SA;07/06/2019;DEMAIS;205-4;45.11-1-01 ;4787;26/09/2023;Comércio a varejo e por atacado de veículos automotores;"COMÉRCIO; REPARAÇÃO DE VEÍCULOS AUTOMOTORES E MOTOCICLETAS";G;45;45.1;BA
EED;33.864.897/0001-50;VON SUCKOW TACTICAL BRASIL INDUSTRIA SA;07/06/2019;DEMAIS;205-4;47.63-6-05;4787;26/09/2023;Comércio varejista de artigos recreativos e esportivos;"COMÉRCIO; REPARAÇÃO DE VEÍCULOS AUTOMOTORES E MOTOCICLETAS";G;47;47.6;BA
EED;33.864.897/0001-50;VON SUCKOW TACTICAL BRASIL INDUSTRIA SA;07/06/2019;DEMAIS;205-4;47.89-0-09;4787;26/09/2023;Comércio varejista de outros produtos novos não especificados anteriormente;"COMÉRCIO; REPARAÇÃO DE VEÍCULOS AUTOMOTORES E MOTOCICLETAS";G;47;47.8;BA
EED;33.864.897/0001-50;VON SUCKOW TACTICAL BRASIL INDUSTRIA SA;07/06/2019;DEMAIS;205-4;82.30-0-01;4787;26/09/2023;Atividades de organização de eventos, exceto culturais e esportivos;ATIVIDADES ADMINISTRATIVAS E SERVIÇOS COMPLEMENTARES;N;82;82.3;BA
EED;33.864.897/0001-50;VON SUCKOW TACTICAL BRASIL INDUSTRIA SA;07/06/2019;DEMAIS;205-4;85.99-6-04;4787;26/09/2023;Atividades de ensino não especificadas anteriormente;EDUCAÇÃO;P;85;85.9;BA
EED;50.904.286/0001-08;WAVECOMMUNICATIONS TECHNOLOGIES LTDA;01/06/2023;ME;206-2;62.02-3-00;6133;18/12/2023;Desenvolvimento e licenciamento de programas de computador customizáveis;INFORMAÇÃO E COMUNICAÇÃO;J;62;62.0;SP
EED;50.904.286/0001-08;WAVECOMMUNICATIONS TECHNOLOGIES LTDA;01/06/2023;ME;206-2;61.20-5-99 ;6133;18/12/2023;Telecomunicações sem fio;INFORMAÇÃO E COMUNICAÇÃO;J;61;61.2;SP
EED;50.904.286/0001-08;WAVECOMMUNICATIONS TECHNOLOGIES LTDA;01/06/2023;ME;206-2;61.30-2-00;6133;18/12/2023;Telecomunicações por satélite;INFORMAÇÃO E COMUNICAÇÃO;J;61;61.3;SP
EED;50.904.286/0001-08;WAVECOMMUNICATIONS TECHNOLOGIES LTDA;01/06/2023;ME;206-2;62.01-5-01;6133;18/12/2023;Desenvolvimento de programas de computador sob encomenda;INFORMAÇÃO E COMUNICAÇÃO;J;62;62.0;SP
EED;50.904.286/0001-08;WAVECOMMUNICATIONS TECHNOLOGIES LTDA;01/06/2023;ME;206-2;62.03-1-00;6133;18/12/2023;Desenvolvimento e licenciamento de programas de computador não-customizáveis;INFORMAÇÃO E COMUNICAÇÃO;J;62;62.0;SP
EED;50.904.286/0001-08;WAVECOMMUNICATIONS TECHNOLOGIES LTDA;01/06/2023;ME;206-2;62.04-0-00;6133;18/12/2023;Consultoria em tecnologia da informação;INFORMAÇÃO E COMUNICAÇÃO;J;62;62.0;SP
EED;50.904.286/0001-08;WAVECOMMUNICATIONS TECHNOLOGIES LTDA;01/06/2023;ME;206-2;62.09-1-00;6133;18/12/2023;Suporte técnico, manutenção e outros serviços em tecnologia da informação;INFORMAÇÃO E COMUNICAÇÃO;J;62;62.0;SP
EED;50.904.286/0001-08;WAVECOMMUNICATIONS TECHNOLOGIES LTDA;01/06/2023;ME;206-2;72.10-0-00;6133;18/12/2023;Pesquisa e desenvolvimento experimental em ciências físicas e naturais;ATIVIDADES PROFISSIONAIS, CIENTÍFICAS E TÉCNICAS;M;72;72.1;SP
EED;50.904.286/0001-08;WAVECOMMUNICATIONS TECHNOLOGIES LTDA;01/06/2023;ME;206-2;82.91-1-00;6133;18/12/2023;Atividades de cobrança e informações cadastrais;ATIVIDADES ADMINISTRATIVAS E SERVIÇOS COMPLEMENTARES;N;82;82.9;SP
EED;14.309.992/0001-48;WEG DRIVES & CONTROLS - AUTOMACAO LTDA;14/09/2011;DEMAIS;206-2;27.10-4-02;3547;21/09/2018;Fabricação de geradores, transformadores e motores elétricos;INDÚSTRIAS DE TRANSFORMAÇÃO;C;27;27.1;SC
EED;14.309.992/0001-48;WEG DRIVES & CONTROLS - AUTOMACAO LTDA;14/09/2011;DEMAIS;206-2;26.31-1-00;3547;21/09/2018;Fabricação de equipamentos transmissores de comunicação;INDÚSTRIAS DE TRANSFORMAÇÃO;C;26;26.3;SC
EED;14.309.992/0001-48;WEG DRIVES & CONTROLS - AUTOMACAO LTDA;14/09/2011;DEMAIS;206-2;26.51-5-00;3547;21/09/2018;Fabricação de aparelhos e equipamentos de medida, teste e controle;INDÚSTRIAS DE TRANSFORMAÇÃO;C;26;26.5;SC
EED;14.309.992/0001-48;WEG DRIVES & CONTROLS - AUTOMACAO LTDA;14/09/2011;DEMAIS;206-2;27.22-8-01;3547;21/09/2018;Fabricação de baterias e acumuladores para veículos automotores;INDÚSTRIAS DE TRANSFORMAÇÃO;C;27;27.2;SC
EED;14.309.992/0001-48;WEG DRIVES & CONTROLS - AUTOMACAO LTDA;14/09/2011;DEMAIS;206-2;27.31-7-00;3547;21/09/2018;Fabricação de aparelhos e equipamentos para distribuição e controle de energia elétrica;INDÚSTRIAS DE TRANSFORMAÇÃO;C;27;27.3;SC
EED;14.309.992/0001-48;WEG DRIVES & CONTROLS - AUTOMACAO LTDA;14/09/2011;DEMAIS;206-2;27.59-7-99;3547;21/09/2018;Fabricação de aparelhos eletrodomésticos não especificados anteriormente;INDÚSTRIAS DE TRANSFORMAÇÃO;C;27;27.5;SC
EED;14.309.992/0001-48;WEG DRIVES & CONTROLS - AUTOMACAO LTDA;14/09/2011;DEMAIS;206-2;27.90-2-02;3547;21/09/2018;Fabricação de equipamentos e aparelhos elétricos não especificados anteriormente;INDÚSTRIAS DE TRANSFORMAÇÃO;C;27;27.9;SC
EED;14.309.992/0001-48;WEG DRIVES & CONTROLS - AUTOMACAO LTDA;14/09/2011;DEMAIS;206-2;27.90-2-99;3547;21/09/2018;Fabricação de equipamentos e aparelhos elétricos não especificados anteriormente;INDÚSTRIAS DE TRANSFORMAÇÃO;C;27;27.9;SC
EED;14.309.992/0001-48;WEG DRIVES & CONTROLS - AUTOMACAO LTDA;14/09/2011;DEMAIS;206-2;29.10-7-03;3547;21/09/2018;Fabricação de automóveis, camionetas e utilitários;INDÚSTRIAS DE TRANSFORMAÇÃO;C;29;29.1;SC
EED;14.309.992/0001-48;WEG DRIVES & CONTROLS - AUTOMACAO LTDA;14/09/2011;DEMAIS;206-2;29.20-4-02;3547;21/09/2018;Fabricação de caminhões e ônibus;INDÚSTRIAS DE TRANSFORMAÇÃO;C;29;29.2;SC
EED;14.309.992/0001-48;WEG DRIVES & CONTROLS - AUTOMACAO LTDA;14/09/2011;DEMAIS;206-2;29.41-7-00;3547;21/09/2018;Fabricação de peças e acessórios para o sistema motor de veículos automotores;INDÚSTRIAS DE TRANSFORMAÇÃO;C;29;29.4;SC
EED;14.309.992/0001-48;WEG DRIVES & CONTROLS - AUTOMACAO LTDA;14/09/2011;DEMAIS;206-2;29.43-3-00;3547;21/09/2018;Fabricação de peças e acessórios para o sistema de freios de veículos automotores;INDÚSTRIAS DE TRANSFORMAÇÃO;C;29;29.4;SC
EED;14.309.992/0001-48;WEG DRIVES & CONTROLS - AUTOMACAO LTDA;14/09/2011;DEMAIS;206-2;29.45-0-00;3547;21/09/2018;Fabricação de material elétrico e eletrônico para veículos automotores, exceto baterias;INDÚSTRIAS DE TRANSFORMAÇÃO;C;29;29.4;SC
EED;14.309.992/0001-48;WEG DRIVES & CONTROLS - AUTOMACAO LTDA;14/09/2011;DEMAIS;206-2;33.12-1-03 ;3547;21/09/2018;Manutenção e reparação de equipamentos eletrônicos e ópticos;INDÚSTRIAS DE TRANSFORMAÇÃO;C;33;33.1;SC
EED;14.309.992/0001-48;WEG DRIVES & CONTROLS - AUTOMACAO LTDA;14/09/2011;DEMAIS;206-2;33.14-7-10;3547;21/09/2018;Manutenção e reparação de máquinas e equipamentos da indústria mecânica;INDÚSTRIAS DE TRANSFORMAÇÃO;C;33;33.1;SC
EED;14.309.992/0001-48;WEG DRIVES & CONTROLS - AUTOMACAO LTDA;14/09/2011;DEMAIS;206-2;33.21-0-00;3547;21/09/2018;Instalação de máquinas e equipamentos industriais;INDÚSTRIAS DE TRANSFORMAÇÃO;C;33;33.2;SC
EED;14.309.992/0001-48;WEG DRIVES & CONTROLS - AUTOMACAO LTDA;14/09/2011;DEMAIS;206-2;45.30-7-01;3547;21/09/2018;Comércio de peças e acessórios para veículos automotores;"COMÉRCIO; REPARAÇÃO DE VEÍCULOS AUTOMOTORES E MOTOCICLETAS";G;45;45.3;SC
EED;14.309.992/0001-48;WEG DRIVES & CONTROLS - AUTOMACAO LTDA;14/09/2011;DEMAIS;206-2;46.52-4-00;3547;21/09/2018;Comércio atacadista de componentes eletrônicos e equipamentos de telefonia e comunicação;"COMÉRCIO; REPARAÇÃO DE VEÍCULOS AUTOMOTORES E MOTOCICLETAS";G;46;46.5;SC
EED;14.309.992/0001-48;WEG DRIVES & CONTROLS - AUTOMACAO LTDA;14/09/2011;DEMAIS;206-2;46.69-9-99;3547;21/09/2018;"Comércio atacadista de máquinas, aparelhos e equipamentos não especificados anteriormente; partes e peças";"COMÉRCIO; REPARAÇÃO DE VEÍCULOS AUTOMOTORES E MOTOCICLETAS";G;46;46.6;SC
EED;14.309.992/0001-48;WEG DRIVES & CONTROLS - AUTOMACAO LTDA;14/09/2011;DEMAIS;206-2;46.72-9-00;3547;21/09/2018;Comércio atacadista de ferragens e ferramentas;"COMÉRCIO; REPARAÇÃO DE VEÍCULOS AUTOMOTORES E MOTOCICLETAS";G;46;46.7;SC
EED;14.309.992/0001-48;WEG DRIVES & CONTROLS - AUTOMACAO LTDA;14/09/2011;DEMAIS;206-2;62.01-5-01;3547;21/09/2018;Desenvolvimento de programas de computador sob encomenda;INFORMAÇÃO E COMUNICAÇÃO;J;62;62.0;SC
EED;14.309.992/0001-48;WEG DRIVES & CONTROLS - AUTOMACAO LTDA;14/09/2011;DEMAIS;206-2;64.63-8-00;3547;21/09/2018;Outras sociedades de participação, exceto holdings;ATIVIDADES FINANCEIRAS, DE SEGUROS E SERVIÇOS RELACIONADOS;K;64;64.6;SC
EED;14.309.992/0001-48;WEG DRIVES & CONTROLS - AUTOMACAO LTDA;14/09/2011;DEMAIS;206-2;71.12-0-00;3547;21/09/2018;Serviços de engenharia;ATIVIDADES PROFISSIONAIS, CIENTÍFICAS E TÉCNICAS;M;71;71.1;SC
EED;14.309.992/0001-48;WEG DRIVES & CONTROLS - AUTOMACAO LTDA;14/09/2011;DEMAIS;206-2;74.90-1-04;3547;21/09/2018;Atividades profissionais, científicas e técnicas não especificadas anteriormente;ATIVIDADES PROFISSIONAIS, CIENTÍFICAS E TÉCNICAS;M;74;74.9;SC
EED;14.309.992/0001-48;WEG DRIVES & CONTROLS - AUTOMACAO LTDA;14/09/2011;DEMAIS;206-2;74.90-1-99 ;3547;21/09/2018;Atividades profissionais, científicas e técnicas não especificadas anteriormente;ATIVIDADES PROFISSIONAIS, CIENTÍFICAS E TÉCNICAS;M;74;74.9;SC
EED;14.309.992/0001-48;WEG DRIVES & CONTROLS - AUTOMACAO LTDA;14/09/2011;DEMAIS;206-2;82.19-9-99;3547;21/09/2018;Fotocópias, preparação de documentos e outros serviços especializados de apoio administrativo;ATIVIDADES ADMINISTRATIVAS E SERVIÇOS COMPLEMENTARES;N;82;82.1;SC
EED;14.309.992/0001-48;WEG DRIVES & CONTROLS - AUTOMACAO LTDA;14/09/2011;DEMAIS;206-2;95.11-8-00;3547;21/09/2018;Reparação e manutenção de computadores e de equipamentos periféricos;OUTRAS ATIVIDADES DE SERVIÇOS;S;95;95.1;SC
EED;14.309.992/0003-00;WEG DRIVES & CONTROLS AUTOMACAO LTDA ;20/10/2011;DEMAIS;206-2;27.90-2-99;2324;19/07/2018;Fabricação de equipamentos e aparelhos elétricos não especificados anteriormente;INDÚSTRIAS DE TRANSFORMAÇÃO;C;27;27.9;SP
EED;14.309.992/0003-00;WEG DRIVES & CONTROLS AUTOMACAO LTDA ;20/10/2011;DEMAIS;206-2;82.19-9-99;2324;19/07/2018;Fotocópias, preparação de documentos e outros serviços especializados de apoio administrativo;ATIVIDADES ADMINISTRATIVAS E SERVIÇOS COMPLEMENTARES;N;82;82.1;SP
EED;14.309.992/0003-00;WEG DRIVES & CONTROLS AUTOMACAO LTDA ;20/10/2011;DEMAIS;206-2;33.21-0-00;2324;19/07/2018;Instalação de máquinas e equipamentos industriais;INDÚSTRIAS DE TRANSFORMAÇÃO;C;33;33.2;SP
EED;14.309.992/0003-00;WEG DRIVES & CONTROLS AUTOMACAO LTDA ;20/10/2011;DEMAIS;206-2;27.90-2-02 ;2324;19/07/2018;Fabricação de equipamentos e aparelhos elétricos não especificados anteriormente;INDÚSTRIAS DE TRANSFORMAÇÃO;C;27;27.9;SP
EED;14.309.992/0003-00;WEG DRIVES & CONTROLS AUTOMACAO LTDA ;20/10/2011;DEMAIS;206-2;26.31-1-00;2324;19/07/2018;Fabricação de equipamentos transmissores de comunicação;INDÚSTRIAS DE TRANSFORMAÇÃO;C;26;26.3;SP
EED;14.309.992/0003-00;WEG DRIVES & CONTROLS AUTOMACAO LTDA ;20/10/2011;DEMAIS;206-2;46.52-4-00;2324;19/07/2018;Comércio atacadista de componentes eletrônicos e equipamentos de telefonia e comunicação;"COMÉRCIO; REPARAÇÃO DE VEÍCULOS AUTOMOTORES E MOTOCICLETAS";G;46;46.5;SP
EED;14.309.992/0003-00;WEG DRIVES & CONTROLS AUTOMACAO LTDA ;20/10/2011;DEMAIS;206-2;33.14-7-10;2324;19/07/2018;Manutenção e reparação de máquinas e equipamentos da indústria mecânica;INDÚSTRIAS DE TRANSFORMAÇÃO;C;33;33.1;SP
EED;14.309.992/0003-00;WEG DRIVES & CONTROLS AUTOMACAO LTDA ;20/10/2011;DEMAIS;206-2;27.59-7-99 ;2324;19/07/2018;Fabricação de aparelhos eletrodomésticos não especificados anteriormente;INDÚSTRIAS DE TRANSFORMAÇÃO;C;27;27.5;SP
EED;14.309.992/0003-00;WEG DRIVES & CONTROLS AUTOMACAO LTDA ;20/10/2011;DEMAIS;206-2;64.63-8-00;2324;19/07/2018;Outras sociedades de participação, exceto holdings;ATIVIDADES FINANCEIRAS, DE SEGUROS E SERVIÇOS RELACIONADOS;K;64;64.6;SP
EED;14.309.992/0003-00;WEG DRIVES & CONTROLS AUTOMACAO LTDA ;20/10/2011;DEMAIS;206-2;95.11-8-00;2324;19/07/2018;Reparação e manutenção de computadores e de equipamentos periféricos;OUTRAS ATIVIDADES DE SERVIÇOS;S;95;95.1;SP
EED;14.309.992/0003-00;WEG DRIVES & CONTROLS AUTOMACAO LTDA ;20/10/2011;DEMAIS;206-2;74.90-1-99 ;2324;19/07/2018;Atividades profissionais, científicas e técnicas não especificadas anteriormente;ATIVIDADES PROFISSIONAIS, CIENTÍFICAS E TÉCNICAS;M;74;74.9;SP
EED;14.309.992/0003-00;WEG DRIVES & CONTROLS AUTOMACAO LTDA ;20/10/2011;DEMAIS;206-2;71.12-0-00;2324;19/07/2018;Serviços de engenharia;ATIVIDADES PROFISSIONAIS, CIENTÍFICAS E TÉCNICAS;M;71;71.1;SP
EED;14.309.992/0003-00;WEG DRIVES & CONTROLS AUTOMACAO LTDA ;20/10/2011;DEMAIS;206-2;62.01-5-01;2324;19/07/2018;Desenvolvimento de programas de computador sob encomenda;INFORMAÇÃO E COMUNICAÇÃO;J;62;62.0;SP
EED;07.175.725/0010-50;WEG EQUIPAMENTOS ELETRICOS SA ;11/11/2005;DEMAIS;205-4;27.10-4-03;3547;21/09/2018;Fabricação de geradores, transformadores e motores elétricos;INDÚSTRIAS DE TRANSFORMAÇÃO;C;27;27.1;SC
EED;07.175.725/0010-50;WEG EQUIPAMENTOS ELETRICOS SA ;11/11/2005;DEMAIS;205-4;26.51-5-00;3547;21/09/2018;Fabricação de aparelhos e equipamentos de medida, teste e controle;INDÚSTRIAS DE TRANSFORMAÇÃO;C;26;26.5;SC
EED;07.175.725/0010-50;WEG EQUIPAMENTOS ELETRICOS SA ;11/11/2005;DEMAIS;205-4;27.10-4-01;3547;21/09/2018;Fabricação de geradores, transformadores e motores elétricos;INDÚSTRIAS DE TRANSFORMAÇÃO;C;27;27.1;SC
EED;07.175.725/0010-50;WEG EQUIPAMENTOS ELETRICOS SA ;11/11/2005;DEMAIS;205-4;27.22-8-01;3547;21/09/2018;Fabricação de baterias e acumuladores para veículos automotores;INDÚSTRIAS DE TRANSFORMAÇÃO;C;27;27.2;SC
EED;07.175.725/0010-50;WEG EQUIPAMENTOS ELETRICOS SA ;11/11/2005;DEMAIS;205-4;27.31-7-00;3547;21/09/2018;Fabricação de aparelhos e equipamentos para distribuição e controle de energia elétrica;INDÚSTRIAS DE TRANSFORMAÇÃO;C;27;27.3;SC
EED;07.175.725/0010-50;WEG EQUIPAMENTOS ELETRICOS SA ;11/11/2005;DEMAIS;205-4;27.32-5-00;3547;21/09/2018;Fabricação de material elétrico para instalações em circuito de consumo;INDÚSTRIAS DE TRANSFORMAÇÃO;C;27;27.3;SC
EED;07.175.725/0010-50;WEG EQUIPAMENTOS ELETRICOS SA ;11/11/2005;DEMAIS;205-4;27.90-2-02;3547;21/09/2018;Fabricação de equipamentos e aparelhos elétricos não especificados anteriormente;INDÚSTRIAS DE TRANSFORMAÇÃO;C;27;27.9;SC
EED;07.175.725/0010-50;WEG EQUIPAMENTOS ELETRICOS SA ;11/11/2005;DEMAIS;205-4;27.90-2-99;3547;21/09/2018;Fabricação de equipamentos e aparelhos elétricos não especificados anteriormente;INDÚSTRIAS DE TRANSFORMAÇÃO;C;27;27.9;SC
EED;07.175.725/0010-50;WEG EQUIPAMENTOS ELETRICOS SA ;11/11/2005;DEMAIS;205-4;29.10-7-03;3547;21/09/2018;Fabricação de automóveis, camionetas e utilitários;INDÚSTRIAS DE TRANSFORMAÇÃO;C;29;29.1;SC
EED;07.175.725/0010-50;WEG EQUIPAMENTOS ELETRICOS SA ;11/11/2005;DEMAIS;205-4;29.20-4-02;3547;21/09/2018;Fabricação de caminhões e ônibus;INDÚSTRIAS DE TRANSFORMAÇÃO;C;29;29.2;SC
EED;07.175.725/0010-50;WEG EQUIPAMENTOS ELETRICOS SA ;11/11/2005;DEMAIS;205-4;29.41-7-00;3547;21/09/2018;Fabricação de peças e acessórios para o sistema motor de veículos automotores;INDÚSTRIAS DE TRANSFORMAÇÃO;C;29;29.4;SC
EED;07.175.725/0010-50;WEG EQUIPAMENTOS ELETRICOS SA ;11/11/2005;DEMAIS;205-4;29.43-3-00;3547;21/09/2018;Fabricação de peças e acessórios para o sistema de freios de veículos automotores;INDÚSTRIAS DE TRANSFORMAÇÃO;C;29;29.4;SC
EED;07.175.725/0010-50;WEG EQUIPAMENTOS ELETRICOS SA ;11/11/2005;DEMAIS;205-4;29.45-0-00;3547;21/09/2018;Fabricação de material elétrico e eletrônico para veículos automotores, exceto baterias;INDÚSTRIAS DE TRANSFORMAÇÃO;C;29;29.4;SC
EED;07.175.725/0010-50;WEG EQUIPAMENTOS ELETRICOS SA ;11/11/2005;DEMAIS;205-4;33.13-9-01;3547;21/09/2018;Manutenção e reparação de máquinas e equipamentos elétricos;INDÚSTRIAS DE TRANSFORMAÇÃO;C;33;33.1;SC
EED;07.175.725/0010-50;WEG EQUIPAMENTOS ELETRICOS SA ;11/11/2005;DEMAIS;205-4;33.21-0-00;3547;21/09/2018;Instalação de máquinas e equipamentos industriais;INDÚSTRIAS DE TRANSFORMAÇÃO;C;33;33.2;SC
EED;07.175.725/0010-50;WEG EQUIPAMENTOS ELETRICOS SA ;11/11/2005;DEMAIS;205-4;38.11-4-00;3547;21/09/2018;Coleta de resíduos não-perigosos;ÁGUA, ESGOTO, ATIVIDADES DE GESTÃO DE RESÍDUOS E DESCONTAMINAÇÃO;E;38;38.1;SC
EED;07.175.725/0010-50;WEG EQUIPAMENTOS ELETRICOS SA ;11/11/2005;DEMAIS;205-4;45.30-7-01;3547;21/09/2018;Comércio de peças e acessórios para veículos automotores;"COMÉRCIO; REPARAÇÃO DE VEÍCULOS AUTOMOTORES E MOTOCICLETAS";G;45;45.3;SC
EED;07.175.725/0010-50;WEG EQUIPAMENTOS ELETRICOS SA ;11/11/2005;DEMAIS;205-4;46.63-0-00;3547;21/09/2018;"Comércio atacadista de máquinas e equipamentos para uso industrial; partes e peças";"COMÉRCIO; REPARAÇÃO DE VEÍCULOS AUTOMOTORES E MOTOCICLETAS";G;46;46.6;SC
EED;07.175.725/0010-50;WEG EQUIPAMENTOS ELETRICOS SA ;11/11/2005;DEMAIS;205-4;46.69-9-99;3547;21/09/2018;"Comércio atacadista de máquinas, aparelhos e equipamentos não especificados anteriormente; partes e peças";"COMÉRCIO; REPARAÇÃO DE VEÍCULOS AUTOMOTORES E MOTOCICLETAS";G;46;46.6;SC
EED;07.175.725/0010-50;WEG EQUIPAMENTOS ELETRICOS SA ;11/11/2005;DEMAIS;205-4;46.72-9-00;3547;21/09/2018;Comércio atacadista de ferragens e ferramentas;"COMÉRCIO; REPARAÇÃO DE VEÍCULOS AUTOMOTORES E MOTOCICLETAS";G;46;46.7;SC
EED;07.175.725/0010-50;WEG EQUIPAMENTOS ELETRICOS SA ;11/11/2005;DEMAIS;205-4;46.73-7-00;3547;21/09/2018;Comércio atacadista de material elétrico;"COMÉRCIO; REPARAÇÃO DE VEÍCULOS AUTOMOTORES E MOTOCICLETAS";G;46;46.7;SC
EED;07.175.725/0010-50;WEG EQUIPAMENTOS ELETRICOS SA ;11/11/2005;DEMAIS;205-4;46.79-6-01 ;3547;21/09/2018;Comércio atacadista especializado de materiais de construção não especificados anteriormente e de materiais de construção em geral;"COMÉRCIO; REPARAÇÃO DE VEÍCULOS AUTOMOTORES E MOTOCICLETAS";G;46;46.7;SC
EED;07.175.725/0010-50;WEG EQUIPAMENTOS ELETRICOS SA ;11/11/2005;DEMAIS;205-4;46.86-9-02;3547;21/09/2018;Comércio atacadista de papel e papelão em bruto e de embalagens;"COMÉRCIO; REPARAÇÃO DE VEÍCULOS AUTOMOTORES E MOTOCICLETAS";G;46;46.8;SC
EED;07.175.725/0010-50;WEG EQUIPAMENTOS ELETRICOS SA ;11/11/2005;DEMAIS;205-4;62.01-5-01;3547;21/09/2018;Desenvolvimento de programas de computador sob encomenda;INFORMAÇÃO E COMUNICAÇÃO;J;62;62.0;SC
EED;07.175.725/0010-50;WEG EQUIPAMENTOS ELETRICOS SA ;11/11/2005;DEMAIS;205-4;63.11-9-00;3547;21/09/2018;Tratamento de dados, provedores de serviços de aplicação e serviços de hospedagem na internet;INFORMAÇÃO E COMUNICAÇÃO;J;63;63.1;SC
EED;07.175.725/0010-50;WEG EQUIPAMENTOS ELETRICOS SA ;11/11/2005;DEMAIS;205-4;71.12-0-00;3547;21/09/2018;Serviços de engenharia;ATIVIDADES PROFISSIONAIS, CIENTÍFICAS E TÉCNICAS;M;71;71.1;SC
EED;07.175.725/0010-50;WEG EQUIPAMENTOS ELETRICOS SA ;11/11/2005;DEMAIS;205-4;74.90-1-99 ;3547;21/09/2018;Atividades profissionais, científicas e técnicas não especificadas anteriormente;ATIVIDADES PROFISSIONAIS, CIENTÍFICAS E TÉCNICAS;M;74;74.9;SC
EED;51.060.079/0001-87;WLY TECNOLOGIA EM PETROLEO E GAS INOVA SIMPLES (I.S.);15/06/2023;ME;234-8;62.02-3-00;6133;18/12/2023;Desenvolvimento e licenciamento de programas de computador customizáveis;INFORMAÇÃO E COMUNICAÇÃO;J;62;62.0;RN
EED;51.060.079/0001-87;WLY TECNOLOGIA EM PETROLEO E GAS INOVA SIMPLES (I.S.);15/06/2023;ME;234-8;85.99-6-04;6133;18/12/2023;Atividades de ensino não especificadas anteriormente;EDUCAÇÃO;P;85;85.9;RN
EED;51.060.079/0001-87;WLY TECNOLOGIA EM PETROLEO E GAS INOVA SIMPLES (I.S.);15/06/2023;ME;234-8;62.01-5-01;6133;18/12/2023;Desenvolvimento de programas de computador sob encomenda;INFORMAÇÃO E COMUNICAÇÃO;J;62;62.0;RN
EED;51.060.079/0001-87;WLY TECNOLOGIA EM PETROLEO E GAS INOVA SIMPLES (I.S.);15/06/2023;ME;234-8;18.30-0-03;6133;18/12/2023;Reprodução de materiais gravados em qualquer suporte;INDÚSTRIAS DE TRANSFORMAÇÃO;C;18;18.3;RN
EED;51.060.079/0001-87;WLY TECNOLOGIA EM PETROLEO E GAS INOVA SIMPLES (I.S.);15/06/2023;ME;234-8;62.03-1-00;6133;18/12/2023;Desenvolvimento e licenciamento de programas de computador não-customizáveis;INFORMAÇÃO E COMUNICAÇÃO;J;62;62.0;RN
EED;51.060.079/0001-87;WLY TECNOLOGIA EM PETROLEO E GAS INOVA SIMPLES (I.S.);15/06/2023;ME;234-8;62.04-0-00;6133;18/12/2023;Consultoria em tecnologia da informação;INFORMAÇÃO E COMUNICAÇÃO;J;62;62.0;RN
EED;10.661.870/0001-65;WTC INDUSTRIA E COMERCIO DE CONFECCOES E EQUIPAMENTOS LTDA;11/02/2009;EPP;206-2;14.13-4-01;6133;18/12/2023;Confecção de roupas profissionais;INDÚSTRIAS DE TRANSFORMAÇÃO;C;14;14.1;CE
EED;10.661.870/0001-65;WTC INDUSTRIA E COMERCIO DE CONFECCOES E EQUIPAMENTOS LTDA;11/02/2009;EPP;206-2;14.14-2-00 ;6133;18/12/2023;Fabricação de acessórios do vestuário, exceto para segurança e proteção;INDÚSTRIAS DE TRANSFORMAÇÃO;C;14;14.1;CE
EED;10.661.870/0001-65;WTC INDUSTRIA E COMERCIO DE CONFECCOES E EQUIPAMENTOS LTDA;11/02/2009;EPP;206-2;15.21-1-00;6133;18/12/2023;Fabricação de artigos para viagem, bolsas e semelhantes de qualquer material;INDÚSTRIAS DE TRANSFORMAÇÃO;C;15;15.2;CE
EED;10.661.870/0001-65;WTC INDUSTRIA E COMERCIO DE CONFECCOES E EQUIPAMENTOS LTDA;11/02/2009;EPP;206-2;32.92-2-02 ;6133;18/12/2023;Fabricação de equipamentos e acessórios para segurança e proteção pessoal e profissional;INDÚSTRIAS DE TRANSFORMAÇÃO;C;32;32.9;CE
EED;10.661.870/0001-65;WTC INDUSTRIA E COMERCIO DE CONFECCOES E EQUIPAMENTOS LTDA;11/02/2009;EPP;206-2;47.81-4-00;6133;18/12/2023;Comércio varejista de artigos do vestuário e acessórios;"COMÉRCIO; REPARAÇÃO DE VEÍCULOS AUTOMOTORES E MOTOCICLETAS";G;47;47.8;CE
EED;08.996.487/0001-16;XMOBOTS AEROESPACIAL E DEFESA LTDA;20/06/2007;DEMAIS;206-2;30.41-5-00;1588;16/04/2020;Fabricação de aeronaves;INDÚSTRIAS DE TRANSFORMAÇÃO;C;30;30.4;SP
EED;08.996.487/0001-16;XMOBOTS AEROESPACIAL E DEFESA LTDA;20/06/2007;DEMAIS;206-2;01.61-0-01;1588;16/04/2020;Atividades de apoio à agricultura;AGRICULTURA, PECUÁRIA E SERVIÇOS RELACIONADOS;A;1;01.6;SP
EED;08.996.487/0001-16;XMOBOTS AEROESPACIAL E DEFESA LTDA;20/06/2007;DEMAIS;206-2;26.51-5-00;1588;16/04/2020;Fabricação de aparelhos e equipamentos de medida, teste e controle;INDÚSTRIAS DE TRANSFORMAÇÃO;C;26;26.5;SP
EED;08.996.487/0001-16;XMOBOTS AEROESPACIAL E DEFESA LTDA;20/06/2007;DEMAIS;206-2;30.42-3-00;1588;16/04/2020;Fabricação de turbinas, motores e outros componentes e peças para aeronaves;INDÚSTRIAS DE TRANSFORMAÇÃO;C;30;30.4;SP
EED;08.996.487/0001-16;XMOBOTS AEROESPACIAL E DEFESA LTDA;20/06/2007;DEMAIS;206-2;33.16-3-01;1588;16/04/2020;Manutenção e reparação de aeronaves;INDÚSTRIAS DE TRANSFORMAÇÃO;C;33;33.1;SP
EED;08.996.487/0001-16;XMOBOTS AEROESPACIAL E DEFESA LTDA;20/06/2007;DEMAIS;206-2;33.19-8-00;1588;16/04/2020;Manutenção e reparação de equipamentos e produtos não especificados anteriormente;INDÚSTRIAS DE TRANSFORMAÇÃO;C;33;33.1;SP
EED;08.996.487/0001-16;XMOBOTS AEROESPACIAL E DEFESA LTDA;20/06/2007;DEMAIS;206-2;33.29-5-99;1588;16/04/2020;Instalação de equipamentos não especificados anteriormente;INDÚSTRIAS DE TRANSFORMAÇÃO;C;33;33.2;SP
EED;08.996.487/0001-16;XMOBOTS AEROESPACIAL E DEFESA LTDA;20/06/2007;DEMAIS;206-2;45.11-1-01;1588;16/04/2020;Comércio a varejo e por atacado de veículos automotores;"COMÉRCIO; REPARAÇÃO DE VEÍCULOS AUTOMOTORES E MOTOCICLETAS";G;45;45.1;SP
EED;08.996.487/0001-16;XMOBOTS AEROESPACIAL E DEFESA LTDA;20/06/2007;DEMAIS;206-2;46.69-9-99;1588;16/04/2020;"Comércio atacadista de máquinas, aparelhos e equipamentos não especificados anteriormente; partes e peças";"COMÉRCIO; REPARAÇÃO DE VEÍCULOS AUTOMOTORES E MOTOCICLETAS";G;46;46.6;SP
EED;08.996.487/0001-16;XMOBOTS AEROESPACIAL E DEFESA LTDA;20/06/2007;DEMAIS;206-2;47.51-2-01;1588;16/04/2020;Comércio varejista especializado de equipamentos e suprimentos de informática;"COMÉRCIO; REPARAÇÃO DE VEÍCULOS AUTOMOTORES E MOTOCICLETAS";G;47;47.5;SP
EED;08.996.487/0001-16;XMOBOTS AEROESPACIAL E DEFESA LTDA;20/06/2007;DEMAIS;206-2;47.53-9-00;1588;16/04/2020;Comércio varejista especializado de eletrodomésticos e equipamentos de áudio e vídeo;"COMÉRCIO; REPARAÇÃO DE VEÍCULOS AUTOMOTORES E MOTOCICLETAS";G;47;47.5;SP
EED;08.996.487/0001-16;XMOBOTS AEROESPACIAL E DEFESA LTDA;20/06/2007;DEMAIS;206-2;47.89-0-99;1588;16/04/2020;Comércio varejista de outros produtos novos não especificados anteriormente;"COMÉRCIO; REPARAÇÃO DE VEÍCULOS AUTOMOTORES E MOTOCICLETAS";G;47;47.8;SP
EED;08.996.487/0001-16;XMOBOTS AEROESPACIAL E DEFESA LTDA;20/06/2007;DEMAIS;206-2;62.01-5-01;1588;16/04/2020;Desenvolvimento de programas de computador sob encomenda;INFORMAÇÃO E COMUNICAÇÃO;J;62;62.0;SP
EED;08.996.487/0001-16;XMOBOTS AEROESPACIAL E DEFESA LTDA;20/06/2007;DEMAIS;206-2;62.02-3-00;1588;16/04/2020;Desenvolvimento e licenciamento de programas de computador customizáveis;INFORMAÇÃO E COMUNICAÇÃO;J;62;62.0;SP
EED;08.996.487/0001-16;XMOBOTS AEROESPACIAL E DEFESA LTDA;20/06/2007;DEMAIS;206-2;62.03-1-00;1588;16/04/2020;Desenvolvimento e licenciamento de programas de computador não-customizáveis;INFORMAÇÃO E COMUNICAÇÃO;J;62;62.0;SP
EED;08.996.487/0001-16;XMOBOTS AEROESPACIAL E DEFESA LTDA;20/06/2007;DEMAIS;206-2;63.11-9-00 ;1588;16/04/2020;Tratamento de dados, provedores de serviços de aplicação e serviços de hospedagem na internet;INFORMAÇÃO E COMUNICAÇÃO;J;63;63.1;SP
EED;08.996.487/0001-16;XMOBOTS AEROESPACIAL E DEFESA LTDA;20/06/2007;DEMAIS;206-2;63.99-2-00;1588;16/04/2020;Outras atividades de prestação de serviços de informação não especificadas anteriormente;INFORMAÇÃO E COMUNICAÇÃO;J;63;63.9;SP
EED;08.996.487/0001-16;XMOBOTS AEROESPACIAL E DEFESA LTDA;20/06/2007;DEMAIS;206-2;71.12-0-00;1588;16/04/2020;Serviços de engenharia;ATIVIDADES PROFISSIONAIS, CIENTÍFICAS E TÉCNICAS;M;71;71.1;SP
EED;08.996.487/0001-16;XMOBOTS AEROESPACIAL E DEFESA LTDA;20/06/2007;DEMAIS;206-2;71.19-7-99;1588;16/04/2020;Atividades técnicas relacionadas à arquitetura e engenharia;ATIVIDADES PROFISSIONAIS, CIENTÍFICAS E TÉCNICAS;M;71;71.1;SP
EED;08.996.487/0001-16;XMOBOTS AEROESPACIAL E DEFESA LTDA;20/06/2007;DEMAIS;206-2;72.10-0-00;1588;16/04/2020;Pesquisa e desenvolvimento experimental em ciências físicas e naturais;ATIVIDADES PROFISSIONAIS, CIENTÍFICAS E TÉCNICAS;M;72;72.1;SP
EED;08.996.487/0001-16;XMOBOTS AEROESPACIAL E DEFESA LTDA;20/06/2007;DEMAIS;206-2;77.19-5-02;1588;16/04/2020;Locação de meios de transporte, exceto automóveis, sem condutor;ATIVIDADES ADMINISTRATIVAS E SERVIÇOS COMPLEMENTARES;N;77;77.1;SP
EED;08.996.487/0001-16;XMOBOTS AEROESPACIAL E DEFESA LTDA;20/06/2007;DEMAIS;206-2;85.99-6-02;1588;16/04/2020;Atividades de ensino não especificadas anteriormente;EDUCAÇÃO;P;85;85.9;SP
EED;37.112.752/0001-54;Z - TECNOLOGIA EM COMUNICACAO LTDA;06/12/1991;EPP;206-2;62.01-5-01;2639;08/10/2014;Desenvolvimento de programas de computador sob encomenda;INFORMAÇÃO E COMUNICAÇÃO;J;62;62.0;DF
EED;37.112.752/0001-54;Z - TECNOLOGIA EM COMUNICACAO LTDA;06/12/1991;EPP;206-2;47.51-2-01;2639;08/10/2014;Comércio varejista especializado de equipamentos e suprimentos de informática;"COMÉRCIO; REPARAÇÃO DE VEÍCULOS AUTOMOTORES E MOTOCICLETAS";G;47;47.5;DF
EED;37.112.752/0001-54;Z - TECNOLOGIA EM COMUNICACAO LTDA;06/12/1991;EPP;206-2;62.09-1-00;2639;08/10/2014;Suporte técnico, manutenção e outros serviços em tecnologia da informação;INFORMAÇÃO E COMUNICAÇÃO;J;62;62.0;DF
ED;0.924.725/0001-76;FLIGHT SIMULATOR SYSTEM;04/10/1995;DEMAIS;206-2;62.02-3-00;2525;11/06/2025;Desenvolvimento e licenciamento de programas de computador customizáveis;INFORMAÇÃO E COMUNICAÇÃO;J;62;62.0;SP
ED;0.924.725/0001-76;FLIGHT SIMULATOR SYSTEM;04/10/1995;DEMAIS;206-2;33.12-1-02;2525;11/06/2025;Manutenção e reparação de equipamentos eletrônicos e ópticos;INDÚSTRIAS DE TRANSFORMAÇÃO;C;33;33.1;SP
ED;0.924.725/0001-76;FLIGHT SIMULATOR SYSTEM;04/10/1995;DEMAIS;206-2;46.69-9-99;2525;11/06/2025;"Comércio atacadista de máquinas, aparelhos e equipamentos não especificados anteriormente; partes e peças";"COMÉRCIO; REPARAÇÃO DE VEÍCULOS AUTOMOTORES E MOTOCICLETAS";G;46;46.6;SP
ED;0.924.725/0001-76;FLIGHT SIMULATOR SYSTEM;04/10/1995;DEMAIS;206-2;47.51-2-01;2525;11/06/2025;Comércio varejista especializado de equipamentos e suprimentos de informática;"COMÉRCIO; REPARAÇÃO DE VEÍCULOS AUTOMOTORES E MOTOCICLETAS";G;47;47.5;SP
ED;0.924.725/0001-76;FLIGHT SIMULATOR SYSTEM;04/10/1995;DEMAIS;206-2;62.04-0-00;2525;11/06/2025;Consultoria em tecnologia da informação;INFORMAÇÃO E COMUNICAÇÃO;J;62;62.0;SP
ED;30.342.038/0001-03;MICROPOWER ENERGIA SA;02/05/2018;DEMAIS;205-4;77.39-0-99;2525;11/06/2025;Aluguel de máquinas e equipamentos não especificados anteriormente;ATIVIDADES ADMINISTRATIVAS E SERVIÇOS COMPLEMENTARES;N;77;77.3;SP
ED;30.342.038/0001-03;MICROPOWER ENERGIA SA;02/05/2018;DEMAIS;205-4;33.13-9-02;2525;11/06/2025;Manutenção e reparação de máquinas e equipamentos elétricos;INDÚSTRIAS DE TRANSFORMAÇÃO;C;33;33.1;SP
ED;30.342.038/0001-03;MICROPOWER ENERGIA SA;02/05/2018;DEMAIS;205-4;33.21-0-00;2525;11/06/2025;Instalação de máquinas e equipamentos industriais;INDÚSTRIAS DE TRANSFORMAÇÃO;C;33;33.2;SP
ED;30.342.038/0001-03;MICROPOWER ENERGIA SA;02/05/2018;DEMAIS;205-4;43.29-1-99;2525;11/06/2025;Obras de instalações em construções não especificadas anteriormente;CONSTRUÇÃO;F;43;43.2;SP
ED;30.342.038/0001-03;MICROPOWER ENERGIA SA;02/05/2018;DEMAIS;205-4;46.69-9-99;2525;11/06/2025;"Comércio atacadista de máquinas, aparelhos e equipamentos não especificados anteriormente; partes e peças";"COMÉRCIO; REPARAÇÃO DE VEÍCULOS AUTOMOTORES E MOTOCICLETAS";G;46;46.6;SP
ED;30.342.038/0001-03;MICROPOWER ENERGIA SA;02/05/2018;DEMAIS;205-4;64.63-8-00;2525;11/06/2025;Outras sociedades de participação, exceto holdings;ATIVIDADES FINANCEIRAS, DE SEGUROS E SERVIÇOS RELACIONADOS;K;64;64.6;SP
ED;30.342.038/0001-03;MICROPOWER ENERGIA SA;02/05/2018;DEMAIS;205-4;71.12-0-00;2525;11/06/2025;Serviços de engenharia;ATIVIDADES PROFISSIONAIS, CIENTÍFICAS E TÉCNICAS;M;71;71.1;SP
EED;37.976.399/0001-50;AIRTECH DEFENSE - SOLUCOES EM DEFESA E ESPACO LTDA;04/08/2020;EPP;206-2;71.12-0-00 ;2526;06/06/2025;Serviços de engenharia;ATIVIDADES PROFISSIONAIS, CIENTÍFICAS E TÉCNICAS;M;71;71.1;SP
EED;37.976.399/0001-50;AIRTECH DEFENSE - SOLUCOES EM DEFESA E ESPACO LTDA;04/08/2020;EPP;206-2;20.29-1-00;2526;06/06/2025;Fabricação de produtos químicos orgânicos não especificados anteriormente;INDÚSTRIAS DE TRANSFORMAÇÃO;C;20;20.2;SP
EED;37.976.399/0001-50;AIRTECH DEFENSE - SOLUCOES EM DEFESA E ESPACO LTDA;04/08/2020;EPP;206-2;20.92-4-01;2526;06/06/2025;Fabricação de explosivos;INDÚSTRIAS DE TRANSFORMAÇÃO;C;20;20.9;SP
EED;37.976.399/0001-50;AIRTECH DEFENSE - SOLUCOES EM DEFESA E ESPACO LTDA;04/08/2020;EPP;206-2;24.41-5-01;2526;06/06/2025;Metalurgia do alumínio e suas ligas;INDÚSTRIAS DE TRANSFORMAÇÃO;C;24;24.4;SP
EED;37.976.399/0001-50;AIRTECH DEFENSE - SOLUCOES EM DEFESA E ESPACO LTDA;04/08/2020;EPP;206-2;25.50-1-01;2526;06/06/2025;Fabricação de equipamento bélico pesado, armas de fogo e munições;INDÚSTRIAS DE TRANSFORMAÇÃO;C;25;25.5;SP
EED;37.976.399/0001-50;AIRTECH DEFENSE - SOLUCOES EM DEFESA E ESPACO LTDA;04/08/2020;EPP;206-2;33.16-3-01;2526;06/06/2025;Manutenção e reparação de aeronaves;INDÚSTRIAS DE TRANSFORMAÇÃO;C;33;33.1;SP
EED;37.976.399/0001-50;AIRTECH DEFENSE - SOLUCOES EM DEFESA E ESPACO LTDA;04/08/2020;EPP;206-2;45.11-1-01;2526;06/06/2025;Comércio a varejo e por atacado de veículos automotores;"COMÉRCIO; REPARAÇÃO DE VEÍCULOS AUTOMOTORES E MOTOCICLETAS";G;45;45.1;SP
EED;37.976.399/0001-50;AIRTECH DEFENSE - SOLUCOES EM DEFESA E ESPACO LTDA;04/08/2020;EPP;206-2;45.20-0-01;2526;06/06/2025;Manutenção e reparação de veículos automotores;"COMÉRCIO; REPARAÇÃO DE VEÍCULOS AUTOMOTORES E MOTOCICLETAS";G;45;45.2;SP
EED;37.976.399/0001-50;AIRTECH DEFENSE - SOLUCOES EM DEFESA E ESPACO LTDA;04/08/2020;EPP;206-2;45.30-7-03;2526;06/06/2025;Comércio de peças e acessórios para veículos automotores;"COMÉRCIO; REPARAÇÃO DE VEÍCULOS AUTOMOTORES E MOTOCICLETAS";G;45;45.3;SP
EED;37.976.399/0001-50;AIRTECH DEFENSE - SOLUCOES EM DEFESA E ESPACO LTDA;04/08/2020;EPP;206-2;46.14-1-00;2526;06/06/2025;Representantes comerciais e agentes do comércio de máquinas, equipamentos, embarcações e aeronaves;"COMÉRCIO; REPARAÇÃO DE VEÍCULOS AUTOMOTORES E MOTOCICLETAS";G;46;46.1;SP
EED;37.976.399/0001-50;AIRTECH DEFENSE - SOLUCOES EM DEFESA E ESPACO LTDA;04/08/2020;EPP;206-2;46.69-9-99;2526;06/06/2025;"Comércio atacadista de máquinas, aparelhos e equipamentos não especificados anteriormente; partes e peças";"COMÉRCIO; REPARAÇÃO DE VEÍCULOS AUTOMOTORES E MOTOCICLETAS";G;46;46.6;SP
EED;37.976.399/0001-50;AIRTECH DEFENSE - SOLUCOES EM DEFESA E ESPACO LTDA;04/08/2020;EPP;206-2;46.79-6-03;2526;06/06/2025;Comércio atacadista especializado de materiais de construção não especificados anteriormente e de materiais de construção em geral;"COMÉRCIO; REPARAÇÃO DE VEÍCULOS AUTOMOTORES E MOTOCICLETAS";G;46;46.7;SP
EED;37.976.399/0001-50;AIRTECH DEFENSE - SOLUCOES EM DEFESA E ESPACO LTDA;04/08/2020;EPP;206-2;47.89-0-09;2526;06/06/2025;Comércio varejista de outros produtos novos não especificados anteriormente;"COMÉRCIO; REPARAÇÃO DE VEÍCULOS AUTOMOTORES E MOTOCICLETAS";G;47;47.8;SP
EED;37.976.399/0001-50;AIRTECH DEFENSE - SOLUCOES EM DEFESA E ESPACO LTDA;04/08/2020;EPP;206-2;62.01-5-01;2526;06/06/2025;Desenvolvimento de programas de computador sob encomenda;INFORMAÇÃO E COMUNICAÇÃO;J;62;62.0;SP
EED;37.976.399/0001-50;AIRTECH DEFENSE - SOLUCOES EM DEFESA E ESPACO LTDA;04/08/2020;EPP;206-2;72.10-0-00;2526;06/06/2025;Pesquisa e desenvolvimento experimental em ciências físicas e naturais;ATIVIDADES PROFISSIONAIS, CIENTÍFICAS E TÉCNICAS;M;72;72.1;SP
EED;37.976.399/0001-50;AIRTECH DEFENSE - SOLUCOES EM DEFESA E ESPACO LTDA;04/08/2020;EPP;206-2;85.99-6-99;2526;06/06/2025;Atividades de ensino não especificadas anteriormente;EDUCAÇÃO;P;85;85.9;SP
EED;33.294.016/0001-03;AMBIPAR RESPONSE INDUSTRIAL ROBOT SA;08/04/2019;DEMAIS;205-4;33.14-7-02;2526;06/06/2025;Manutenção e reparação de máquinas e equipamentos da indústria mecânica;INDÚSTRIAS DE TRANSFORMAÇÃO;C;33;33.1;SP
EED;33.294.016/0001-03;AMBIPAR RESPONSE INDUSTRIAL ROBOT SA;08/04/2019;DEMAIS;205-4;28.69-1-00;2526;06/06/2025;Fabricação de máquinas e equipamentos para uso industrial específico não especificados anteriormente;INDÚSTRIAS DE TRANSFORMAÇÃO;C;28;28.6;SP
EED;33.294.016/0001-03;AMBIPAR RESPONSE INDUSTRIAL ROBOT SA;08/04/2019;DEMAIS;205-4;46.49-4-02;2526;06/06/2025;Comércio atacadista de equipamentos e artigos de uso pessoal e doméstico não especificados anteriormente;"COMÉRCIO; REPARAÇÃO DE VEÍCULOS AUTOMOTORES E MOTOCICLETAS";G;46;46.4;SP
EED;33.294.016/0001-03;AMBIPAR RESPONSE INDUSTRIAL ROBOT SA;08/04/2019;DEMAIS;205-4;46.52-4-00;2526;06/06/2025;Comércio atacadista de componentes eletrônicos e equipamentos de telefonia e comunicação;"COMÉRCIO; REPARAÇÃO DE VEÍCULOS AUTOMOTORES E MOTOCICLETAS";G;46;46.5;SP
EED;33.294.016/0001-03;AMBIPAR RESPONSE INDUSTRIAL ROBOT SA;08/04/2019;DEMAIS;205-4;46.63-0-00;2526;06/06/2025;"Comércio atacadista de máquinas e equipamentos para uso industrial; partes e peças";"COMÉRCIO; REPARAÇÃO DE VEÍCULOS AUTOMOTORES E MOTOCICLETAS";G;46;46.6;SP
EED;33.294.016/0001-03;AMBIPAR RESPONSE INDUSTRIAL ROBOT SA;08/04/2019;DEMAIS;205-4;46.69-9-99;2526;06/06/2025;"Comércio atacadista de máquinas, aparelhos e equipamentos não especificados anteriormente; partes e peças";"COMÉRCIO; REPARAÇÃO DE VEÍCULOS AUTOMOTORES E MOTOCICLETAS";G;46;46.6;SP
EED;33.294.016/0001-03;AMBIPAR RESPONSE INDUSTRIAL ROBOT SA;08/04/2019;DEMAIS;205-4;46.73-7-00;2526;06/06/2025;Comércio atacadista de material elétrico;"COMÉRCIO; REPARAÇÃO DE VEÍCULOS AUTOMOTORES E MOTOCICLETAS";G;46;46.7;SP
EED;33.294.016/0001-03;AMBIPAR RESPONSE INDUSTRIAL ROBOT SA;08/04/2019;DEMAIS;205-4;46.89-3-99 ;2526;06/06/2025;Comércio atacadista especializado de outros produtos intermediários não especificados anteriormente;"COMÉRCIO; REPARAÇÃO DE VEÍCULOS AUTOMOTORES E MOTOCICLETAS";G;46;46.8;SP
EED;33.294.016/0001-03;AMBIPAR RESPONSE INDUSTRIAL ROBOT SA;08/04/2019;DEMAIS;205-4;77.39-0-99;2526;06/06/2025;Aluguel de máquinas e equipamentos não especificados anteriormente;ATIVIDADES ADMINISTRATIVAS E SERVIÇOS COMPLEMENTARES;N;77;77.3;SP
EED;33.294.016/0001-03;AMBIPAR RESPONSE INDUSTRIAL ROBOT SA;08/04/2019;DEMAIS;205-4;82.11-3-00;2526;06/06/2025;Serviços combinados de escritório e apoio administrativo;ATIVIDADES ADMINISTRATIVAS E SERVIÇOS COMPLEMENTARES;N;82;82.1;SP
EED;33.294.016/0001-03;AMBIPAR RESPONSE INDUSTRIAL ROBOT SA;08/04/2019;DEMAIS;205-4;85.99-6-04;2526;06/06/2025;Atividades de ensino não especificadas anteriormente;EDUCAÇÃO;P;85;85.9;SP
EED;14.315.074/0001-21;EDGE OF SPACE INDUSTRIA, COMERCIO, ASSESSORIA E ENGENHARIA LTDA;09/08/2011;EPP;206-2;71.12-0-00;2526;06/06/2025;Serviços de engenharia;ATIVIDADES PROFISSIONAIS, CIENTÍFICAS E TÉCNICAS;M;71;71.1;SP
EED;14.315.074/0001-21;EDGE OF SPACE INDUSTRIA, COMERCIO, ASSESSORIA E ENGENHARIA LTDA;09/08/2011;EPP;206-2;25.39-0-01;2526;06/06/2025;Serviços de usinagem, solda, tratamento e revestimento em metais;INDÚSTRIAS DE TRANSFORMAÇÃO;C;25;25.3;SP
EED;14.315.074/0001-21;EDGE OF SPACE INDUSTRIA, COMERCIO, ASSESSORIA E ENGENHARIA LTDA;09/08/2011;EPP;206-2;25.50-1-02;2526;06/06/2025;Fabricação de equipamento bélico pesado, armas de fogo e munições;INDÚSTRIAS DE TRANSFORMAÇÃO;C;25;25.5;SP
EED;14.315.074/0001-21;EDGE OF SPACE INDUSTRIA, COMERCIO, ASSESSORIA E ENGENHARIA LTDA;09/08/2011;EPP;206-2;25.99-3-99;2526;06/06/2025;Fabricação de produtos de metal não especificados anteriormente;INDÚSTRIAS DE TRANSFORMAÇÃO;C;25;25.9;SP
EED;14.315.074/0001-21;EDGE OF SPACE INDUSTRIA, COMERCIO, ASSESSORIA E ENGENHARIA LTDA;09/08/2011;EPP;206-2;28.69-1-00;2526;06/06/2025;Fabricação de máquinas e equipamentos para uso industrial específico não especificados anteriormente;INDÚSTRIAS DE TRANSFORMAÇÃO;C;28;28.6;SP
EED;14.315.074/0001-21;EDGE OF SPACE INDUSTRIA, COMERCIO, ASSESSORIA E ENGENHARIA LTDA;09/08/2011;EPP;206-2;33.12-1-02;2526;06/06/2025;Manutenção e reparação de equipamentos eletrônicos e ópticos;INDÚSTRIAS DE TRANSFORMAÇÃO;C;33;33.1;SP
EED;14.315.074/0001-21;EDGE OF SPACE INDUSTRIA, COMERCIO, ASSESSORIA E ENGENHARIA LTDA;09/08/2011;EPP;206-2;33.14-7-13;2526;06/06/2025;Manutenção e reparação de máquinas e equipamentos da indústria mecânica;INDÚSTRIAS DE TRANSFORMAÇÃO;C;33;33.1;SP
EED;14.315.074/0001-21;EDGE OF SPACE INDUSTRIA, COMERCIO, ASSESSORIA E ENGENHARIA LTDA;09/08/2011;EPP;206-2;42.92-8-01;2526;06/06/2025;Montagem de instalações industriais e de estruturas metálicas;CONSTRUÇÃO;F;42;42.9;SP
EED;14.315.074/0001-21;EDGE OF SPACE INDUSTRIA, COMERCIO, ASSESSORIA E ENGENHARIA LTDA;09/08/2011;EPP;206-2;47.51-2-01;2526;06/06/2025;Comércio varejista especializado de equipamentos e suprimentos de informática;"COMÉRCIO; REPARAÇÃO DE VEÍCULOS AUTOMOTORES E MOTOCICLETAS";G;47;47.5;SP
EED;14.315.074/0001-21;EDGE OF SPACE INDUSTRIA, COMERCIO, ASSESSORIA E ENGENHARIA LTDA;09/08/2011;EPP;206-2;47.63-6-04;2526;06/06/2025;Comércio varejista de artigos recreativos e esportivos;"COMÉRCIO; REPARAÇÃO DE VEÍCULOS AUTOMOTORES E MOTOCICLETAS";G;47;47.6;SP
EED;14.315.074/0001-21;EDGE OF SPACE INDUSTRIA, COMERCIO, ASSESSORIA E ENGENHARIA LTDA;09/08/2011;EPP;206-2;47.89-0-09;2526;06/06/2025;Comércio varejista de outros produtos novos não especificados anteriormente;"COMÉRCIO; REPARAÇÃO DE VEÍCULOS AUTOMOTORES E MOTOCICLETAS";G;47;47.8;SP
EED;14.315.074/0001-21;EDGE OF SPACE INDUSTRIA, COMERCIO, ASSESSORIA E ENGENHARIA LTDA;09/08/2011;EPP;206-2;62.04-0-00;2526;06/06/2025;Consultoria em tecnologia da informação;INFORMAÇÃO E COMUNICAÇÃO;J;62;62.0;SP
EED;14.315.074/0001-21;EDGE OF SPACE INDUSTRIA, COMERCIO, ASSESSORIA E ENGENHARIA LTDA;09/08/2011;EPP;206-2;62.09-1-00;2526;06/06/2025;Suporte técnico, manutenção e outros serviços em tecnologia da informação;INFORMAÇÃO E COMUNICAÇÃO;J;62;62.0;SP
EED;14.315.074/0001-21;EDGE OF SPACE INDUSTRIA, COMERCIO, ASSESSORIA E ENGENHARIA LTDA;09/08/2011;EPP;206-2;64.62-0-00;2526;06/06/2025;Holdings de instituições não-financeiras;ATIVIDADES FINANCEIRAS, DE SEGUROS E SERVIÇOS RELACIONADOS;K;64;64.6;SP
EED;14.315.074/0001-21;EDGE OF SPACE INDUSTRIA, COMERCIO, ASSESSORIA E ENGENHARIA LTDA;09/08/2011;EPP;206-2;68.10-2-02;2526;06/06/2025;Atividades imobiliárias de imóveis próprios;ATIVIDADES IMOBILIÁRIAS;L;68;68.1;SP
EED;14.315.074/0001-21;EDGE OF SPACE INDUSTRIA, COMERCIO, ASSESSORIA E ENGENHARIA LTDA;09/08/2011;EPP;206-2;71.19-7-03;2526;06/06/2025;Atividades técnicas relacionadas à arquitetura e engenharia;ATIVIDADES PROFISSIONAIS, CIENTÍFICAS E TÉCNICAS;M;71;71.1;SP
EED;14.315.074/0001-21;EDGE OF SPACE INDUSTRIA, COMERCIO, ASSESSORIA E ENGENHARIA LTDA;09/08/2011;EPP;206-2;71.20-1-00;2526;06/06/2025;Testes e análises técnicas;ATIVIDADES PROFISSIONAIS, CIENTÍFICAS E TÉCNICAS;M;71;71.2;SP
EED;14.315.074/0001-21;EDGE OF SPACE INDUSTRIA, COMERCIO, ASSESSORIA E ENGENHARIA LTDA;09/08/2011;EPP;206-2;82.19-9-99;2526;06/06/2025;Fotocópias, preparação de documentos e outros serviços especializados de apoio administrativo;ATIVIDADES ADMINISTRATIVAS E SERVIÇOS COMPLEMENTARES;N;82;82.1;SP
EED;14.315.074/0001-21;EDGE OF SPACE INDUSTRIA, COMERCIO, ASSESSORIA E ENGENHARIA LTDA;09/08/2011;EPP;206-2;82.99-7-99;2526;06/06/2025;Atividades de serviços prestados principalmente às empresas não especificadas anteriormente;ATIVIDADES ADMINISTRATIVAS E SERVIÇOS COMPLEMENTARES;N;82;82.9;SP
EED;05.248.770/0001-71;GRIAULE LTDA;01/08/2002;DEMAIS;206-2;62.03-1-00;2526;06/06/2025;Desenvolvimento e licenciamento de programas de computador não-customizáveis;INFORMAÇÃO E COMUNICAÇÃO;J;62;62.0;SP
EED;05.248.770/0001-71;GRIAULE LTDA;01/08/2002;DEMAIS;206-2;18.12-1-00;2526;06/06/2025;Impressão de material de segurança;INDÚSTRIAS DE TRANSFORMAÇÃO;C;18;18.1;SP
EED;05.248.770/0001-71;GRIAULE LTDA;01/08/2002;DEMAIS;206-2;47.51-2-01;2526;06/06/2025;Comércio varejista especializado de equipamentos e suprimentos de informática;"COMÉRCIO; REPARAÇÃO DE VEÍCULOS AUTOMOTORES E MOTOCICLETAS";G;47;47.5;SP
EED;05.248.770/0001-71;GRIAULE LTDA;01/08/2002;DEMAIS;206-2;62.04-0-00;2526;06/06/2025;Consultoria em tecnologia da informação;INFORMAÇÃO E COMUNICAÇÃO;J;62;62.0;SP
EED;05.248.770/0001-71;GRIAULE LTDA;01/08/2002;DEMAIS;206-2;62.02-3-00;2526;06/06/2025;Desenvolvimento e licenciamento de programas de computador customizáveis;INFORMAÇÃO E COMUNICAÇÃO;J;62;62.0;SP
EED;05.248.770/0001-71;GRIAULE LTDA;01/08/2002;DEMAIS;206-2;63.11-9-00;2526;06/06/2025;Tratamento de dados, provedores de serviços de aplicação e serviços de hospedagem na internet;INFORMAÇÃO E COMUNICAÇÃO;J;63;63.1;SP
EED;05.248.770/0001-71;GRIAULE LTDA;01/08/2002;DEMAIS;206-2;62.09-1-00;2526;06/06/2025;Suporte técnico, manutenção e outros serviços em tecnologia da informação;INFORMAÇÃO E COMUNICAÇÃO;J;62;62.0;SP
EED;05.248.770/0001-71;GRIAULE LTDA;01/08/2002;DEMAIS;206-2;74.20-0-05;2526;06/06/2025;Atividades fotográficas e similares;ATIVIDADES PROFISSIONAIS, CIENTÍFICAS E TÉCNICAS;M;74;74.2;SP
EED;05.248.770/0001-71;GRIAULE LTDA;01/08/2002;DEMAIS;206-2;85.99-6-03;2526;06/06/2025;Atividades de ensino não especificadas anteriormente;EDUCAÇÃO;P;85;85.9;SP
EED;05.248.770/0001-71;GRIAULE LTDA;01/08/2002;DEMAIS;206-2;64.62-0-00;2526;06/06/2025;Holdings de instituições não-financeiras;ATIVIDADES FINANCEIRAS, DE SEGUROS E SERVIÇOS RELACIONADOS;K;64;64.6;SP
EED;10.698.109/0001-06;JAZZ ENGENHARIA AERONAUTICA LTDA;03/03/2009;DEMAIS;206-2;46.69-9-99;2526;06/06/2025;"Comércio atacadista de máquinas, aparelhos e equipamentos não especificados anteriormente; partes e peças";"COMÉRCIO; REPARAÇÃO DE VEÍCULOS AUTOMOTORES E MOTOCICLETAS";G;46;46.6;MG
EED;10.698.109/0001-06;JAZZ ENGENHARIA AERONAUTICA LTDA;03/03/2009;DEMAIS;206-2;30.42-3-00;2526;06/06/2025;Fabricação de turbinas, motores e outros componentes e peças para aeronaves;INDÚSTRIAS DE TRANSFORMAÇÃO;C;30;30.4;MG
EED;10.698.109/0001-06;JAZZ ENGENHARIA AERONAUTICA LTDA;03/03/2009;DEMAIS;206-2;33.16-3-01;2526;06/06/2025;Manutenção e reparação de aeronaves;INDÚSTRIAS DE TRANSFORMAÇÃO;C;33;33.1;MG
EED;10.698.109/0001-06;JAZZ ENGENHARIA AERONAUTICA LTDA;03/03/2009;DEMAIS;206-2;33.16-3-02;2526;06/06/2025;Manutenção e reparação de aeronaves;INDÚSTRIAS DE TRANSFORMAÇÃO;C;33;33.1;MG
EED;10.698.109/0001-06;JAZZ ENGENHARIA AERONAUTICA LTDA;03/03/2009;DEMAIS;206-2;42.99-5-99;2526;06/06/2025;Obras de engenharia civil não especificadas anteriormente;CONSTRUÇÃO;F;42;42.9;MG
EED;10.698.109/0001-06;JAZZ ENGENHARIA AERONAUTICA LTDA;03/03/2009;DEMAIS;206-2;43.91-6-00;2526;06/06/2025;Obras de fundações;CONSTRUÇÃO;F;43;43.9;MG
EED;10.698.109/0001-06;JAZZ ENGENHARIA AERONAUTICA LTDA;03/03/2009;DEMAIS;206-2;46.14-1-00;2526;06/06/2025;Representantes comerciais e agentes do comércio de máquinas, equipamentos, embarcações e aeronaves;"COMÉRCIO; REPARAÇÃO DE VEÍCULOS AUTOMOTORES E MOTOCICLETAS";G;46;46.1;MG
EED;10.698.109/0001-06;JAZZ ENGENHARIA AERONAUTICA LTDA;03/03/2009;DEMAIS;206-2;46.19-2-00;2526;06/06/2025;Representantes comerciais e agentes do comércio de mercadorias em geral não especializado;"COMÉRCIO; REPARAÇÃO DE VEÍCULOS AUTOMOTORES E MOTOCICLETAS";G;46;46.1;MG
EED;10.698.109/0001-06;JAZZ ENGENHARIA AERONAUTICA LTDA;03/03/2009;DEMAIS;206-2;52.40-1-01;2526;06/06/2025;Atividades auxiliares dos transportes aéreos;TRANSPORTE, ARMAZENAGEM E CORREIO;H;52;52.4;MG
EED;10.698.109/0001-06;JAZZ ENGENHARIA AERONAUTICA LTDA;03/03/2009;DEMAIS;206-2;52.40-1-99;2526;06/06/2025;Atividades auxiliares dos transportes aéreos;TRANSPORTE, ARMAZENAGEM E CORREIO;H;52;52.4;MG
EED;10.698.109/0001-06;JAZZ ENGENHARIA AERONAUTICA LTDA;03/03/2009;DEMAIS;206-2;70.20-4-00;2526;06/06/2025;Atividades de consultoria em gestão empresarial;ATIVIDADES PROFISSIONAIS, CIENTÍFICAS E TÉCNICAS;M;70;70.2;MG
EED;10.698.109/0001-06;JAZZ ENGENHARIA AERONAUTICA LTDA;03/03/2009;DEMAIS;206-2;71.12-0-00;2526;06/06/2025;Serviços de engenharia;ATIVIDADES PROFISSIONAIS, CIENTÍFICAS E TÉCNICAS;M;71;71.1;MG
EED;10.698.109/0001-06;JAZZ ENGENHARIA AERONAUTICA LTDA;03/03/2009;DEMAIS;206-2;71.19-7-01 ;2526;06/06/2025;Atividades técnicas relacionadas à arquitetura e engenharia;ATIVIDADES PROFISSIONAIS, CIENTÍFICAS E TÉCNICAS;M;71;71.1;MG
EED;10.698.109/0001-06;JAZZ ENGENHARIA AERONAUTICA LTDA;03/03/2009;DEMAIS;206-2;71.19-7-03 ;2526;06/06/2025;Atividades técnicas relacionadas à arquitetura e engenharia;ATIVIDADES PROFISSIONAIS, CIENTÍFICAS E TÉCNICAS;M;71;71.1;MG
EED;10.698.109/0001-06;JAZZ ENGENHARIA AERONAUTICA LTDA;03/03/2009;DEMAIS;206-2;71.19-7-99 ;2526;06/06/2025;Atividades técnicas relacionadas à arquitetura e engenharia;ATIVIDADES PROFISSIONAIS, CIENTÍFICAS E TÉCNICAS;M;71;71.1;MG
EED;10.698.109/0001-06;JAZZ ENGENHARIA AERONAUTICA LTDA;03/03/2009;DEMAIS;206-2;71.20-1-00;2526;06/06/2025;Testes e análises técnicas;ATIVIDADES PROFISSIONAIS, CIENTÍFICAS E TÉCNICAS;M;71;71.2;MG
EED;10.698.109/0001-06;JAZZ ENGENHARIA AERONAUTICA LTDA;03/03/2009;DEMAIS;206-2;74.90-1-99;2526;06/06/2025;Atividades profissionais, científicas e técnicas não especificadas anteriormente;ATIVIDADES PROFISSIONAIS, CIENTÍFICAS E TÉCNICAS;M;74;74.9;MG
EED;10.698.109/0001-06;JAZZ ENGENHARIA AERONAUTICA LTDA;03/03/2009;DEMAIS;206-2;82.19-9-99;2526;06/06/2025;Fotocópias, preparação de documentos e outros serviços especializados de apoio administrativo;ATIVIDADES ADMINISTRATIVAS E SERVIÇOS COMPLEMENTARES;N;82;82.1;MG
EED;10.698.109/0001-06;JAZZ ENGENHARIA AERONAUTICA LTDA;03/03/2009;DEMAIS;206-2;85.99-6-02 ;2526;06/06/2025;Atividades de ensino não especificadas anteriormente;EDUCAÇÃO;P;85;85.9;MG
EED;10.698.109/0001-06;JAZZ ENGENHARIA AERONAUTICA LTDA;03/03/2009;DEMAIS;206-2;85.99-6-04;2526;06/06/2025;Atividades de ensino não especificadas anteriormente;EDUCAÇÃO;P;85;85.9;MG
EED;59.513.804/0001-37;OVERSEA COMERCIO DE EQUIPAMENTOS ESPORTIVOS LTDA ;29/09/1988;ME;206-2;47.63-6-02;2526;06/06/2025;Comércio varejista de artigos recreativos e esportivos;"COMÉRCIO; REPARAÇÃO DE VEÍCULOS AUTOMOTORES E MOTOCICLETAS";G;47;47.6;SP
EED;59.513.804/0001-37;OVERSEA COMERCIO DE EQUIPAMENTOS ESPORTIVOS LTDA ;29/09/1988;ME;206-2;14.12-6-01 ;2526;06/06/2025;Confecção de peças do vestuário, exceto roupas íntimas;INDÚSTRIAS DE TRANSFORMAÇÃO;C;14;14.1;SP
EED;59.513.804/0001-37;OVERSEA COMERCIO DE EQUIPAMENTOS ESPORTIVOS LTDA ;29/09/1988;ME;206-2;14.12-6-03;2526;06/06/2025;Confecção de peças do vestuário, exceto roupas íntimas;INDÚSTRIAS DE TRANSFORMAÇÃO;C;14;14.1;SP
EED;59.513.804/0001-37;OVERSEA COMERCIO DE EQUIPAMENTOS ESPORTIVOS LTDA ;29/09/1988;ME;206-2;46.19-2-00 ;2526;06/06/2025;Representantes comerciais e agentes do comércio de mercadorias em geral não especializado;"COMÉRCIO; REPARAÇÃO DE VEÍCULOS AUTOMOTORES E MOTOCICLETAS";G;46;46.1;SP
EED;59.513.804/0001-37;OVERSEA COMERCIO DE EQUIPAMENTOS ESPORTIVOS LTDA ;29/09/1988;ME;206-2;46.42-7-01;2526;06/06/2025;Comércio atacadista de artigos do vestuário e acessórios;"COMÉRCIO; REPARAÇÃO DE VEÍCULOS AUTOMOTORES E MOTOCICLETAS";G;46;46.4;SP
EED;59.513.804/0001-37;OVERSEA COMERCIO DE EQUIPAMENTOS ESPORTIVOS LTDA ;29/09/1988;ME;206-2;46.49-4-99;2526;06/06/2025;Comércio atacadista de equipamentos e artigos de uso pessoal e doméstico não especificados anteriormente;"COMÉRCIO; REPARAÇÃO DE VEÍCULOS AUTOMOTORES E MOTOCICLETAS";G;46;46.4;SP
EED;59.513.804/0001-37;OVERSEA COMERCIO DE EQUIPAMENTOS ESPORTIVOS LTDA ;29/09/1988;ME;206-2;82.11-3-00;2526;06/06/2025;Serviços combinados de escritório e apoio administrativo;ATIVIDADES ADMINISTRATIVAS E SERVIÇOS COMPLEMENTARES;N;82;82.1;SP
EED;28.433.535/0001-75;RG SHOES INDUSTRIA E COMERCIO DE CALCADOS LTDA;16/08/2017;ME;206-2;15.31-9-01;2526;06/06/2025;Fabricação de calçados de couro;INDÚSTRIAS DE TRANSFORMAÇÃO;C;15;15.3;SP
EED;28.433.535/0001-75;RG SHOES INDUSTRIA E COMERCIO DE CALCADOS LTDA;16/08/2017;ME;206-2;14.13-4-01;2526;06/06/2025;Confecção de roupas profissionais;INDÚSTRIAS DE TRANSFORMAÇÃO;C;14;14.1;SP
EED;28.433.535/0001-75;RG SHOES INDUSTRIA E COMERCIO DE CALCADOS LTDA;16/08/2017;ME;206-2;14.13-4-02;2526;06/06/2025;Confecção de roupas profissionais;INDÚSTRIAS DE TRANSFORMAÇÃO;C;14;14.1;SP
EED;28.433.535/0001-75;RG SHOES INDUSTRIA E COMERCIO DE CALCADOS LTDA;16/08/2017;ME;206-2;14.13-4-03;2526;06/06/2025;Confecção de roupas profissionais;INDÚSTRIAS DE TRANSFORMAÇÃO;C;14;14.1;SP
EED;28.433.535/0001-75;RG SHOES INDUSTRIA E COMERCIO DE CALCADOS LTDA;16/08/2017;ME;206-2;15.29-7-00;2526;06/06/2025;Fabricação de artefatos de couro não especificados anteriormente;INDÚSTRIAS DE TRANSFORMAÇÃO;C;15;15.2;SP
EED;28.433.535/0001-75;RG SHOES INDUSTRIA E COMERCIO DE CALCADOS LTDA;16/08/2017;ME;206-2;15.32-7-00;2526;06/06/2025;Fabricação de tênis de qualquer material;INDÚSTRIAS DE TRANSFORMAÇÃO;C;15;15.3;SP
EED;28.433.535/0001-75;RG SHOES INDUSTRIA E COMERCIO DE CALCADOS LTDA;16/08/2017;ME;206-2;45.11-1-01;2526;06/06/2025;Comércio a varejo e por atacado de veículos automotores;"COMÉRCIO; REPARAÇÃO DE VEÍCULOS AUTOMOTORES E MOTOCICLETAS";G;45;45.1;SP
EED;28.433.535/0001-75;RG SHOES INDUSTRIA E COMERCIO DE CALCADOS LTDA;16/08/2017;ME;206-2;45.11-1-02;2526;06/06/2025;Comércio a varejo e por atacado de veículos automotores;"COMÉRCIO; REPARAÇÃO DE VEÍCULOS AUTOMOTORES E MOTOCICLETAS";G;45;45.1;SP
EED;28.433.535/0001-75;RG SHOES INDUSTRIA E COMERCIO DE CALCADOS LTDA;16/08/2017;ME;206-2;45.30-7-03;2526;06/06/2025;Comércio de peças e acessórios para veículos automotores;"COMÉRCIO; REPARAÇÃO DE VEÍCULOS AUTOMOTORES E MOTOCICLETAS";G;45;45.3;SP
EED;28.433.535/0001-75;RG SHOES INDUSTRIA E COMERCIO DE CALCADOS LTDA;16/08/2017;ME;206-2;45.41-2-03;2526;06/06/2025;Comércio por atacado e a varejo de motocicletas, peças e acessórios;"COMÉRCIO; REPARAÇÃO DE VEÍCULOS AUTOMOTORES E MOTOCICLETAS";G;45;45.4;SP
EED;28.433.535/0001-75;RG SHOES INDUSTRIA E COMERCIO DE CALCADOS LTDA;16/08/2017;ME;206-2;45.41-2-04 ;2526;06/06/2025;Comércio por atacado e a varejo de motocicletas, peças e acessórios;"COMÉRCIO; REPARAÇÃO DE VEÍCULOS AUTOMOTORES E MOTOCICLETAS";G;45;45.4;SP
EED;28.433.535/0001-75;RG SHOES INDUSTRIA E COMERCIO DE CALCADOS LTDA;16/08/2017;ME;206-2;45.41-2-06;2526;06/06/2025;Comércio por atacado e a varejo de motocicletas, peças e acessórios;"COMÉRCIO; REPARAÇÃO DE VEÍCULOS AUTOMOTORES E MOTOCICLETAS";G;45;45.4;SP
EED;28.433.535/0001-75;RG SHOES INDUSTRIA E COMERCIO DE CALCADOS LTDA;16/08/2017;ME;206-2;45.41-2-07 ;2526;06/06/2025;Comércio por atacado e a varejo de motocicletas, peças e acessórios;"COMÉRCIO; REPARAÇÃO DE VEÍCULOS AUTOMOTORES E MOTOCICLETAS";G;45;45.4;SP
EED;28.433.535/0001-75;RG SHOES INDUSTRIA E COMERCIO DE CALCADOS LTDA;16/08/2017;ME;206-2;47.29-6-99;2526;06/06/2025;"Comércio varejista de produtos alimentícios em geral ou especializado em produtos alimentícios não especificados anteriormente; produtos do fumo";"COMÉRCIO; REPARAÇÃO DE VEÍCULOS AUTOMOTORES E MOTOCICLETAS";G;47;47.2;SP
EED;28.433.535/0001-75;RG SHOES INDUSTRIA E COMERCIO DE CALCADOS LTDA;16/08/2017;ME;206-2;47.42-3-00 ;2526;06/06/2025;Comércio varejista de material elétrico;"COMÉRCIO; REPARAÇÃO DE VEÍCULOS AUTOMOTORES E MOTOCICLETAS";G;47;47.4;SP
EED;28.433.535/0001-75;RG SHOES INDUSTRIA E COMERCIO DE CALCADOS LTDA;16/08/2017;ME;206-2;47.44-0-01;2526;06/06/2025;Comércio varejista de ferragens, madeira e materiais de construção;"COMÉRCIO; REPARAÇÃO DE VEÍCULOS AUTOMOTORES E MOTOCICLETAS";G;47;47.4;SP
EED;28.433.535/0001-75;RG SHOES INDUSTRIA E COMERCIO DE CALCADOS LTDA;16/08/2017;ME;206-2;47.44-0-03;2526;06/06/2025;Comércio varejista de ferragens, madeira e materiais de construção;"COMÉRCIO; REPARAÇÃO DE VEÍCULOS AUTOMOTORES E MOTOCICLETAS";G;47;47.4;SP
EED;28.433.535/0001-75;RG SHOES INDUSTRIA E COMERCIO DE CALCADOS LTDA;16/08/2017;ME;206-2;47.44-0-04 ;2526;06/06/2025;Comércio varejista de ferragens, madeira e materiais de construção;"COMÉRCIO; REPARAÇÃO DE VEÍCULOS AUTOMOTORES E MOTOCICLETAS";G;47;47.4;SP
EED;28.433.535/0001-75;RG SHOES INDUSTRIA E COMERCIO DE CALCADOS LTDA;16/08/2017;ME;206-2;47.44-0-05;2526;06/06/2025;Comércio varejista de ferragens, madeira e materiais de construção;"COMÉRCIO; REPARAÇÃO DE VEÍCULOS AUTOMOTORES E MOTOCICLETAS";G;47;47.4;SP
EED;28.433.535/0001-75;RG SHOES INDUSTRIA E COMERCIO DE CALCADOS LTDA;16/08/2017;ME;206-2;47.44-0-99;2526;06/06/2025;Comércio varejista de ferragens, madeira e materiais de construção;"COMÉRCIO; REPARAÇÃO DE VEÍCULOS AUTOMOTORES E MOTOCICLETAS";G;47;47.4;SP
EED;28.433.535/0001-75;RG SHOES INDUSTRIA E COMERCIO DE CALCADOS LTDA;16/08/2017;ME;206-2;47.51-2-01;2526;06/06/2025;Comércio varejista especializado de equipamentos e suprimentos de informática;"COMÉRCIO; REPARAÇÃO DE VEÍCULOS AUTOMOTORES E MOTOCICLETAS";G;47;47.5;SP
EED;28.433.535/0001-75;RG SHOES INDUSTRIA E COMERCIO DE CALCADOS LTDA;16/08/2017;ME;206-2;47.52-1-00;2526;06/06/2025;Comércio varejista especializado de equipamentos de telefonia e comunicação;"COMÉRCIO; REPARAÇÃO DE VEÍCULOS AUTOMOTORES E MOTOCICLETAS";G;47;47.5;SP
EED;28.433.535/0001-75;RG SHOES INDUSTRIA E COMERCIO DE CALCADOS LTDA;16/08/2017;ME;206-2;47.53-9-00 ;2526;06/06/2025;Comércio varejista especializado de eletrodomésticos e equipamentos de áudio e vídeo;"COMÉRCIO; REPARAÇÃO DE VEÍCULOS AUTOMOTORES E MOTOCICLETAS";G;47;47.5;SP
EED;28.433.535/0001-75;RG SHOES INDUSTRIA E COMERCIO DE CALCADOS LTDA;16/08/2017;ME;206-2;47.54-7-01;2526;06/06/2025;Comércio varejista especializado de móveis, colchoaria e artigos de iluminação;"COMÉRCIO; REPARAÇÃO DE VEÍCULOS AUTOMOTORES E MOTOCICLETAS";G;47;47.5;SP
EED;28.433.535/0001-75;RG SHOES INDUSTRIA E COMERCIO DE CALCADOS LTDA;16/08/2017;ME;206-2;47.54-7-02 ;2526;06/06/2025;Comércio varejista especializado de móveis, colchoaria e artigos de iluminação;"COMÉRCIO; REPARAÇÃO DE VEÍCULOS AUTOMOTORES E MOTOCICLETAS";G;47;47.5;SP
EED;28.433.535/0001-75;RG SHOES INDUSTRIA E COMERCIO DE CALCADOS LTDA;16/08/2017;ME;206-2;47.54-7-03;2526;06/06/2025;Comércio varejista especializado de móveis, colchoaria e artigos de iluminação;"COMÉRCIO; REPARAÇÃO DE VEÍCULOS AUTOMOTORES E MOTOCICLETAS";G;47;47.5;SP
EED;28.433.535/0001-75;RG SHOES INDUSTRIA E COMERCIO DE CALCADOS LTDA;16/08/2017;ME;206-2;47.55-5-01;2526;06/06/2025;Comércio varejista especializado de tecidos e artigos de cama, mesa e banho;"COMÉRCIO; REPARAÇÃO DE VEÍCULOS AUTOMOTORES E MOTOCICLETAS";G;47;47.5;SP
EED;28.433.535/0001-75;RG SHOES INDUSTRIA E COMERCIO DE CALCADOS LTDA;16/08/2017;ME;206-2;47.55-5-03;2526;06/06/2025;Comércio varejista especializado de tecidos e artigos de cama, mesa e banho;"COMÉRCIO; REPARAÇÃO DE VEÍCULOS AUTOMOTORES E MOTOCICLETAS";G;47;47.5;SP
EED;28.433.535/0001-75;RG SHOES INDUSTRIA E COMERCIO DE CALCADOS LTDA;16/08/2017;ME;206-2;47.56-3-00;2526;06/06/2025;Comércio varejista especializado de instrumentos musicais e acessórios;"COMÉRCIO; REPARAÇÃO DE VEÍCULOS AUTOMOTORES E MOTOCICLETAS";G;47;47.5;SP
EED;28.433.535/0001-75;RG SHOES INDUSTRIA E COMERCIO DE CALCADOS LTDA;16/08/2017;ME;206-2;47.57-1-00;2526;06/06/2025;Comércio varejista especializado de peças e acessórios para aparelhos eletroeletrônicos para uso doméstico, exceto informática e comunicação;"COMÉRCIO; REPARAÇÃO DE VEÍCULOS AUTOMOTORES E MOTOCICLETAS";G;47;47.5;SP
EED;28.433.535/0001-75;RG SHOES INDUSTRIA E COMERCIO DE CALCADOS LTDA;16/08/2017;ME;206-2;47.59-8-99;2526;06/06/2025;Comércio varejista de artigos de uso doméstico não especificados anteriormente;"COMÉRCIO; REPARAÇÃO DE VEÍCULOS AUTOMOTORES E MOTOCICLETAS";G;47;47.5;SP
EED;28.433.535/0001-75;RG SHOES INDUSTRIA E COMERCIO DE CALCADOS LTDA;16/08/2017;ME;206-2;47.61-0-01;2526;06/06/2025;Comércio varejista de livros, jornais, revistas e papelaria;"COMÉRCIO; REPARAÇÃO DE VEÍCULOS AUTOMOTORES E MOTOCICLETAS";G;47;47.6;SP
EED;28.433.535/0001-75;RG SHOES INDUSTRIA E COMERCIO DE CALCADOS LTDA;16/08/2017;ME;206-2;47.61-0-02;2526;06/06/2025;Comércio varejista de livros, jornais, revistas e papelaria;"COMÉRCIO; REPARAÇÃO DE VEÍCULOS AUTOMOTORES E MOTOCICLETAS";G;47;47.6;SP
EED;28.433.535/0001-75;RG SHOES INDUSTRIA E COMERCIO DE CALCADOS LTDA;16/08/2017;ME;206-2;47.61-0-03;2526;06/06/2025;Comércio varejista de livros, jornais, revistas e papelaria;"COMÉRCIO; REPARAÇÃO DE VEÍCULOS AUTOMOTORES E MOTOCICLETAS";G;47;47.6;SP
EED;28.433.535/0001-75;RG SHOES INDUSTRIA E COMERCIO DE CALCADOS LTDA;16/08/2017;ME;206-2;47.63-6-02 ;2526;06/06/2025;Comércio varejista de artigos recreativos e esportivos;"COMÉRCIO; REPARAÇÃO DE VEÍCULOS AUTOMOTORES E MOTOCICLETAS";G;47;47.6;SP
EED;28.433.535/0001-75;RG SHOES INDUSTRIA E COMERCIO DE CALCADOS LTDA;16/08/2017;ME;206-2;47.63-6-04;2526;06/06/2025;Comércio varejista de artigos recreativos e esportivos;"COMÉRCIO; REPARAÇÃO DE VEÍCULOS AUTOMOTORES E MOTOCICLETAS";G;47;47.6;SP
EED;28.433.535/0001-75;RG SHOES INDUSTRIA E COMERCIO DE CALCADOS LTDA;16/08/2017;ME;206-2;47.72-5-00;2526;06/06/2025;Comércio varejista de cosméticos, produtos de perfumaria e de higiene pessoal;"COMÉRCIO; REPARAÇÃO DE VEÍCULOS AUTOMOTORES E MOTOCICLETAS";G;47;47.7;SP
EED;28.433.535/0001-75;RG SHOES INDUSTRIA E COMERCIO DE CALCADOS LTDA;16/08/2017;ME;206-2;47.74-1-00;2526;06/06/2025;Comércio varejista de artigos de óptica;"COMÉRCIO; REPARAÇÃO DE VEÍCULOS AUTOMOTORES E MOTOCICLETAS";G;47;47.7;SP
EED;28.433.535/0001-75;RG SHOES INDUSTRIA E COMERCIO DE CALCADOS LTDA;16/08/2017;ME;206-2;47.81-4-00;2526;06/06/2025;Comércio varejista de artigos do vestuário e acessórios;"COMÉRCIO; REPARAÇÃO DE VEÍCULOS AUTOMOTORES E MOTOCICLETAS";G;47;47.8;SP
EED;28.433.535/0001-75;RG SHOES INDUSTRIA E COMERCIO DE CALCADOS LTDA;16/08/2017;ME;206-2;47.82-2-01;2526;06/06/2025;Comércio varejista de calçados e artigos de viagem;"COMÉRCIO; REPARAÇÃO DE VEÍCULOS AUTOMOTORES E MOTOCICLETAS";G;47;47.8;SP
EED;28.433.535/0001-75;RG SHOES INDUSTRIA E COMERCIO DE CALCADOS LTDA;16/08/2017;ME;206-2;47.82-2-02;2526;06/06/2025;Comércio varejista de calçados e artigos de viagem;"COMÉRCIO; REPARAÇÃO DE VEÍCULOS AUTOMOTORES E MOTOCICLETAS";G;47;47.8;SP
EED;28.433.535/0001-75;RG SHOES INDUSTRIA E COMERCIO DE CALCADOS LTDA;16/08/2017;ME;206-2;47.89-0-04;2526;06/06/2025;Comércio varejista de outros produtos novos não especificados anteriormente;"COMÉRCIO; REPARAÇÃO DE VEÍCULOS AUTOMOTORES E MOTOCICLETAS";G;47;47.8;SP
EED;28.433.535/0001-75;RG SHOES INDUSTRIA E COMERCIO DE CALCADOS LTDA;16/08/2017;ME;206-2;47.89-0-05;2526;06/06/2025;Comércio varejista de outros produtos novos não especificados anteriormente;"COMÉRCIO; REPARAÇÃO DE VEÍCULOS AUTOMOTORES E MOTOCICLETAS";G;47;47.8;SP
EED;28.433.535/0001-75;RG SHOES INDUSTRIA E COMERCIO DE CALCADOS LTDA;16/08/2017;ME;206-2;47.89-0-99;2526;06/06/2025;Comércio varejista de outros produtos novos não especificados anteriormente;"COMÉRCIO; REPARAÇÃO DE VEÍCULOS AUTOMOTORES E MOTOCICLETAS";G;47;47.8;SP
EED;28.433.535/0001-75;RG SHOES INDUSTRIA E COMERCIO DE CALCADOS LTDA;16/08/2017;ME;206-2;70.20-4-00;2526;06/06/2025;Atividades de consultoria em gestão empresarial;ATIVIDADES PROFISSIONAIS, CIENTÍFICAS E TÉCNICAS;M;70;70.2;SP
EED;28.433.535/0001-75;RG SHOES INDUSTRIA E COMERCIO DE CALCADOS LTDA;16/08/2017;ME;206-2;74.90-1-04;2526;06/06/2025;Atividades profissionais, científicas e técnicas não especificadas anteriormente;ATIVIDADES PROFISSIONAIS, CIENTÍFICAS E TÉCNICAS;M;74;74.9;SP
EED;52.045.457/0001-16;TAM AVIACAO EXECUTIVA E TAXI AEREO SA;04/07/1966;DEMAIS;205-4;51.12-9-01;2526;06/06/2025;Transporte aéreo de passageiros não-regular;TRANSPORTE, ARMAZENAGEM E CORREIO;H;51;51.1;SP
EED;52.045.457/0001-16;TAM AVIACAO EXECUTIVA E TAXI AEREO SA;04/07/1966;DEMAIS;205-4;46.14-1-00;2526;06/06/2025;Representantes comerciais e agentes do comércio de máquinas, equipamentos, embarcações e aeronaves;"COMÉRCIO; REPARAÇÃO DE VEÍCULOS AUTOMOTORES E MOTOCICLETAS";G;46;46.1;SP
EED;52.045.457/0001-16;TAM AVIACAO EXECUTIVA E TAXI AEREO SA;04/07/1966;DEMAIS;205-4;46.69-9-99;2526;06/06/2025;"Comércio atacadista de máquinas, aparelhos e equipamentos não especificados anteriormente; partes e peças";"COMÉRCIO; REPARAÇÃO DE VEÍCULOS AUTOMOTORES E MOTOCICLETAS";G;46;46.6;SP
EED;52.045.457/0001-16;TAM AVIACAO EXECUTIVA E TAXI AEREO SA;04/07/1966;DEMAIS;205-4;51.12-9-99;2526;06/06/2025;Transporte aéreo de passageiros não-regular;TRANSPORTE, ARMAZENAGEM E CORREIO;H;51;51.1;SP
EED;52.045.457/0001-16;TAM AVIACAO EXECUTIVA E TAXI AEREO SA;04/07/1966;DEMAIS;205-4;52.40-1-99;2526;06/06/2025;Atividades auxiliares dos transportes aéreos;TRANSPORTE, ARMAZENAGEM E CORREIO;H;52;52.4;SP
EED;52.045.457/0001-16;TAM AVIACAO EXECUTIVA E TAXI AEREO SA;04/07/1966;DEMAIS;205-4;74.90-1-04;2526;06/06/2025;Atividades profissionais, científicas e técnicas não especificadas anteriormente;ATIVIDADES PROFISSIONAIS, CIENTÍFICAS E TÉCNICAS;M;74;74.9;SP
EED;07.589.288/0001-20;"UCB INDUSTRIA DE COMPONENTES ELETRONICOS E INFORMATICA
SA";15/09/2005;DEMAIS;205-4;26.10-8-00 ;2526;06/06/2025;Fabricação de componentes eletrônicos;INDÚSTRIAS DE TRANSFORMAÇÃO;C;26;26.1;MG
EED;07.589.288/0001-20;"UCB INDUSTRIA DE COMPONENTES ELETRONICOS E INFORMATICA
SA";15/09/2005;DEMAIS;205-4;22.29-3-02;2526;06/06/2025;Fabricação de artefatos de material plástico não especificados anteriormente;INDÚSTRIAS DE TRANSFORMAÇÃO;C;22;22.2;MG
EED;07.589.288/0001-20;"UCB INDUSTRIA DE COMPONENTES ELETRONICOS E INFORMATICA
SA";15/09/2005;DEMAIS;205-4;27.10-4-01;2526;06/06/2025;Fabricação de geradores, transformadores e motores elétricos;INDÚSTRIAS DE TRANSFORMAÇÃO;C;27;27.1;MG
EED;07.589.288/0001-20;"UCB INDUSTRIA DE COMPONENTES ELETRONICOS E INFORMATICA
SA";15/09/2005;DEMAIS;205-4;27.21-0-00 ;2526;06/06/2025;Fabricação de pilhas, baterias e acumuladores elétricos, exceto para veículos automotores;INDÚSTRIAS DE TRANSFORMAÇÃO;C;27;27.2;MG
EED;07.589.288/0001-20;"UCB INDUSTRIA DE COMPONENTES ELETRONICOS E INFORMATICA
SA";15/09/2005;DEMAIS;205-4;27.22-8-01;2526;06/06/2025;Fabricação de baterias e acumuladores para veículos automotores;INDÚSTRIAS DE TRANSFORMAÇÃO;C;27;27.2;MG
EED;07.589.288/0001-20;"UCB INDUSTRIA DE COMPONENTES ELETRONICOS E INFORMATICA
SA";15/09/2005;DEMAIS;205-4;33.12-1-02 ;2526;06/06/2025;Manutenção e reparação de equipamentos eletrônicos e ópticos;INDÚSTRIAS DE TRANSFORMAÇÃO;C;33;33.1;MG
EED;07.589.288/0001-20;"UCB INDUSTRIA DE COMPONENTES ELETRONICOS E INFORMATICA
SA";15/09/2005;DEMAIS;205-4;33.13-9-02;2526;06/06/2025;Manutenção e reparação de máquinas e equipamentos elétricos;INDÚSTRIAS DE TRANSFORMAÇÃO;C;33;33.1;MG
EED;07.589.288/0001-20;"UCB INDUSTRIA DE COMPONENTES ELETRONICOS E INFORMATICA
SA";15/09/2005;DEMAIS;205-4;33.29-5-99;2526;06/06/2025;Instalação de equipamentos não especificados anteriormente;INDÚSTRIAS DE TRANSFORMAÇÃO;C;33;33.2;MG
EED;07.589.288/0001-20;"UCB INDUSTRIA DE COMPONENTES ELETRONICOS E INFORMATICA
SA";15/09/2005;DEMAIS;205-4;42.21-9-04 ;2526;06/06/2025;Obras para geração e distribuição de energia elétrica e para telecomunicações;CONSTRUÇÃO;F;42;42.2;MG
EED;07.589.288/0001-20;"UCB INDUSTRIA DE COMPONENTES ELETRONICOS E INFORMATICA
SA";15/09/2005;DEMAIS;205-4;43.21-5-00;2526;06/06/2025;Instalações elétricas;CONSTRUÇÃO;F;43;43.2;MG
EED;07.589.288/0001-20;"UCB INDUSTRIA DE COMPONENTES ELETRONICOS E INFORMATICA
SA";15/09/2005;DEMAIS;205-4;43.29-1-04;2526;06/06/2025;Obras de instalações em construções não especificadas anteriormente;CONSTRUÇÃO;F;43;43.2;MG
EED;07.589.288/0001-20;"UCB INDUSTRIA DE COMPONENTES ELETRONICOS E INFORMATICA
SA";15/09/2005;DEMAIS;205-4;46.69-9-99;2526;06/06/2025;"Comércio atacadista de máquinas, aparelhos e equipamentos não especificados anteriormente; partes e peças";"COMÉRCIO; REPARAÇÃO DE VEÍCULOS AUTOMOTORES E MOTOCICLETAS";G;46;46.6;MG
EED;07.589.288/0001-20;"UCB INDUSTRIA DE COMPONENTES ELETRONICOS E INFORMATICA
SA";15/09/2005;DEMAIS;205-4;47.52-1-00;2526;06/06/2025;Comércio varejista especializado de equipamentos de telefonia e comunicação;"COMÉRCIO; REPARAÇÃO DE VEÍCULOS AUTOMOTORES E MOTOCICLETAS";G;47;47.5;MG
EED;07.589.288/0001-20;"UCB INDUSTRIA DE COMPONENTES ELETRONICOS E INFORMATICA
SA";15/09/2005;DEMAIS;205-4;47.53-9-00;2526;06/06/2025;Comércio varejista especializado de eletrodomésticos e equipamentos de áudio e vídeo;"COMÉRCIO; REPARAÇÃO DE VEÍCULOS AUTOMOTORES E MOTOCICLETAS";G;47;47.5;MG
EED;07.589.288/0001-20;"UCB INDUSTRIA DE COMPONENTES ELETRONICOS E INFORMATICA
SA";15/09/2005;DEMAIS;205-4;47.57-1-00;2526;06/06/2025;Comércio varejista especializado de peças e acessórios para aparelhos eletroeletrônicos para uso doméstico, exceto informática e comunicação;"COMÉRCIO; REPARAÇÃO DE VEÍCULOS AUTOMOTORES E MOTOCICLETAS";G;47;47.5;MG
EED;07.589.288/0001-20;"UCB INDUSTRIA DE COMPONENTES ELETRONICOS E INFORMATICA
SA";15/09/2005;DEMAIS;205-4;62.03-1-00;2526;06/06/2025;Desenvolvimento e licenciamento de programas de computador não-customizáveis;INFORMAÇÃO E COMUNICAÇÃO;J;62;62.0;MG
EED;07.589.288/0001-20;"UCB INDUSTRIA DE COMPONENTES ELETRONICOS E INFORMATICA
SA";15/09/2005;DEMAIS;205-4;71.12-0-00;2526;06/06/2025;Serviços de engenharia;ATIVIDADES PROFISSIONAIS, CIENTÍFICAS E TÉCNICAS;M;71;71.1;MG
EED;07.589.288/0001-20;"UCB INDUSTRIA DE COMPONENTES ELETRONICOS E INFORMATICA
SA";15/09/2005;DEMAIS;205-4;71.20-1-00;2526;06/06/2025;Testes e análises técnicas;ATIVIDADES PROFISSIONAIS, CIENTÍFICAS E TÉCNICAS;M;71;71.2;MG
EED;07.589.288/0001-20;"UCB INDUSTRIA DE COMPONENTES ELETRONICOS E INFORMATICA
SA";15/09/2005;DEMAIS;205-4;77.39-0-99 ;2526;06/06/2025;Aluguel de máquinas e equipamentos não especificados anteriormente;ATIVIDADES ADMINISTRATIVAS E SERVIÇOS COMPLEMENTARES;N;77;77.3;MG
EED;07.589.288/0001-20;"UCB INDUSTRIA DE COMPONENTES ELETRONICOS E INFORMATICA
SA";15/09/2005;DEMAIS;205-4;82.11-3-00 ;2526;06/06/2025;Serviços combinados de escritório e apoio administrativo;ATIVIDADES ADMINISTRATIVAS E SERVIÇOS COMPLEMENTARES;N;82;82.1;MG
EED;07.589.288/0001-20;"UCB INDUSTRIA DE COMPONENTES ELETRONICOS E INFORMATICA
SA";15/09/2005;DEMAIS;205-4;82.92-0-00;2526;06/06/2025;Envasamento e empacotamento sob contrato;ATIVIDADES ADMINISTRATIVAS E SERVIÇOS COMPLEMENTARES;N;82;82.9;MG
EED;01.558.722/0001-29;VINIARTEFATOS COMERCIO IMPORTACAO E EXPORTACAO LTDA;05/11/1996;DEMAIS;206-2;22.29-3-99;2526;06/06/2025;Fabricação de artefatos de material plástico não especificados anteriormente;INDÚSTRIAS DE TRANSFORMAÇÃO;C;22;22.2;SP
EED;01.558.722/0001-29;VINIARTEFATOS COMERCIO IMPORTACAO E EXPORTACAO LTDA;05/11/1996;DEMAIS;206-2;13.23-5-00;2526;06/06/2025;Tecelagem de fios de fibras artificiais e sintéticas;INDÚSTRIAS DE TRANSFORMAÇÃO;C;13;13.2;SP
EED;01.558.722/0001-29;VINIARTEFATOS COMERCIO IMPORTACAO E EXPORTACAO LTDA;05/11/1996;DEMAIS;206-2;25.11-0-00 ;2526;06/06/2025;Fabricação de estruturas metálicas;INDÚSTRIAS DE TRANSFORMAÇÃO;C;25;25.1;SP
EED;01.558.722/0001-29;VINIARTEFATOS COMERCIO IMPORTACAO E EXPORTACAO LTDA;05/11/1996;DEMAIS;206-2;33.19-8-00;2526;06/06/2025;Manutenção e reparação de equipamentos e produtos não especificados anteriormente;INDÚSTRIAS DE TRANSFORMAÇÃO;C;33;33.1;SP
EED;01.558.722/0001-29;VINIARTEFATOS COMERCIO IMPORTACAO E EXPORTACAO LTDA;05/11/1996;DEMAIS;206-2;33.29-5-99;2526;06/06/2025;Instalação de equipamentos não especificados anteriormente;INDÚSTRIAS DE TRANSFORMAÇÃO;C;33;33.2;SP
EED;01.558.722/0001-29;VINIARTEFATOS COMERCIO IMPORTACAO E EXPORTACAO LTDA;05/11/1996;DEMAIS;206-2;42.92-8-01;2526;06/06/2025;Montagem de instalações industriais e de estruturas metálicas;CONSTRUÇÃO;F;42;42.9;SP
EED;01.558.722/0001-29;VINIARTEFATOS COMERCIO IMPORTACAO E EXPORTACAO LTDA;05/11/1996;DEMAIS;206-2;42.99-5-99;2526;06/06/2025;Obras de engenharia civil não especificadas anteriormente;CONSTRUÇÃO;F;42;42.9;SP
EED;01.558.722/0001-29;VINIARTEFATOS COMERCIO IMPORTACAO E EXPORTACAO LTDA;05/11/1996;DEMAIS;206-2;43.30-4-01;2526;06/06/2025;Obras de acabamento;CONSTRUÇÃO;F;43;43.3;SP
EED;01.558.722/0001-29;VINIARTEFATOS COMERCIO IMPORTACAO E EXPORTACAO LTDA;05/11/1996;DEMAIS;206-2;43.99-1-03;2526;06/06/2025;Serviços especializados para construção não especificados anteriormente;CONSTRUÇÃO;F;43;43.9;SP
EED;01.558.722/0001-29;VINIARTEFATOS COMERCIO IMPORTACAO E EXPORTACAO LTDA;05/11/1996;DEMAIS;206-2;46.89-3-99;2526;06/06/2025;Comércio atacadista especializado de outros produtos intermediários não especificados anteriormente;"COMÉRCIO; REPARAÇÃO DE VEÍCULOS AUTOMOTORES E MOTOCICLETAS";G;46;46.8;SP
EED;01.558.722/0001-29;VINIARTEFATOS COMERCIO IMPORTACAO E EXPORTACAO LTDA;05/11/1996;DEMAIS;206-2;64.63-8-00;2526;06/06/2025;Outras sociedades de participação, exceto holdings;ATIVIDADES FINANCEIRAS, DE SEGUROS E SERVIÇOS RELACIONADOS;K;64;64.6;SP
ED;29.625.144/0001-15;AIGHIS REPRESENTACAO, IMPORTADORA E EXPORTADORA LTDA;06/02/2018;DEMAIS;206-2;46.22-2-00;4429;01/10/2025;Comércio atacadista de soja;"COMÉRCIO; REPARAÇÃO DE VEÍCULOS AUTOMOTORES E MOTOCICLETAS";G;46;46.2;SC
ED;29.625.144/0001-15;AIGHIS REPRESENTACAO, IMPORTADORA E EXPORTADORA LTDA;06/02/2018;DEMAIS;206-2;10.96-1-00;4429;01/10/2025;Fabricação de alimentos e pratos prontos;INDÚSTRIAS DE TRANSFORMAÇÃO;C;10;10.9;SC
ED;29.625.144/0001-15;AIGHIS REPRESENTACAO, IMPORTADORA E EXPORTADORA LTDA;06/02/2018;DEMAIS;206-2;10.99-6-99;4429;01/10/2025;Fabricação de produtos alimentícios não especificados anteriormente;INDÚSTRIAS DE TRANSFORMAÇÃO;C;10;10.9;SC
ED;29.625.144/0001-15;AIGHIS REPRESENTACAO, IMPORTADORA E EXPORTADORA LTDA;06/02/2018;DEMAIS;206-2;45.30-7-06;4429;01/10/2025;Comércio de peças e acessórios para veículos automotores;"COMÉRCIO; REPARAÇÃO DE VEÍCULOS AUTOMOTORES E MOTOCICLETAS";G;45;45.3;SC
ED;29.625.144/0001-15;AIGHIS REPRESENTACAO, IMPORTADORA E EXPORTADORA LTDA;06/02/2018;DEMAIS;206-2;46.11-7-00;4429;01/10/2025;Representantes comerciais e agentes do comércio de matérias-primas agrícolas e animais vivos;"COMÉRCIO; REPARAÇÃO DE VEÍCULOS AUTOMOTORES E MOTOCICLETAS";G;46;46.1;SC
ED;29.625.144/0001-15;AIGHIS REPRESENTACAO, IMPORTADORA E EXPORTADORA LTDA;06/02/2018;DEMAIS;206-2;46.12-5-00;4429;01/10/2025;Representantes comerciais e agentes do comércio de combustíveis, minerais, produtos siderúrgicos e químicos;"COMÉRCIO; REPARAÇÃO DE VEÍCULOS AUTOMOTORES E MOTOCICLETAS";G;46;46.1;SC
ED;29.625.144/0001-15;AIGHIS REPRESENTACAO, IMPORTADORA E EXPORTADORA LTDA;06/02/2018;DEMAIS;206-2;46.14-1-00;4429;01/10/2025;Representantes comerciais e agentes do comércio de máquinas, equipamentos, embarcações e aeronaves;"COMÉRCIO; REPARAÇÃO DE VEÍCULOS AUTOMOTORES E MOTOCICLETAS";G;46;46.1;SC
ED;29.625.144/0001-15;AIGHIS REPRESENTACAO, IMPORTADORA E EXPORTADORA LTDA;06/02/2018;DEMAIS;206-2;46.17-6-00;4429;01/10/2025;Representantes comerciais e agentes do comércio de produtos alimentícios, bebidas e fumo;"COMÉRCIO; REPARAÇÃO DE VEÍCULOS AUTOMOTORES E MOTOCICLETAS";G;46;46.1;SC
ED;29.625.144/0001-15;AIGHIS REPRESENTACAO, IMPORTADORA E EXPORTADORA LTDA;06/02/2018;DEMAIS;206-2;46.18-4-01;4429;01/10/2025;Representantes comerciais e agentes do comércio especializado em produtos não especificados anteriormente;"COMÉRCIO; REPARAÇÃO DE VEÍCULOS AUTOMOTORES E MOTOCICLETAS";G;46;46.1;SC
ED;29.625.144/0001-15;AIGHIS REPRESENTACAO, IMPORTADORA E EXPORTADORA LTDA;06/02/2018;DEMAIS;206-2;46.18-4-02;4429;01/10/2025;Representantes comerciais e agentes do comércio especializado em produtos não especificados anteriormente;"COMÉRCIO; REPARAÇÃO DE VEÍCULOS AUTOMOTORES E MOTOCICLETAS";G;46;46.1;SC
ED;29.625.144/0001-15;AIGHIS REPRESENTACAO, IMPORTADORA E EXPORTADORA LTDA;06/02/2018;DEMAIS;206-2;46.19-2-00;4429;01/10/2025;Representantes comerciais e agentes do comércio de mercadorias em geral não especializado;"COMÉRCIO; REPARAÇÃO DE VEÍCULOS AUTOMOTORES E MOTOCICLETAS";G;46;46.1;SC
ED;29.625.144/0001-15;AIGHIS REPRESENTACAO, IMPORTADORA E EXPORTADORA LTDA;06/02/2018;DEMAIS;206-2;46.23-1-99;4429;01/10/2025;Comércio atacadista de animais vivos, alimentos para animais e matérias-primas agrícolas, exceto café e soja;"COMÉRCIO; REPARAÇÃO DE VEÍCULOS AUTOMOTORES E MOTOCICLETAS";G;46;46.2;SC
ED;29.625.144/0001-15;AIGHIS REPRESENTACAO, IMPORTADORA E EXPORTADORA LTDA;06/02/2018;DEMAIS;206-2;46.32-0-02;4429;01/10/2025;Comércio atacadista de cereais e leguminosas beneficiados, farinhas, amidos e féculas;"COMÉRCIO; REPARAÇÃO DE VEÍCULOS AUTOMOTORES E MOTOCICLETAS";G;46;46.3;SC
ED;29.625.144/0001-15;AIGHIS REPRESENTACAO, IMPORTADORA E EXPORTADORA LTDA;06/02/2018;DEMAIS;206-2;46.34-6-01;4429;01/10/2025;Comércio atacadista de carnes, produtos da carne e pescado;"COMÉRCIO; REPARAÇÃO DE VEÍCULOS AUTOMOTORES E MOTOCICLETAS";G;46;46.3;SC
ED;29.625.144/0001-15;AIGHIS REPRESENTACAO, IMPORTADORA E EXPORTADORA LTDA;06/02/2018;DEMAIS;206-2;46.34-6-02;4429;01/10/2025;Comércio atacadista de carnes, produtos da carne e pescado;"COMÉRCIO; REPARAÇÃO DE VEÍCULOS AUTOMOTORES E MOTOCICLETAS";G;46;46.3;SC
ED;29.625.144/0001-15;AIGHIS REPRESENTACAO, IMPORTADORA E EXPORTADORA LTDA;06/02/2018;DEMAIS;206-2;46.37-1-02;4429;01/10/2025;Comércio atacadista especializado em produtos alimentícios não especificados anteriormente;"COMÉRCIO; REPARAÇÃO DE VEÍCULOS AUTOMOTORES E MOTOCICLETAS";G;46;46.3;SC
ED;29.625.144/0001-15;AIGHIS REPRESENTACAO, IMPORTADORA E EXPORTADORA LTDA;06/02/2018;DEMAIS;206-2;46.37-1-03;4429;01/10/2025;Comércio atacadista especializado em produtos alimentícios não especificados anteriormente;"COMÉRCIO; REPARAÇÃO DE VEÍCULOS AUTOMOTORES E MOTOCICLETAS";G;46;46.3;SC
ED;29.625.144/0001-15;AIGHIS REPRESENTACAO, IMPORTADORA E EXPORTADORA LTDA;06/02/2018;DEMAIS;206-2;46.37-1-99;4429;01/10/2025;Comércio atacadista especializado em produtos alimentícios não especificados anteriormente;"COMÉRCIO; REPARAÇÃO DE VEÍCULOS AUTOMOTORES E MOTOCICLETAS";G;46;46.3;SC
ED;29.625.144/0001-15;AIGHIS REPRESENTACAO, IMPORTADORA E EXPORTADORA LTDA;06/02/2018;DEMAIS;206-2;46.81-8-01;4429;01/10/2025;Comércio atacadista de combustíveis sólidos, líquidos e gasosos, exceto gás natural e GLP;"COMÉRCIO; REPARAÇÃO DE VEÍCULOS AUTOMOTORES E MOTOCICLETAS";G;46;46.8;SC
ED;29.625.144/0001-15;AIGHIS REPRESENTACAO, IMPORTADORA E EXPORTADORA LTDA;06/02/2018;DEMAIS;206-2;46.81-8-05;4429;01/10/2025;Comércio atacadista de combustíveis sólidos, líquidos e gasosos, exceto gás natural e GLP;"COMÉRCIO; REPARAÇÃO DE VEÍCULOS AUTOMOTORES E MOTOCICLETAS";G;46;46.8;SC
ED;29.625.144/0001-15;AIGHIS REPRESENTACAO, IMPORTADORA E EXPORTADORA LTDA;06/02/2018;DEMAIS;206-2;46.82-6-00;4429;01/10/2025;Comércio atacadista de gás liqüefeito de petróleo (GLP);"COMÉRCIO; REPARAÇÃO DE VEÍCULOS AUTOMOTORES E MOTOCICLETAS";G;46;46.8;SC
ED;29.625.144/0001-15;AIGHIS REPRESENTACAO, IMPORTADORA E EXPORTADORA LTDA;06/02/2018;DEMAIS;206-2;46.83-4-00;4429;01/10/2025;Comércio atacadista de defensivos agrícolas, adubos, fertilizantes e corretivos do solo;"COMÉRCIO; REPARAÇÃO DE VEÍCULOS AUTOMOTORES E MOTOCICLETAS";G;46;46.8;SC
ED;29.625.144/0001-15;AIGHIS REPRESENTACAO, IMPORTADORA E EXPORTADORA LTDA;06/02/2018;DEMAIS;206-2;46.84-2-01;4429;01/10/2025;Comércio atacadista de produtos químicos e petroquímicos, exceto agroquímicos;"COMÉRCIO; REPARAÇÃO DE VEÍCULOS AUTOMOTORES E MOTOCICLETAS";G;46;46.8;SC
ED;29.625.144/0001-15;AIGHIS REPRESENTACAO, IMPORTADORA E EXPORTADORA LTDA;06/02/2018;DEMAIS;206-2;46.84-2-99;4429;01/10/2025;Comércio atacadista de produtos químicos e petroquímicos, exceto agroquímicos;"COMÉRCIO; REPARAÇÃO DE VEÍCULOS AUTOMOTORES E MOTOCICLETAS";G;46;46.8;SC
ED;29.625.144/0001-15;AIGHIS REPRESENTACAO, IMPORTADORA E EXPORTADORA LTDA;06/02/2018;DEMAIS;206-2;46.89-3-01;4429;01/10/2025;Comércio atacadista especializado de outros produtos intermediários não especificados anteriormente;"COMÉRCIO; REPARAÇÃO DE VEÍCULOS AUTOMOTORES E MOTOCICLETAS";G;46;46.8;SC
ED;29.625.144/0001-15;AIGHIS REPRESENTACAO, IMPORTADORA E EXPORTADORA LTDA;06/02/2018;DEMAIS;206-2;46.91-5-00;4429;01/10/2025;Comércio atacadista de mercadorias em geral, com predominância de produtos alimentícios;"COMÉRCIO; REPARAÇÃO DE VEÍCULOS AUTOMOTORES E MOTOCICLETAS";G;46;46.9;SC
ED;29.625.144/0001-15;AIGHIS REPRESENTACAO, IMPORTADORA E EXPORTADORA LTDA;06/02/2018;DEMAIS;206-2;46.92-3-00;4429;01/10/2025;Comércio atacadista de mercadorias em geral, com predominância de insumos agropecuários;"COMÉRCIO; REPARAÇÃO DE VEÍCULOS AUTOMOTORES E MOTOCICLETAS";G;46;46.9;SC
ED;29.625.144/0001-15;AIGHIS REPRESENTACAO, IMPORTADORA E EXPORTADORA LTDA;06/02/2018;DEMAIS;206-2;46.93-1-00;4429;01/10/2025;Comércio atacadista de mercadorias em geral, sem predominância de alimentos ou de insumos agropecuários;"COMÉRCIO; REPARAÇÃO DE VEÍCULOS AUTOMOTORES E MOTOCICLETAS";G;46;46.9;SC
ED;29.625.144/0001-15;AIGHIS REPRESENTACAO, IMPORTADORA E EXPORTADORA LTDA;06/02/2018;DEMAIS;206-2;52.12-5-00;4429;01/10/2025;Carga e descarga;TRANSPORTE, ARMAZENAGEM E CORREIO;H;52;52.1;SC
ED;29.625.144/0001-15;AIGHIS REPRESENTACAO, IMPORTADORA E EXPORTADORA LTDA;06/02/2018;DEMAIS;206-2;52.32-0-00;4429;01/10/2025;Atividades de agenciamento marítimo;TRANSPORTE, ARMAZENAGEM E CORREIO;H;52;52.3;SC
ED;29.625.144/0001-15;AIGHIS REPRESENTACAO, IMPORTADORA E EXPORTADORA LTDA;06/02/2018;DEMAIS;206-2;55.10-8-01;4429;01/10/2025;Hotéis e similares;ALOJAMENTO E ALIMENTAÇÃO;I;55;55.1;SC
ED;29.625.144/0001-15;AIGHIS REPRESENTACAO, IMPORTADORA E EXPORTADORA LTDA;06/02/2018;DEMAIS;206-2;59.11-1-02;4429;01/10/2025;Atividades de produção cinematográfica, de vídeos e de programas de televisão;INFORMAÇÃO E COMUNICAÇÃO;J;59;59.1;SC
ED;29.625.144/0001-15;AIGHIS REPRESENTACAO, IMPORTADORA E EXPORTADORA LTDA;06/02/2018;DEMAIS;206-2;64.63-8-00;4429;01/10/2025;Outras sociedades de participação, exceto holdings;ATIVIDADES FINANCEIRAS, DE SEGUROS E SERVIÇOS RELACIONADOS;K;64;64.6;SC
ED;29.625.144/0001-15;AIGHIS REPRESENTACAO, IMPORTADORA E EXPORTADORA LTDA;06/02/2018;DEMAIS;206-2;74.90-1-04;4429;01/10/2025;Atividades profissionais, científicas e técnicas não especificadas anteriormente;ATIVIDADES PROFISSIONAIS, CIENTÍFICAS E TÉCNICAS;M;74;74.9;SC
ED;29.625.144/0001-15;AIGHIS REPRESENTACAO, IMPORTADORA E EXPORTADORA LTDA;06/02/2018;DEMAIS;206-2;82.11-3-00;4429;01/10/2025;Serviços combinados de escritório e apoio administrativo;ATIVIDADES ADMINISTRATIVAS E SERVIÇOS COMPLEMENTARES;N;82;82.1;SC
ED;29.625.144/0001-15;AIGHIS REPRESENTACAO, IMPORTADORA E EXPORTADORA LTDA;06/02/2018;DEMAIS;206-2;82.92-0-00;4429;01/10/2025;Envasamento e empacotamento sob contrato;ATIVIDADES ADMINISTRATIVAS E SERVIÇOS COMPLEMENTARES;N;82;82.9;SC
ED;03.502.099/0001-18;CHUBB SEGUROS BRASIL S.A.;12/11/1999;DEMAIS;205-4;65.12-0-00;4429;01/10/2025;Seguros não-vida;ATIVIDADES FINANCEIRAS, DE SEGUROS E SERVIÇOS RELACIONADOS;K;65;65.1;SP
ED;03.502.099/0001-18;CHUBB SEGUROS BRASIL S.A.;12/11/1999;DEMAIS;205-4;65.11-1-01;4429;01/10/2025;Seguros de vida;ATIVIDADES FINANCEIRAS, DE SEGUROS E SERVIÇOS RELACIONADOS;K;65;65.1;SP
ED;03.089.543/0001-15;DIGEX AIRCRAFT MAINTENANCE LTDA - EM RECUPERACAO JUDICIAL;12/04/1999;DEMAIS;206-2;33.16-3-02;4429;01/10/2025;Manutenção e reparação de aeronaves;INDÚSTRIAS DE TRANSFORMAÇÃO;C;33;33.1;SP
ED;03.089.543/0001-15;DIGEX AIRCRAFT MAINTENANCE LTDA - EM RECUPERACAO JUDICIAL;12/04/1999;DEMAIS;206-2;46.69-9-99;4429;01/10/2025;"Comércio atacadista de máquinas, aparelhos e equipamentos não especificados anteriormente; partes e peças";"COMÉRCIO; REPARAÇÃO DE VEÍCULOS AUTOMOTORES E MOTOCICLETAS";G;46;46.6;SP
ED;03.089.543/0001-15;DIGEX AIRCRAFT MAINTENANCE LTDA - EM RECUPERACAO JUDICIAL;12/04/1999;DEMAIS;206-2;52.40-1-99;4429;01/10/2025;Atividades auxiliares dos transportes aéreos;TRANSPORTE, ARMAZENAGEM E CORREIO;H;52;52.4;SP
EED;27.410.880/0001-20;INDUSTRIA BRASILEIRA DE MUNICOES S.A.;28/03/2017;DEMAIS;205-4;25.50-1-02;2889;27/05/2026;Fabricação de equipamento bélico pesado, armas de fogo e munições;INDÚSTRIAS DE TRANSFORMAÇÃO;C;25;25.5;PR
ED;03.216.069/0001-45;LEONARDO DO BRASIL LTDA.;24/05/1999;DEMAIS;206-2;33.16-3-01;4429;01/10/2025;Manutenção e reparação de aeronaves;INDÚSTRIAS DE TRANSFORMAÇÃO;C;33;33.1;SP
ED;03.216.069/0001-45;LEONARDO DO BRASIL LTDA.;24/05/1999;DEMAIS;206-2;33.12-1-02;4429;01/10/2025;Manutenção e reparação de equipamentos eletrônicos e ópticos;INDÚSTRIAS DE TRANSFORMAÇÃO;C;33;33.1;SP
ED;03.216.069/0001-45;LEONARDO DO BRASIL LTDA.;24/05/1999;DEMAIS;206-2;33.16-3-02;4429;01/10/2025;Manutenção e reparação de aeronaves;INDÚSTRIAS DE TRANSFORMAÇÃO;C;33;33.1;SP
ED;03.216.069/0001-45;LEONARDO DO BRASIL LTDA.;24/05/1999;DEMAIS;206-2;46.14-1-00;4429;01/10/2025;Representantes comerciais e agentes do comércio de máquinas, equipamentos, embarcações e aeronaves;"COMÉRCIO; REPARAÇÃO DE VEÍCULOS AUTOMOTORES E MOTOCICLETAS";G;46;46.1;SP
ED;03.216.069/0001-45;LEONARDO DO BRASIL LTDA.;24/05/1999;DEMAIS;206-2;46.69-9-99;4429;01/10/2025;"Comércio atacadista de máquinas, aparelhos e equipamentos não especificados anteriormente; partes e peças";"COMÉRCIO; REPARAÇÃO DE VEÍCULOS AUTOMOTORES E MOTOCICLETAS";G;46;46.6;SP
ED;03.216.069/0001-45;LEONARDO DO BRASIL LTDA.;24/05/1999;DEMAIS;206-2;85.99-6-04;4429;01/10/2025;Atividades de ensino não especificadas anteriormente;EDUCAÇÃO;P;85;85.9;SP
ED;03.216.069/0001-45;LEONARDO DO BRASIL LTDA.;24/05/1999;DEMAIS;206-2;85.99-6-99;4429;01/10/2025;Atividades de ensino não especificadas anteriormente;EDUCAÇÃO;P;85;85.9;SP
EED;38.219.997/0001-48;AGUILA ENERGIA E PARTICIPACOES LTDA;25/08/2020;DEMAIS;206-2;70.20-4-00;4430;01/10/2025;Atividades de consultoria em gestão empresarial;ATIVIDADES PROFISSIONAIS, CIENTÍFICAS E TÉCNICAS;M;70;70.2;RJ
EED;0.745.309/0001-00;ALLTEC INDUSTRIA DE COMPONENTES EM MATERIAIS COMPOSTOS IMPORTACAO E EXPORTACAO LTDA;02/08/1995;DEMAIS;206-2;22.29-3-99;4430;01/10/2025;Fabricação de artefatos de material plástico não especificados anteriormente;INDÚSTRIAS DE TRANSFORMAÇÃO;C;22;22.2;SP
EED;0.745.309/0001-00;ALLTEC INDUSTRIA DE COMPONENTES EM MATERIAIS COMPOSTOS IMPORTACAO E EXPORTACAO LTDA;02/08/1995;DEMAIS;206-2;52.11-7-01;4430;01/10/2025;Armazenamento;TRANSPORTE, ARMAZENAGEM E CORREIO;H;52;52.1;SP
EED;0.745.309/0001-00;ALLTEC INDUSTRIA DE COMPONENTES EM MATERIAIS COMPOSTOS IMPORTACAO E EXPORTACAO LTDA;02/08/1995;DEMAIS;206-2;52.11-7-99;4430;01/10/2025;Armazenamento;TRANSPORTE, ARMAZENAGEM E CORREIO;H;52;52.1;SP
EED;0.745.309/0001-00;ALLTEC INDUSTRIA DE COMPONENTES EM MATERIAIS COMPOSTOS IMPORTACAO E EXPORTACAO LTDA;02/08/1995;DEMAIS;206-2;71.12-0-00;4430;01/10/2025;Serviços de engenharia;ATIVIDADES PROFISSIONAIS, CIENTÍFICAS E TÉCNICAS;M;71;71.1;SP
EED;0.745.309/0001-00;ALLTEC INDUSTRIA DE COMPONENTES EM MATERIAIS COMPOSTOS IMPORTACAO E EXPORTACAO LTDA;02/08/1995;DEMAIS;206-2;71.20-1-00;4430;01/10/2025;Testes e análises técnicas;ATIVIDADES PROFISSIONAIS, CIENTÍFICAS E TÉCNICAS;M;71;71.2;SP
EED;42.318.949/0013-18;BB TECNOLOGIA E SERVICOS S.A;01/11/1977;DEMAIS;205-4;62.01-5-01;4430;01/10/2025;Desenvolvimento de programas de computador sob encomenda;INFORMAÇÃO E COMUNICAÇÃO;J;62;62.0;DF
EED;42.318.949/0013-18;BB TECNOLOGIA E SERVICOS S.A;01/11/1977;DEMAIS;205-4;33.13-9-99;4430;01/10/2025;Manutenção e reparação de máquinas e equipamentos elétricos;INDÚSTRIAS DE TRANSFORMAÇÃO;C;33;33.1;DF
EED;42.318.949/0013-18;BB TECNOLOGIA E SERVICOS S.A;01/11/1977;DEMAIS;205-4;33.14-7-10;4430;01/10/2025;Manutenção e reparação de máquinas e equipamentos da indústria mecânica;INDÚSTRIAS DE TRANSFORMAÇÃO;C;33;33.1;DF
EED;42.318.949/0013-18;BB TECNOLOGIA E SERVICOS S.A;01/11/1977;DEMAIS;205-4;33.19-8-00;4430;01/10/2025;Manutenção e reparação de equipamentos e produtos não especificados anteriormente;INDÚSTRIAS DE TRANSFORMAÇÃO;C;33;33.1;DF
EED;42.318.949/0013-18;BB TECNOLOGIA E SERVICOS S.A;01/11/1977;DEMAIS;205-4;33.29-5-99;4430;01/10/2025;Instalação de equipamentos não especificados anteriormente;INDÚSTRIAS DE TRANSFORMAÇÃO;C;33;33.2;DF
EED;42.318.949/0013-18;BB TECNOLOGIA E SERVICOS S.A;01/11/1977;DEMAIS;205-4;47.51-2-01;4430;01/10/2025;Comércio varejista especializado de equipamentos e suprimentos de informática;"COMÉRCIO; REPARAÇÃO DE VEÍCULOS AUTOMOTORES E MOTOCICLETAS";G;47;47.5;DF
EED;42.318.949/0013-18;BB TECNOLOGIA E SERVICOS S.A;01/11/1977;DEMAIS;205-4;62.02-3-00;4430;01/10/2025;Desenvolvimento e licenciamento de programas de computador customizáveis;INFORMAÇÃO E COMUNICAÇÃO;J;62;62.0;DF
EED;42.318.949/0013-18;BB TECNOLOGIA E SERVICOS S.A;01/11/1977;DEMAIS;205-4;62.03-1-00;4430;01/10/2025;Desenvolvimento e licenciamento de programas de computador não-customizáveis;INFORMAÇÃO E COMUNICAÇÃO;J;62;62.0;DF
EED;42.318.949/0013-18;BB TECNOLOGIA E SERVICOS S.A;01/11/1977;DEMAIS;205-4;62.04-0-00;4430;01/10/2025;Consultoria em tecnologia da informação;INFORMAÇÃO E COMUNICAÇÃO;J;62;62.0;DF
EED;42.318.949/0013-18;BB TECNOLOGIA E SERVICOS S.A;01/11/1977;DEMAIS;205-4;62.09-1-00;4430;01/10/2025;Suporte técnico, manutenção e outros serviços em tecnologia da informação;INFORMAÇÃO E COMUNICAÇÃO;J;62;62.0;DF
EED;42.318.949/0013-18;BB TECNOLOGIA E SERVICOS S.A;01/11/1977;DEMAIS;205-4;63.99-2-00;4430;01/10/2025;Outras atividades de prestação de serviços de informação não especificadas anteriormente;INFORMAÇÃO E COMUNICAÇÃO;J;63;63.9;DF
EED;42.318.949/0013-18;BB TECNOLOGIA E SERVICOS S.A;01/11/1977;DEMAIS;205-4;74.20-0-05;4430;01/10/2025;Atividades fotográficas e similares;ATIVIDADES PROFISSIONAIS, CIENTÍFICAS E TÉCNICAS;M;74;74.2;DF
EED;42.318.949/0013-18;BB TECNOLOGIA E SERVICOS S.A;01/11/1977;DEMAIS;205-4;74.90-1-99;4430;01/10/2025;Atividades profissionais, científicas e técnicas não especificadas anteriormente;ATIVIDADES PROFISSIONAIS, CIENTÍFICAS E TÉCNICAS;M;74;74.9;DF
EED;42.318.949/0013-18;BB TECNOLOGIA E SERVICOS S.A;01/11/1977;DEMAIS;205-4;82.11-3-00;4430;01/10/2025;Serviços combinados de escritório e apoio administrativo;ATIVIDADES ADMINISTRATIVAS E SERVIÇOS COMPLEMENTARES;N;82;82.1;DF
EED;42.318.949/0013-18;BB TECNOLOGIA E SERVICOS S.A;01/11/1977;DEMAIS;205-4;82.20-2-00;4430;01/10/2025;Atividades de teleatendimento;ATIVIDADES ADMINISTRATIVAS E SERVIÇOS COMPLEMENTARES;N;82;82.2;DF
EED;42.318.949/0013-18;BB TECNOLOGIA E SERVICOS S.A;01/11/1977;DEMAIS;205-4;82.91-1-00;4430;01/10/2025;Atividades de cobrança e informações cadastrais;ATIVIDADES ADMINISTRATIVAS E SERVIÇOS COMPLEMENTARES;N;82;82.9;DF
EED;42.318.949/0013-18;BB TECNOLOGIA E SERVICOS S.A;01/11/1977;DEMAIS;205-4;82.99-7-99;4430;01/10/2025;Atividades de serviços prestados principalmente às empresas não especificadas anteriormente;ATIVIDADES ADMINISTRATIVAS E SERVIÇOS COMPLEMENTARES;N;82;82.9;DF
EED;42.318.949/0013-18;BB TECNOLOGIA E SERVICOS S.A;01/11/1977;DEMAIS;205-4;95.11-8-00;4430;01/10/2025;Reparação e manutenção de computadores e de equipamentos periféricos;OUTRAS ATIVIDADES DE SERVIÇOS;S;95;95.1;DF
EED;42.318.949/0013-18;BB TECNOLOGIA E SERVICOS S.A;01/11/1977;DEMAIS;205-4;95.12-6-00;4430;01/10/2025;Reparação e manutenção de equipamentos de comunicação;OUTRAS ATIVIDADES DE SERVIÇOS;S;95;95.1;DF
EED;48.088.412/0001-51;BR CERES LTDA;26/09/2022;ME;206-2;45.30-7-03;4430;01/10/2025;Comércio de peças e acessórios para veículos automotores;"COMÉRCIO; REPARAÇÃO DE VEÍCULOS AUTOMOTORES E MOTOCICLETAS";G;45;45.3;SP
EED;48.088.412/0001-51;BR CERES LTDA;26/09/2022;ME;206-2;20.93-2-00;4430;01/10/2025;Fabricação de aditivos de uso industrial;INDÚSTRIAS DE TRANSFORMAÇÃO;C;20;20.9;SP
EED;48.088.412/0001-51;BR CERES LTDA;26/09/2022;ME;206-2;45.20-0-03;4430;01/10/2025;Manutenção e reparação de veículos automotores;"COMÉRCIO; REPARAÇÃO DE VEÍCULOS AUTOMOTORES E MOTOCICLETAS";G;45;45.2;SP
EED;48.088.412/0001-51;BR CERES LTDA;26/09/2022;ME;206-2;46.49-4-99;4430;01/10/2025;Comércio atacadista de equipamentos e artigos de uso pessoal e doméstico não especificados anteriormente;"COMÉRCIO; REPARAÇÃO DE VEÍCULOS AUTOMOTORES E MOTOCICLETAS";G;46;46.4;SP
EED;48.088.412/0001-51;BR CERES LTDA;26/09/2022;ME;206-2;46.72-9-00;4430;01/10/2025;Comércio atacadista de ferragens e ferramentas;"COMÉRCIO; REPARAÇÃO DE VEÍCULOS AUTOMOTORES E MOTOCICLETAS";G;46;46.7;SP
EED;48.088.412/0001-51;BR CERES LTDA;26/09/2022;ME;206-2;46.79-6-99;4430;01/10/2025;Comércio atacadista especializado de materiais de construção não especificados anteriormente e de materiais de construção em geral;"COMÉRCIO; REPARAÇÃO DE VEÍCULOS AUTOMOTORES E MOTOCICLETAS";G;46;46.7;SP
EED;48.088.412/0001-51;BR CERES LTDA;26/09/2022;ME;206-2;46.83-4-00;4430;01/10/2025;Comércio atacadista de defensivos agrícolas, adubos, fertilizantes e corretivos do solo;"COMÉRCIO; REPARAÇÃO DE VEÍCULOS AUTOMOTORES E MOTOCICLETAS";G;46;46.8;SP
EED;48.088.412/0001-51;BR CERES LTDA;26/09/2022;ME;206-2;47.44-0-01;4430;01/10/2025;Comércio varejista de ferragens, madeira e materiais de construção;"COMÉRCIO; REPARAÇÃO DE VEÍCULOS AUTOMOTORES E MOTOCICLETAS";G;47;47.4;SP
EED;48.088.412/0001-51;BR CERES LTDA;26/09/2022;ME;206-2;47.44-0-99;4430;01/10/2025;Comércio varejista de ferragens, madeira e materiais de construção;"COMÉRCIO; REPARAÇÃO DE VEÍCULOS AUTOMOTORES E MOTOCICLETAS";G;47;47.4;SP
EED;48.088.412/0001-51;BR CERES LTDA;26/09/2022;ME;206-2;47.63-6-04;4430;01/10/2025;Comércio varejista de artigos recreativos e esportivos;"COMÉRCIO; REPARAÇÃO DE VEÍCULOS AUTOMOTORES E MOTOCICLETAS";G;47;47.6;SP
EED;48.088.412/0001-51;BR CERES LTDA;26/09/2022;ME;206-2;47.89-0-02;4430;01/10/2025;Comércio varejista de outros produtos novos não especificados anteriormente;"COMÉRCIO; REPARAÇÃO DE VEÍCULOS AUTOMOTORES E MOTOCICLETAS";G;47;47.8;SP
EED;48.088.412/0001-51;BR CERES LTDA;26/09/2022;ME;206-2;74.90-1-03;4430;01/10/2025;Atividades profissionais, científicas e técnicas não especificadas anteriormente;ATIVIDADES PROFISSIONAIS, CIENTÍFICAS E TÉCNICAS;M;74;74.9;SP
EED;13.586.722/0001-11;CONSISTE CONSULTORIA E SISTEMAS LTDA;28/06/1985;DEMAIS;206-2;62.09-1-00;4430;01/10/2025;Suporte técnico, manutenção e outros serviços em tecnologia da informação;INFORMAÇÃO E COMUNICAÇÃO;J;62;62.0;BA
EED;13.586.722/0001-11;CONSISTE CONSULTORIA E SISTEMAS LTDA;28/06/1985;DEMAIS;206-2;46.14-1-00;4430;01/10/2025;Representantes comerciais e agentes do comércio de máquinas, equipamentos, embarcações e aeronaves;"COMÉRCIO; REPARAÇÃO DE VEÍCULOS AUTOMOTORES E MOTOCICLETAS";G;46;46.1;BA
EED;13.586.722/0001-11;CONSISTE CONSULTORIA E SISTEMAS LTDA;28/06/1985;DEMAIS;206-2;58.11-5-00;4430;01/10/2025;Edição de livros;INFORMAÇÃO E COMUNICAÇÃO;J;58;58.1;BA
EED;13.586.722/0001-11;CONSISTE CONSULTORIA E SISTEMAS LTDA;28/06/1985;DEMAIS;206-2;62.01-5-01;4430;01/10/2025;Desenvolvimento de programas de computador sob encomenda;INFORMAÇÃO E COMUNICAÇÃO;J;62;62.0;BA
EED;13.586.722/0001-11;CONSISTE CONSULTORIA E SISTEMAS LTDA;28/06/1985;DEMAIS;206-2;62.01-5-02;4430;01/10/2025;Desenvolvimento de programas de computador sob encomenda;INFORMAÇÃO E COMUNICAÇÃO;J;62;62.0;BA
EED;13.586.722/0001-11;CONSISTE CONSULTORIA E SISTEMAS LTDA;28/06/1985;DEMAIS;206-2;62.02-3-00;4430;01/10/2025;Desenvolvimento e licenciamento de programas de computador customizáveis;INFORMAÇÃO E COMUNICAÇÃO;J;62;62.0;BA
EED;13.586.722/0001-11;CONSISTE CONSULTORIA E SISTEMAS LTDA;28/06/1985;DEMAIS;206-2;62.04-0-00;4430;01/10/2025;Consultoria em tecnologia da informação;INFORMAÇÃO E COMUNICAÇÃO;J;62;62.0;BA
EED;13.586.722/0001-11;CONSISTE CONSULTORIA E SISTEMAS LTDA;28/06/1985;DEMAIS;206-2;63.11-9-00;4430;01/10/2025;Tratamento de dados, provedores de serviços de aplicação e serviços de hospedagem na internet;INFORMAÇÃO E COMUNICAÇÃO;J;63;63.1;BA
EED;13.586.722/0001-11;CONSISTE CONSULTORIA E SISTEMAS LTDA;28/06/1985;DEMAIS;206-2;70.20-4-00;4430;01/10/2025;Atividades de consultoria em gestão empresarial;ATIVIDADES PROFISSIONAIS, CIENTÍFICAS E TÉCNICAS;M;70;70.2;BA
EED;13.586.722/0001-11;CONSISTE CONSULTORIA E SISTEMAS LTDA;28/06/1985;DEMAIS;206-2;73.11-4-00;4430;01/10/2025;Agências de publicidade;ATIVIDADES PROFISSIONAIS, CIENTÍFICAS E TÉCNICAS;M;73;73.1;BA
EED;13.586.722/0001-11;CONSISTE CONSULTORIA E SISTEMAS LTDA;28/06/1985;DEMAIS;206-2;85.99-6-03;4430;01/10/2025;Atividades de ensino não especificadas anteriormente;EDUCAÇÃO;P;85;85.9;BA
EED;13.586.722/0001-11;CONSISTE CONSULTORIA E SISTEMAS LTDA;28/06/1985;DEMAIS;206-2;85.99-6-04;4430;01/10/2025;Atividades de ensino não especificadas anteriormente;EDUCAÇÃO;P;85;85.9;BA
EED;22.075.313/0001-41;FAMA INDUSTRIA E SERVICOS DE SUPORTE TECNICO LTDA;18/03/2015;EPP;206-2;62.09-1-00;4430;01/10/2025;Suporte técnico, manutenção e outros serviços em tecnologia da informação;INFORMAÇÃO E COMUNICAÇÃO;J;62;62.0;AM
EED;22.075.313/0001-41;FAMA INDUSTRIA E SERVICOS DE SUPORTE TECNICO LTDA;18/03/2015;EPP;206-2;18.13-0-99;4430;01/10/2025;Impressão de materiais para outros usos;INDÚSTRIAS DE TRANSFORMAÇÃO;C;18;18.1;AM
EED;22.075.313/0001-41;FAMA INDUSTRIA E SERVICOS DE SUPORTE TECNICO LTDA;18/03/2015;EPP;206-2;26.10-8-00;4430;01/10/2025;Fabricação de componentes eletrônicos;INDÚSTRIAS DE TRANSFORMAÇÃO;C;26;26.1;AM
EED;22.075.313/0001-41;FAMA INDUSTRIA E SERVICOS DE SUPORTE TECNICO LTDA;18/03/2015;EPP;206-2;26.21-3-00;4430;01/10/2025;Fabricação de equipamentos de informática;INDÚSTRIAS DE TRANSFORMAÇÃO;C;26;26.2;AM
EED;22.075.313/0001-41;FAMA INDUSTRIA E SERVICOS DE SUPORTE TECNICO LTDA;18/03/2015;EPP;206-2;26.31-1-00;4430;01/10/2025;Fabricação de equipamentos transmissores de comunicação;INDÚSTRIAS DE TRANSFORMAÇÃO;C;26;26.3;AM
EED;22.075.313/0001-41;FAMA INDUSTRIA E SERVICOS DE SUPORTE TECNICO LTDA;18/03/2015;EPP;206-2;32.99-0-99;4430;01/10/2025;Fabricação de produtos diversos não especificados anteriormente;INDÚSTRIAS DE TRANSFORMAÇÃO;C;32;32.9;AM
EED;22.075.313/0001-41;FAMA INDUSTRIA E SERVICOS DE SUPORTE TECNICO LTDA;18/03/2015;EPP;206-2;46.18-4-99;4430;01/10/2025;Representantes comerciais e agentes do comércio especializado em produtos não especificados anteriormente;"COMÉRCIO; REPARAÇÃO DE VEÍCULOS AUTOMOTORES E MOTOCICLETAS";G;46;46.1;AM
EED;22.075.313/0001-41;FAMA INDUSTRIA E SERVICOS DE SUPORTE TECNICO LTDA;18/03/2015;EPP;206-2;46.52-4-00;4430;01/10/2025;Comércio atacadista de componentes eletrônicos e equipamentos de telefonia e comunicação;"COMÉRCIO; REPARAÇÃO DE VEÍCULOS AUTOMOTORES E MOTOCICLETAS";G;46;46.5;AM
EED;22.075.313/0001-41;FAMA INDUSTRIA E SERVICOS DE SUPORTE TECNICO LTDA;18/03/2015;EPP;206-2;46.63-0-00;4430;01/10/2025;"Comércio atacadista de máquinas e equipamentos para uso industrial; partes e peças";"COMÉRCIO; REPARAÇÃO DE VEÍCULOS AUTOMOTORES E MOTOCICLETAS";G;46;46.6;AM
EED;22.075.313/0001-41;FAMA INDUSTRIA E SERVICOS DE SUPORTE TECNICO LTDA;18/03/2015;EPP;206-2;46.69-9-99;4430;01/10/2025;"Comércio atacadista de máquinas, aparelhos e equipamentos não especificados anteriormente; partes e peças";"COMÉRCIO; REPARAÇÃO DE VEÍCULOS AUTOMOTORES E MOTOCICLETAS";G;46;46.6;AM
EED;22.075.313/0001-41;FAMA INDUSTRIA E SERVICOS DE SUPORTE TECNICO LTDA;18/03/2015;EPP;206-2;49.30-2-02;4430;01/10/2025;Transporte rodoviário de carga;TRANSPORTE, ARMAZENAGEM E CORREIO;H;49;49.3;AM
EED;22.075.313/0001-41;FAMA INDUSTRIA E SERVICOS DE SUPORTE TECNICO LTDA;18/03/2015;EPP;206-2;52.11-7-99;4430;01/10/2025;Armazenamento;TRANSPORTE, ARMAZENAGEM E CORREIO;H;52;52.1;AM
EED;22.075.313/0001-41;FAMA INDUSTRIA E SERVICOS DE SUPORTE TECNICO LTDA;18/03/2015;EPP;206-2;52.12-5-00;4430;01/10/2025;Carga e descarga;TRANSPORTE, ARMAZENAGEM E CORREIO;H;52;52.1;AM
EED;22.075.313/0001-41;FAMA INDUSTRIA E SERVICOS DE SUPORTE TECNICO LTDA;18/03/2015;EPP;206-2;70.20-4-00;4430;01/10/2025;Atividades de consultoria em gestão empresarial;ATIVIDADES PROFISSIONAIS, CIENTÍFICAS E TÉCNICAS;M;70;70.2;AM
EED;22.075.313/0001-41;FAMA INDUSTRIA E SERVICOS DE SUPORTE TECNICO LTDA;18/03/2015;EPP;206-2;71.12-0-00;4430;01/10/2025;Serviços de engenharia;ATIVIDADES PROFISSIONAIS, CIENTÍFICAS E TÉCNICAS;M;71;71.1;AM
EED;22.075.313/0001-41;FAMA INDUSTRIA E SERVICOS DE SUPORTE TECNICO LTDA;18/03/2015;EPP;206-2;71.20-1-00;4430;01/10/2025;Testes e análises técnicas;ATIVIDADES PROFISSIONAIS, CIENTÍFICAS E TÉCNICAS;M;71;71.2;AM
EED;22.075.313/0001-41;FAMA INDUSTRIA E SERVICOS DE SUPORTE TECNICO LTDA;18/03/2015;EPP;206-2;72.10-0-00;4430;01/10/2025;Pesquisa e desenvolvimento experimental em ciências físicas e naturais;ATIVIDADES PROFISSIONAIS, CIENTÍFICAS E TÉCNICAS;M;72;72.1;AM
EED;22.075.313/0001-41;FAMA INDUSTRIA E SERVICOS DE SUPORTE TECNICO LTDA;18/03/2015;EPP;206-2;81.11-7-00;4430;01/10/2025;Serviços combinados para apoio a edifícios, exceto condomínios prediais;ATIVIDADES ADMINISTRATIVAS E SERVIÇOS COMPLEMENTARES;N;81;81.1;AM
EED;22.075.313/0001-41;FAMA INDUSTRIA E SERVICOS DE SUPORTE TECNICO LTDA;18/03/2015;EPP;206-2;82.19-9-99;4430;01/10/2025;Fotocópias, preparação de documentos e outros serviços especializados de apoio administrativo;ATIVIDADES ADMINISTRATIVAS E SERVIÇOS COMPLEMENTARES;N;82;82.1;AM
EED;22.075.313/0001-41;FAMA INDUSTRIA E SERVICOS DE SUPORTE TECNICO LTDA;18/03/2015;EPP;206-2;82.92-0-00;4430;01/10/2025;Envasamento e empacotamento sob contrato;ATIVIDADES ADMINISTRATIVAS E SERVIÇOS COMPLEMENTARES;N;82;82.9;AM
EED;22.075.313/0001-41;FAMA INDUSTRIA E SERVICOS DE SUPORTE TECNICO LTDA;18/03/2015;EPP;206-2;82.99-7-99;4430;01/10/2025;Atividades de serviços prestados principalmente às empresas não especificadas anteriormente;ATIVIDADES ADMINISTRATIVAS E SERVIÇOS COMPLEMENTARES;N;82;82.9;AM
EED;22.075.313/0001-41;FAMA INDUSTRIA E SERVICOS DE SUPORTE TECNICO LTDA;18/03/2015;EPP;206-2;84.22-1-00;4430;01/10/2025;Defesa;ADMINISTRAÇÃO PÚBLICA, DEFESA E SEGURIDADE SOCIAL;O;84;84.2;AM
EED;22.075.313/0001-41;FAMA INDUSTRIA E SERVICOS DE SUPORTE TECNICO LTDA;18/03/2015;EPP;206-2;95.11-8-00;4430;01/10/2025;Reparação e manutenção de computadores e de equipamentos periféricos;OUTRAS ATIVIDADES DE SERVIÇOS;S;95;95.1;AM
EED;22.075.313/0001-41;FAMA INDUSTRIA E SERVICOS DE SUPORTE TECNICO LTDA;18/03/2015;EPP;206-2;95.12-6-00;4430;01/10/2025;Reparação e manutenção de equipamentos de comunicação;OUTRAS ATIVIDADES DE SERVIÇOS;S;95;95.1;AM
EED;22.075.313/0001-41;FAMA INDUSTRIA E SERVICOS DE SUPORTE TECNICO LTDA;18/03/2015;EPP;206-2;95.21-5-00;4430;01/10/2025;Reparação e manutenção de equipamentos eletroeletrônicos de uso pessoal e doméstico;OUTRAS ATIVIDADES DE SERVIÇOS;S;95;95.2;AM
EED;02.777.319/0001-53;FUNCIONAL TECHNOLOGICAL GARMENT LTDA;17/08/1998;DEMAIS;206-2;14.13-4-01;4430;01/10/2025;Confecção de roupas profissionais;INDÚSTRIAS DE TRANSFORMAÇÃO;C;14;14.1;SC
EED;02.777.319/0001-53;FUNCIONAL TECHNOLOGICAL GARMENT LTDA;17/08/1998;DEMAIS;206-2;14.12-6-01;4430;01/10/2025;Confecção de peças do vestuário, exceto roupas íntimas;INDÚSTRIAS DE TRANSFORMAÇÃO;C;14;14.1;SC
EED;02.777.319/0001-53;FUNCIONAL TECHNOLOGICAL GARMENT LTDA;17/08/1998;DEMAIS;206-2;32.92-2-01;4430;01/10/2025;Fabricação de equipamentos e acessórios para segurança e proteção pessoal e profissional;INDÚSTRIAS DE TRANSFORMAÇÃO;C;32;32.9;SC
EED;02.777.319/0001-53;FUNCIONAL TECHNOLOGICAL GARMENT LTDA;17/08/1998;DEMAIS;206-2;32.92-2-02;4430;01/10/2025;Fabricação de equipamentos e acessórios para segurança e proteção pessoal e profissional;INDÚSTRIAS DE TRANSFORMAÇÃO;C;32;32.9;SC
EED;02.777.319/0001-53;FUNCIONAL TECHNOLOGICAL GARMENT LTDA;17/08/1998;DEMAIS;206-2;46.16-8-00;4430;01/10/2025;Representantes comerciais e agentes do comércio de têxteis, vestuário, calçados e artigos de viagem;"COMÉRCIO; REPARAÇÃO DE VEÍCULOS AUTOMOTORES E MOTOCICLETAS";G;46;46.1;SC
EED;02.777.319/0001-53;FUNCIONAL TECHNOLOGICAL GARMENT LTDA;17/08/1998;DEMAIS;206-2;46.43-5-01;4430;01/10/2025;Comércio atacadista de calçados e artigos de viagem;"COMÉRCIO; REPARAÇÃO DE VEÍCULOS AUTOMOTORES E MOTOCICLETAS";G;46;46.4;SC
EED;02.777.319/0001-53;FUNCIONAL TECHNOLOGICAL GARMENT LTDA;17/08/1998;DEMAIS;206-2;46.49-4-02;4430;01/10/2025;Comércio atacadista de equipamentos e artigos de uso pessoal e doméstico não especificados anteriormente;"COMÉRCIO; REPARAÇÃO DE VEÍCULOS AUTOMOTORES E MOTOCICLETAS";G;46;46.4;SC
EED;02.777.319/0001-53;FUNCIONAL TECHNOLOGICAL GARMENT LTDA;17/08/1998;DEMAIS;206-2;46.49-4-04;4430;01/10/2025;Comércio atacadista de equipamentos e artigos de uso pessoal e doméstico não especificados anteriormente;"COMÉRCIO; REPARAÇÃO DE VEÍCULOS AUTOMOTORES E MOTOCICLETAS";G;46;46.4;SC
EED;02.777.319/0001-53;FUNCIONAL TECHNOLOGICAL GARMENT LTDA;17/08/1998;DEMAIS;206-2;46.49-4-08;4430;01/10/2025;Comércio atacadista de equipamentos e artigos de uso pessoal e doméstico não especificados anteriormente;"COMÉRCIO; REPARAÇÃO DE VEÍCULOS AUTOMOTORES E MOTOCICLETAS";G;46;46.4;SC
EED;02.777.319/0001-53;FUNCIONAL TECHNOLOGICAL GARMENT LTDA;17/08/1998;DEMAIS;206-2;46.49-4-99;4430;01/10/2025;Comércio atacadista de equipamentos e artigos de uso pessoal e doméstico não especificados anteriormente;"COMÉRCIO; REPARAÇÃO DE VEÍCULOS AUTOMOTORES E MOTOCICLETAS";G;46;46.4;SC
EED;02.777.319/0001-53;FUNCIONAL TECHNOLOGICAL GARMENT LTDA;17/08/1998;DEMAIS;206-2;46.51-6-01;4430;01/10/2025;Comércio atacadista de computadores, periféricos e suprimentos de informática;"COMÉRCIO; REPARAÇÃO DE VEÍCULOS AUTOMOTORES E MOTOCICLETAS";G;46;46.5;SC
EED;02.777.319/0001-53;FUNCIONAL TECHNOLOGICAL GARMENT LTDA;17/08/1998;DEMAIS;206-2;46.69-9-99;4430;01/10/2025;"Comércio atacadista de máquinas, aparelhos e equipamentos não especificados anteriormente; partes e peças";"COMÉRCIO; REPARAÇÃO DE VEÍCULOS AUTOMOTORES E MOTOCICLETAS";G;46;46.6;SC
EED;02.777.319/0001-53;FUNCIONAL TECHNOLOGICAL GARMENT LTDA;17/08/1998;DEMAIS;206-2;47.55-5-03;4430;01/10/2025;Comércio varejista especializado de tecidos e artigos de cama, mesa e banho;"COMÉRCIO; REPARAÇÃO DE VEÍCULOS AUTOMOTORES E MOTOCICLETAS";G;47;47.5;SC
EED;02.777.319/0001-53;FUNCIONAL TECHNOLOGICAL GARMENT LTDA;17/08/1998;DEMAIS;206-2;47.59-8-99;4430;01/10/2025;Comércio varejista de artigos de uso doméstico não especificados anteriormente;"COMÉRCIO; REPARAÇÃO DE VEÍCULOS AUTOMOTORES E MOTOCICLETAS";G;47;47.5;SC
EED;02.777.319/0001-53;FUNCIONAL TECHNOLOGICAL GARMENT LTDA;17/08/1998;DEMAIS;206-2;47.81-4-00;4430;01/10/2025;Comércio varejista de artigos do vestuário e acessórios;"COMÉRCIO; REPARAÇÃO DE VEÍCULOS AUTOMOTORES E MOTOCICLETAS";G;47;47.8;SC
EED;02.777.319/0001-53;FUNCIONAL TECHNOLOGICAL GARMENT LTDA;17/08/1998;DEMAIS;206-2;47.82-2-01;4430;01/10/2025;Comércio varejista de calçados e artigos de viagem;"COMÉRCIO; REPARAÇÃO DE VEÍCULOS AUTOMOTORES E MOTOCICLETAS";G;47;47.8;SC
EED;02.777.319/0001-53;FUNCIONAL TECHNOLOGICAL GARMENT LTDA;17/08/1998;DEMAIS;206-2;47.82-2-02;4430;01/10/2025;Comércio varejista de calçados e artigos de viagem;"COMÉRCIO; REPARAÇÃO DE VEÍCULOS AUTOMOTORES E MOTOCICLETAS";G;47;47.8;SC
EED;47.771.655/0001-27;INTELLIGENCE AND DEFENSE AGENCY LTDA;30/08/2022;ME;206-2;74.90-1-04;4430;01/10/2025;Atividades profissionais, científicas e técnicas não especificadas anteriormente;ATIVIDADES PROFISSIONAIS, CIENTÍFICAS E TÉCNICAS;M;74;74.9;GO
EED;47.771.655/0001-27;INTELLIGENCE AND DEFENSE AGENCY LTDA;30/08/2022;ME;206-2;26.10-8-00;4430;01/10/2025;Fabricação de componentes eletrônicos;INDÚSTRIAS DE TRANSFORMAÇÃO;C;26;26.1;GO
EED;47.771.655/0001-27;INTELLIGENCE AND DEFENSE AGENCY LTDA;30/08/2022;ME;206-2;28.29-1-99;4430;01/10/2025;Fabricação de máquinas e equipamentos de uso geral não especificados anteriormente;INDÚSTRIAS DE TRANSFORMAÇÃO;C;28;28.2;GO
EED;47.771.655/0001-27;INTELLIGENCE AND DEFENSE AGENCY LTDA;30/08/2022;ME;206-2;28.40-2-00;4430;01/10/2025;Fabricação de máquinas-ferramenta;INDÚSTRIAS DE TRANSFORMAÇÃO;C;28;28.4;GO
EED;47.771.655/0001-27;INTELLIGENCE AND DEFENSE AGENCY LTDA;30/08/2022;ME;206-2;46.19-2-00;4430;01/10/2025;Representantes comerciais e agentes do comércio de mercadorias em geral não especializado;"COMÉRCIO; REPARAÇÃO DE VEÍCULOS AUTOMOTORES E MOTOCICLETAS";G;46;46.1;GO
EED;47.771.655/0001-27;INTELLIGENCE AND DEFENSE AGENCY LTDA;30/08/2022;ME;206-2;47.52-1-00;4430;01/10/2025;Comércio varejista especializado de equipamentos de telefonia e comunicação;"COMÉRCIO; REPARAÇÃO DE VEÍCULOS AUTOMOTORES E MOTOCICLETAS";G;47;47.5;GO
EED;47.771.655/0001-27;INTELLIGENCE AND DEFENSE AGENCY LTDA;30/08/2022;ME;206-2;47.89-0-03;4430;01/10/2025;Comércio varejista de outros produtos novos não especificados anteriormente;"COMÉRCIO; REPARAÇÃO DE VEÍCULOS AUTOMOTORES E MOTOCICLETAS";G;47;47.8;GO
EED;47.771.655/0001-27;INTELLIGENCE AND DEFENSE AGENCY LTDA;30/08/2022;ME;206-2;59.11-1-99;4430;01/10/2025;Atividades de produção cinematográfica, de vídeos e de programas de televisão;INFORMAÇÃO E COMUNICAÇÃO;J;59;59.1;GO
EED;47.771.655/0001-27;INTELLIGENCE AND DEFENSE AGENCY LTDA;30/08/2022;ME;206-2;62.01-5-01;4430;01/10/2025;Desenvolvimento de programas de computador sob encomenda;INFORMAÇÃO E COMUNICAÇÃO;J;62;62.0;GO
EED;47.771.655/0001-27;INTELLIGENCE AND DEFENSE AGENCY LTDA;30/08/2022;ME;206-2;62.02-3-00;4430;01/10/2025;Desenvolvimento e licenciamento de programas de computador customizáveis;INFORMAÇÃO E COMUNICAÇÃO;J;62;62.0;GO
EED;47.771.655/0001-27;INTELLIGENCE AND DEFENSE AGENCY LTDA;30/08/2022;ME;206-2;62.03-1-00;4430;01/10/2025;Desenvolvimento e licenciamento de programas de computador não-customizáveis;INFORMAÇÃO E COMUNICAÇÃO;J;62;62.0;GO
EED;47.771.655/0001-27;INTELLIGENCE AND DEFENSE AGENCY LTDA;30/08/2022;ME;206-2;62.09-1-00;4430;01/10/2025;Suporte técnico, manutenção e outros serviços em tecnologia da informação;INFORMAÇÃO E COMUNICAÇÃO;J;62;62.0;GO
EED;47.771.655/0001-27;INTELLIGENCE AND DEFENSE AGENCY LTDA;30/08/2022;ME;206-2;70.20-4-00;4430;01/10/2025;Atividades de consultoria em gestão empresarial;ATIVIDADES PROFISSIONAIS, CIENTÍFICAS E TÉCNICAS;M;70;70.2;GO
EED;47.771.655/0001-27;INTELLIGENCE AND DEFENSE AGENCY LTDA;30/08/2022;ME;206-2;77.29-2-99;4430;01/10/2025;Aluguel de objetos pessoais e domésticos não especificados anteriormente;ATIVIDADES ADMINISTRATIVAS E SERVIÇOS COMPLEMENTARES;N;77;77.2;GO
EED;47.771.655/0001-27;INTELLIGENCE AND DEFENSE AGENCY LTDA;30/08/2022;ME;206-2;77.40-3-00;4430;01/10/2025;Gestão de ativos intangíveis não-financeiros;ATIVIDADES ADMINISTRATIVAS E SERVIÇOS COMPLEMENTARES;N;77;77.4;GO
EED;47.771.655/0001-27;INTELLIGENCE AND DEFENSE AGENCY LTDA;30/08/2022;ME;206-2;80.20-0-01;4430;01/10/2025;Atividades de monitoramento de sistemas de segurança;ATIVIDADES ADMINISTRATIVAS E SERVIÇOS COMPLEMENTARES;N;80;80.2;GO
EED;47.771.655/0001-27;INTELLIGENCE AND DEFENSE AGENCY LTDA;30/08/2022;ME;206-2;90.01-9-99;4430;01/10/2025;Artes cênicas, espetáculos e atividades complementares;ARTES, CULTURA, ESPORTE E RECREAÇÃO;R;90;90.0;GO
EED;17.162.579/0001-91;LIDER TAXI AEREO S/A - AIR BRASIL;12/03/1969;DEMAIS;205-4;51.12-9-01;4430;01/10/2025;Transporte aéreo de passageiros não-regular;TRANSPORTE, ARMAZENAGEM E CORREIO;H;51;51.1;MG
EED;17.162.579/0001-91;LIDER TAXI AEREO S/A - AIR BRASIL;12/03/1969;DEMAIS;205-4;33.16-3-01;4430;01/10/2025;Manutenção e reparação de aeronaves;INDÚSTRIAS DE TRANSFORMAÇÃO;C;33;33.1;MG
EED;17.162.579/0001-91;LIDER TAXI AEREO S/A - AIR BRASIL;12/03/1969;DEMAIS;205-4;47.89-0-99;4430;01/10/2025;Comércio varejista de outros produtos novos não especificados anteriormente;"COMÉRCIO; REPARAÇÃO DE VEÍCULOS AUTOMOTORES E MOTOCICLETAS";G;47;47.8;MG
EED;17.162.579/0001-91;LIDER TAXI AEREO S/A - AIR BRASIL;12/03/1969;DEMAIS;205-4;51.12-9-99;4430;01/10/2025;Transporte aéreo de passageiros não-regular;TRANSPORTE, ARMAZENAGEM E CORREIO;H;51;51.1;MG
EED;17.162.579/0001-91;LIDER TAXI AEREO S/A - AIR BRASIL;12/03/1969;DEMAIS;205-4;51.20-0-00;4430;01/10/2025;Transporte aéreo de carga;TRANSPORTE, ARMAZENAGEM E CORREIO;H;51;51.2;MG
EED;17.162.579/0001-91;LIDER TAXI AEREO S/A - AIR BRASIL;12/03/1969;DEMAIS;205-4;52.40-1-99;4430;01/10/2025;Atividades auxiliares dos transportes aéreos;TRANSPORTE, ARMAZENAGEM E CORREIO;H;52;52.4;MG
EED;17.162.579/0001-91;LIDER TAXI AEREO S/A - AIR BRASIL;12/03/1969;DEMAIS;205-4;64.63-8-00;4430;01/10/2025;Outras sociedades de participação, exceto holdings;ATIVIDADES FINANCEIRAS, DE SEGUROS E SERVIÇOS RELACIONADOS;K;64;64.6;MG
EED;17.162.579/0001-91;LIDER TAXI AEREO S/A - AIR BRASIL;12/03/1969;DEMAIS;205-4;85.99-6-04;4430;01/10/2025;Atividades de ensino não especificadas anteriormente;EDUCAÇÃO;P;85;85.9;MG
EED;17.162.579/0001-91;LIDER TAXI AEREO S/A - AIR BRASIL;12/03/1969;DEMAIS;205-4;86.22-4-00;4430;01/10/2025;Serviços de remoção de pacientes, exceto os serviços móveis de atendimento a urgências;SAÚDE HUMANA E SERVIÇOS SOCIAIS;Q;86;86.2;MG
EED;01.844.367/0001-54;MATERIAIS DE CONSTRUCAO PAINT HOUSE LTDA;20/05/1997;EPP;206-2;47.41-5-00;4430;01/10/2025;Comércio varejista de tintas e materiais para pintura;"COMÉRCIO; REPARAÇÃO DE VEÍCULOS AUTOMOTORES E MOTOCICLETAS";G;47;47.4;SP
EED;01.844.367/0001-54;MATERIAIS DE CONSTRUCAO PAINT HOUSE LTDA;20/05/1997;EPP;206-2;47.42-3-00;4430;01/10/2025;Comércio varejista de material elétrico;"COMÉRCIO; REPARAÇÃO DE VEÍCULOS AUTOMOTORES E MOTOCICLETAS";G;47;47.4;SP
EED;01.844.367/0001-54;MATERIAIS DE CONSTRUCAO PAINT HOUSE LTDA;20/05/1997;EPP;206-2;47.44-0-01;4430;01/10/2025;Comércio varejista de ferragens, madeira e materiais de construção;"COMÉRCIO; REPARAÇÃO DE VEÍCULOS AUTOMOTORES E MOTOCICLETAS";G;47;47.4;SP
EED;01.844.367/0001-54;MATERIAIS DE CONSTRUCAO PAINT HOUSE LTDA;20/05/1997;EPP;206-2;47.44-0-03;4430;01/10/2025;Comércio varejista de ferragens, madeira e materiais de construção;"COMÉRCIO; REPARAÇÃO DE VEÍCULOS AUTOMOTORES E MOTOCICLETAS";G;47;47.4;SP
EED;01.844.367/0001-54;MATERIAIS DE CONSTRUCAO PAINT HOUSE LTDA;20/05/1997;EPP;206-2;47.44-0-99;4430;01/10/2025;Comércio varejista de ferragens, madeira e materiais de construção;"COMÉRCIO; REPARAÇÃO DE VEÍCULOS AUTOMOTORES E MOTOCICLETAS";G;47;47.4;SP
EED;01.844.367/0001-54;MATERIAIS DE CONSTRUCAO PAINT HOUSE LTDA;20/05/1997;EPP;206-2;47.54-7-03;4430;01/10/2025;Comércio varejista especializado de móveis, colchoaria e artigos de iluminação;"COMÉRCIO; REPARAÇÃO DE VEÍCULOS AUTOMOTORES E MOTOCICLETAS";G;47;47.5;SP
EED;42.886.307/0001-81;MOURA ENERGIA LTDA;27/07/2021;DEMAIS;206-2;77.39-0-99;4430;01/10/2025;Aluguel de máquinas e equipamentos não especificados anteriormente;ATIVIDADES ADMINISTRATIVAS E SERVIÇOS COMPLEMENTARES;N;77;77.3;PE
EED;42.886.307/0001-81;MOURA ENERGIA LTDA;27/07/2021;DEMAIS;206-2;33.13-9-01;4430;01/10/2025;Manutenção e reparação de máquinas e equipamentos elétricos;INDÚSTRIAS DE TRANSFORMAÇÃO;C;33;33.1;PE
EED;42.886.307/0001-81;MOURA ENERGIA LTDA;27/07/2021;DEMAIS;206-2;33.21-0-00;4430;01/10/2025;Instalação de máquinas e equipamentos industriais;INDÚSTRIAS DE TRANSFORMAÇÃO;C;33;33.2;PE
EED;42.886.307/0001-81;MOURA ENERGIA LTDA;27/07/2021;DEMAIS;206-2;46.69-9-99;4430;01/10/2025;"Comércio atacadista de máquinas, aparelhos e equipamentos não especificados anteriormente; partes e peças";"COMÉRCIO; REPARAÇÃO DE VEÍCULOS AUTOMOTORES E MOTOCICLETAS";G;46;46.6;PE
EED;42.886.307/0001-81;MOURA ENERGIA LTDA;27/07/2021;DEMAIS;206-2;64.63-8-00;4430;01/10/2025;Outras sociedades de participação, exceto holdings;ATIVIDADES FINANCEIRAS, DE SEGUROS E SERVIÇOS RELACIONADOS;K;64;64.6;PE
EED;42.886.307/0001-81;MOURA ENERGIA LTDA;27/07/2021;DEMAIS;206-2;74.90-1-04;4430;01/10/2025;Atividades profissionais, científicas e técnicas não especificadas anteriormente;ATIVIDADES PROFISSIONAIS, CIENTÍFICAS E TÉCNICAS;M;74;74.9;PE
EED;42.886.307/0001-81;MOURA ENERGIA LTDA;27/07/2021;DEMAIS;206-2;82.11-3-00;4430;01/10/2025;Serviços combinados de escritório e apoio administrativo;ATIVIDADES ADMINISTRATIVAS E SERVIÇOS COMPLEMENTARES;N;82;82.1;PE
EED;04.626.836/0001-57;MT4 TECNOLOGIA LTDA;23/08/2001;DEMAIS;206-2;62.01-5-01;4430;01/10/2025;Desenvolvimento de programas de computador sob encomenda;INFORMAÇÃO E COMUNICAÇÃO;J;62;62.0;SP
EED;04.626.836/0001-57;MT4 TECNOLOGIA LTDA;23/08/2001;DEMAIS;206-2;61.90-6-01;4430;01/10/2025;Outras atividades de telecomunicações;INFORMAÇÃO E COMUNICAÇÃO;J;61;61.9;SP
EED;04.626.836/0001-57;MT4 TECNOLOGIA LTDA;23/08/2001;DEMAIS;206-2;77.33-1-00;4430;01/10/2025;Aluguel de máquinas e equipamentos para escritório;ATIVIDADES ADMINISTRATIVAS E SERVIÇOS COMPLEMENTARES;N;77;77.3;SP
EED;04.626.836/0001-57;MT4 TECNOLOGIA LTDA;23/08/2001;DEMAIS;206-2;62.04-0-00;4430;01/10/2025;Consultoria em tecnologia da informação;INFORMAÇÃO E COMUNICAÇÃO;J;62;62.0;SP
EED;04.626.836/0001-57;MT4 TECNOLOGIA LTDA;23/08/2001;DEMAIS;206-2;62.02-3-00;4430;01/10/2025;Desenvolvimento e licenciamento de programas de computador customizáveis;INFORMAÇÃO E COMUNICAÇÃO;J;62;62.0;SP
EED;04.626.836/0001-57;MT4 TECNOLOGIA LTDA;23/08/2001;DEMAIS;206-2;63.11-9-00;4430;01/10/2025;Tratamento de dados, provedores de serviços de aplicação e serviços de hospedagem na internet;INFORMAÇÃO E COMUNICAÇÃO;J;63;63.1;SP
EED;04.626.836/0001-57;MT4 TECNOLOGIA LTDA;23/08/2001;DEMAIS;206-2;62.09-1-00;4430;01/10/2025;Suporte técnico, manutenção e outros serviços em tecnologia da informação;INFORMAÇÃO E COMUNICAÇÃO;J;62;62.0;SP
EED;04.626.836/0001-57;MT4 TECNOLOGIA LTDA;23/08/2001;DEMAIS;206-2;85.99-6-03;4430;01/10/2025;Atividades de ensino não especificadas anteriormente;EDUCAÇÃO;P;85;85.9;SP
EED;04.626.836/0001-57;MT4 TECNOLOGIA LTDA;23/08/2001;DEMAIS;206-2;62.03-1-00;4430;01/10/2025;Desenvolvimento e licenciamento de programas de computador não-customizáveis;INFORMAÇÃO E COMUNICAÇÃO;J;62;62.0;SP
EED;04.626.836/0001-57;MT4 TECNOLOGIA LTDA;23/08/2001;DEMAIS;206-2;95.11-8-00;4430;01/10/2025;Reparação e manutenção de computadores e de equipamentos periféricos;OUTRAS ATIVIDADES DE SERVIÇOS;S;95;95.1;SP
EED;04.626.836/0001-57;MT4 TECNOLOGIA LTDA;23/08/2001;DEMAIS;206-2;47.51-2-01;4430;01/10/2025;Comércio varejista especializado de equipamentos e suprimentos de informática;"COMÉRCIO; REPARAÇÃO DE VEÍCULOS AUTOMOTORES E MOTOCICLETAS";G;47;47.5;SP
EED;57.034.105/0001-89;PHD SEMICONDUTORES IMPRESSOS LTDA;27/08/2024;DEMAIS;206-2;70.20-4-00;4430;01/10/2025;Atividades de consultoria em gestão empresarial;ATIVIDADES PROFISSIONAIS, CIENTÍFICAS E TÉCNICAS;M;70;70.2;MG
EED;57.034.105/0001-89;PHD SEMICONDUTORES IMPRESSOS LTDA;27/08/2024;DEMAIS;206-2;26.10-8-00;4430;01/10/2025;Fabricação de componentes eletrônicos;INDÚSTRIAS DE TRANSFORMAÇÃO;C;26;26.1;MG
EED;57.034.105/0001-89;PHD SEMICONDUTORES IMPRESSOS LTDA;27/08/2024;DEMAIS;206-2;27.10-4-01;4430;01/10/2025;Fabricação de geradores, transformadores e motores elétricos;INDÚSTRIAS DE TRANSFORMAÇÃO;C;27;27.1;MG
EED;57.034.105/0001-89;PHD SEMICONDUTORES IMPRESSOS LTDA;27/08/2024;DEMAIS;206-2;27.10-4-02;4430;01/10/2025;Fabricação de geradores, transformadores e motores elétricos;INDÚSTRIAS DE TRANSFORMAÇÃO;C;27;27.1;MG
EED;57.034.105/0001-89;PHD SEMICONDUTORES IMPRESSOS LTDA;27/08/2024;DEMAIS;206-2;27.31-7-00;4430;01/10/2025;Fabricação de aparelhos e equipamentos para distribuição e controle de energia elétrica;INDÚSTRIAS DE TRANSFORMAÇÃO;C;27;27.3;MG
EED;57.034.105/0001-89;PHD SEMICONDUTORES IMPRESSOS LTDA;27/08/2024;DEMAIS;206-2;27.32-5-00;4430;01/10/2025;Fabricação de material elétrico para instalações em circuito de consumo;INDÚSTRIAS DE TRANSFORMAÇÃO;C;27;27.3;MG
EED;57.034.105/0001-89;PHD SEMICONDUTORES IMPRESSOS LTDA;27/08/2024;DEMAIS;206-2;33.13-9-01;4430;01/10/2025;Manutenção e reparação de máquinas e equipamentos elétricos;INDÚSTRIAS DE TRANSFORMAÇÃO;C;33;33.1;MG
EED;57.034.105/0001-89;PHD SEMICONDUTORES IMPRESSOS LTDA;27/08/2024;DEMAIS;206-2;33.13-9-99;4430;01/10/2025;Manutenção e reparação de máquinas e equipamentos elétricos;INDÚSTRIAS DE TRANSFORMAÇÃO;C;33;33.1;MG
EED;57.034.105/0001-89;PHD SEMICONDUTORES IMPRESSOS LTDA;27/08/2024;DEMAIS;206-2;33.21-0-00;4430;01/10/2025;Instalação de máquinas e equipamentos industriais;INDÚSTRIAS DE TRANSFORMAÇÃO;C;33;33.2;MG
EED;57.034.105/0001-89;PHD SEMICONDUTORES IMPRESSOS LTDA;27/08/2024;DEMAIS;206-2;46.52-4-00;4430;01/10/2025;Comércio atacadista de componentes eletrônicos e equipamentos de telefonia e comunicação;"COMÉRCIO; REPARAÇÃO DE VEÍCULOS AUTOMOTORES E MOTOCICLETAS";G;46;46.5;MG
EED;57.034.105/0001-89;PHD SEMICONDUTORES IMPRESSOS LTDA;27/08/2024;DEMAIS;206-2;64.62-0-00;4430;01/10/2025;Holdings de instituições não-financeiras;ATIVIDADES FINANCEIRAS, DE SEGUROS E SERVIÇOS RELACIONADOS;K;64;64.6;MG
EED;57.034.105/0001-89;PHD SEMICONDUTORES IMPRESSOS LTDA;27/08/2024;DEMAIS;206-2;64.63-8-00;4430;01/10/2025;Outras sociedades de participação, exceto holdings;ATIVIDADES FINANCEIRAS, DE SEGUROS E SERVIÇOS RELACIONADOS;K;64;64.6;MG
EED;57.034.105/0001-89;PHD SEMICONDUTORES IMPRESSOS LTDA;27/08/2024;DEMAIS;206-2;71.12-0-00;4430;01/10/2025;Serviços de engenharia;ATIVIDADES PROFISSIONAIS, CIENTÍFICAS E TÉCNICAS;M;71;71.1;MG
EED;57.034.105/0001-89;PHD SEMICONDUTORES IMPRESSOS LTDA;27/08/2024;DEMAIS;206-2;72.10-0-00;4430;01/10/2025;Pesquisa e desenvolvimento experimental em ciências físicas e naturais;ATIVIDADES PROFISSIONAIS, CIENTÍFICAS E TÉCNICAS;M;72;72.1;MG
EED;54.665.694/0001-05;PIQL SOUTH AMERICA LTDA;10/04/2024;DEMAIS;206-2;62.02-3-00;4430;01/10/2025;Desenvolvimento e licenciamento de programas de computador customizáveis;INFORMAÇÃO E COMUNICAÇÃO;J;62;62.0;SP
EED;54.665.694/0001-05;PIQL SOUTH AMERICA LTDA;10/04/2024;DEMAIS;206-2;46.19-2-00;4430;01/10/2025;Representantes comerciais e agentes do comércio de mercadorias em geral não especializado;"COMÉRCIO; REPARAÇÃO DE VEÍCULOS AUTOMOTORES E MOTOCICLETAS";G;46;46.1;SP
EED;54.665.694/0001-05;PIQL SOUTH AMERICA LTDA;10/04/2024;DEMAIS;206-2;62.01-5-01;4430;01/10/2025;Desenvolvimento de programas de computador sob encomenda;INFORMAÇÃO E COMUNICAÇÃO;J;62;62.0;SP
EED;54.665.694/0001-05;PIQL SOUTH AMERICA LTDA;10/04/2024;DEMAIS;206-2;62.01-5-02;4430;01/10/2025;Desenvolvimento de programas de computador sob encomenda;INFORMAÇÃO E COMUNICAÇÃO;J;62;62.0;SP
EED;54.665.694/0001-05;PIQL SOUTH AMERICA LTDA;10/04/2024;DEMAIS;206-2;62.03-1-00;4430;01/10/2025;Desenvolvimento e licenciamento de programas de computador não-customizáveis;INFORMAÇÃO E COMUNICAÇÃO;J;62;62.0;SP
EED;54.665.694/0001-05;PIQL SOUTH AMERICA LTDA;10/04/2024;DEMAIS;206-2;62.04-0-00;4430;01/10/2025;Consultoria em tecnologia da informação;INFORMAÇÃO E COMUNICAÇÃO;J;62;62.0;SP
EED;54.665.694/0001-05;PIQL SOUTH AMERICA LTDA;10/04/2024;DEMAIS;206-2;62.09-1-00;4430;01/10/2025;Suporte técnico, manutenção e outros serviços em tecnologia da informação;INFORMAÇÃO E COMUNICAÇÃO;J;62;62.0;SP
EED;54.665.694/0001-05;PIQL SOUTH AMERICA LTDA;10/04/2024;DEMAIS;206-2;63.11-9-00;4430;01/10/2025;Tratamento de dados, provedores de serviços de aplicação e serviços de hospedagem na internet;INFORMAÇÃO E COMUNICAÇÃO;J;63;63.1;SP
EED;54.665.694/0001-05;PIQL SOUTH AMERICA LTDA;10/04/2024;DEMAIS;206-2;63.19-4-00;4430;01/10/2025;Portais, provedores de conteúdo e outros serviços de informação na internet;INFORMAÇÃO E COMUNICAÇÃO;J;63;63.1;SP
EED;54.665.694/0001-05;PIQL SOUTH AMERICA LTDA;10/04/2024;DEMAIS;206-2;74.20-0-05;4430;01/10/2025;Atividades fotográficas e similares;ATIVIDADES PROFISSIONAIS, CIENTÍFICAS E TÉCNICAS;M;74;74.2;SP
EED;54.665.694/0001-05;PIQL SOUTH AMERICA LTDA;10/04/2024;DEMAIS;206-2;82.19-9-01;4430;01/10/2025;Fotocópias, preparação de documentos e outros serviços especializados de apoio administrativo;ATIVIDADES ADMINISTRATIVAS E SERVIÇOS COMPLEMENTARES;N;82;82.1;SP
EED;25.303.531/0001-84;RED TECH SECURITY S.A;27/07/2016;DEMAIS;205-4;30.41-5-00;4430;01/10/2025;Fabricação de aeronaves;INDÚSTRIAS DE TRANSFORMAÇÃO;C;30;30.4;SC
EED;25.303.531/0001-84;RED TECH SECURITY S.A;27/07/2016;DEMAIS;205-4;33.16-3-01;4430;01/10/2025;Manutenção e reparação de aeronaves;INDÚSTRIAS DE TRANSFORMAÇÃO;C;33;33.1;SC
EED;25.303.531/0001-84;RED TECH SECURITY S.A;27/07/2016;DEMAIS;205-4;33.19-8-00;4430;01/10/2025;Manutenção e reparação de equipamentos e produtos não especificados anteriormente;INDÚSTRIAS DE TRANSFORMAÇÃO;C;33;33.1;SC
EED;25.303.531/0001-84;RED TECH SECURITY S.A;27/07/2016;DEMAIS;205-4;33.29-5-99;4430;01/10/2025;Instalação de equipamentos não especificados anteriormente;INDÚSTRIAS DE TRANSFORMAÇÃO;C;33;33.2;SC
EED;25.303.531/0001-84;RED TECH SECURITY S.A;27/07/2016;DEMAIS;205-4;46.69-9-99;4430;01/10/2025;"Comércio atacadista de máquinas, aparelhos e equipamentos não especificados anteriormente; partes e peças";"COMÉRCIO; REPARAÇÃO DE VEÍCULOS AUTOMOTORES E MOTOCICLETAS";G;46;46.6;SC
EED;25.303.531/0001-84;RED TECH SECURITY S.A;27/07/2016;DEMAIS;205-4;47.42-3-00;4430;01/10/2025;Comércio varejista de material elétrico;"COMÉRCIO; REPARAÇÃO DE VEÍCULOS AUTOMOTORES E MOTOCICLETAS";G;47;47.4;SC
EED;25.303.531/0001-84;RED TECH SECURITY S.A;27/07/2016;DEMAIS;205-4;47.51-2-01;4430;01/10/2025;Comércio varejista especializado de equipamentos e suprimentos de informática;"COMÉRCIO; REPARAÇÃO DE VEÍCULOS AUTOMOTORES E MOTOCICLETAS";G;47;47.5;SC
EED;25.303.531/0001-84;RED TECH SECURITY S.A;27/07/2016;DEMAIS;205-4;47.53-9-00;4430;01/10/2025;Comércio varejista especializado de eletrodomésticos e equipamentos de áudio e vídeo;"COMÉRCIO; REPARAÇÃO DE VEÍCULOS AUTOMOTORES E MOTOCICLETAS";G;47;47.5;SC
EED;25.303.531/0001-84;RED TECH SECURITY S.A;27/07/2016;DEMAIS;205-4;47.89-0-99;4430;01/10/2025;Comércio varejista de outros produtos novos não especificados anteriormente;"COMÉRCIO; REPARAÇÃO DE VEÍCULOS AUTOMOTORES E MOTOCICLETAS";G;47;47.8;SC
EED;25.303.531/0001-84;RED TECH SECURITY S.A;27/07/2016;DEMAIS;205-4;62.01-5-01;4430;01/10/2025;Desenvolvimento de programas de computador sob encomenda;INFORMAÇÃO E COMUNICAÇÃO;J;62;62.0;SC
EED;25.303.531/0001-84;RED TECH SECURITY S.A;27/07/2016;DEMAIS;205-4;71.12-0-00;4430;01/10/2025;Serviços de engenharia;ATIVIDADES PROFISSIONAIS, CIENTÍFICAS E TÉCNICAS;M;71;71.1;SC
EED;25.303.531/0001-84;RED TECH SECURITY S.A;27/07/2016;DEMAIS;205-4;77.19-5-02;4430;01/10/2025;Locação de meios de transporte, exceto automóveis, sem condutor;ATIVIDADES ADMINISTRATIVAS E SERVIÇOS COMPLEMENTARES;N;77;77.1;SC
EED;25.303.531/0001-84;RED TECH SECURITY S.A;27/07/2016;DEMAIS;205-4;80.20-0-01;4430;01/10/2025;Atividades de monitoramento de sistemas de segurança;ATIVIDADES ADMINISTRATIVAS E SERVIÇOS COMPLEMENTARES;N;80;80.2;SC
EED;25.303.531/0001-84;RED TECH SECURITY S.A;27/07/2016;DEMAIS;205-4;82.11-3-00;4430;01/10/2025;Serviços combinados de escritório e apoio administrativo;ATIVIDADES ADMINISTRATIVAS E SERVIÇOS COMPLEMENTARES;N;82;82.1;SC
EED;03.775.069/0021-29;SERVICO NACIONAL DE APRENDIZAGEM INDUSTRIAL-SENAI;23/05/2000;DEMAIS;307-7;85.99-6-99;4430;01/10/2025;Atividades de ensino não especificadas anteriormente;EDUCAÇÃO;P;85;85.9;RS
EED;03.775.069/0021-29;SERVICO NACIONAL DE APRENDIZAGEM INDUSTRIAL-SENAI;23/05/2000;DEMAIS;307-7;71.20-1-00;4430;01/10/2025;Testes e análises técnicas;ATIVIDADES PROFISSIONAIS, CIENTÍFICAS E TÉCNICAS;M;71;71.2;RS
EED;03.775.069/0021-29;SERVICO NACIONAL DE APRENDIZAGEM INDUSTRIAL-SENAI;23/05/2000;DEMAIS;307-7;70.20-4-00;4430;01/10/2025;Atividades de consultoria em gestão empresarial;ATIVIDADES PROFISSIONAIS, CIENTÍFICAS E TÉCNICAS;M;70;70.2;RS
EED;03.775.069/0021-29;SERVICO NACIONAL DE APRENDIZAGEM INDUSTRIAL-SENAI;23/05/2000;DEMAIS;307-7;72.10-0-00;4430;01/10/2025;Pesquisa e desenvolvimento experimental em ciências físicas e naturais;ATIVIDADES PROFISSIONAIS, CIENTÍFICAS E TÉCNICAS;M;72;72.1;RS
EED;03.775.069/0021-29;SERVICO NACIONAL DE APRENDIZAGEM INDUSTRIAL-SENAI;23/05/2000;DEMAIS;307-7;82.30-0-01;4430;01/10/2025;Atividades de organização de eventos, exceto culturais e esportivos;ATIVIDADES ADMINISTRATIVAS E SERVIÇOS COMPLEMENTARES;N;82;82.3;RS
EED;03.775.069/0021-29;SERVICO NACIONAL DE APRENDIZAGEM INDUSTRIAL-SENAI;23/05/2000;DEMAIS;307-7;85.32-5-00;4430;01/10/2025;Educação superior - graduação e pós-graduação;EDUCAÇÃO;P;85;85.3;RS
EED;03.775.069/0021-29;SERVICO NACIONAL DE APRENDIZAGEM INDUSTRIAL-SENAI;23/05/2000;DEMAIS;307-7;74.90-1-99;4430;01/10/2025;Atividades profissionais, científicas e técnicas não especificadas anteriormente;ATIVIDADES PROFISSIONAIS, CIENTÍFICAS E TÉCNICAS;M;74;74.9;RS
EED;03.775.069/0021-29;SERVICO NACIONAL DE APRENDIZAGEM INDUSTRIAL-SENAI;23/05/2000;DEMAIS;307-7;85.41-4-00;4430;01/10/2025;Educação profissional de nível técnico;EDUCAÇÃO;P;85;85.4;RS
EED;03.775.069/0021-29;SERVICO NACIONAL DE APRENDIZAGEM INDUSTRIAL-SENAI;23/05/2000;DEMAIS;307-7;85.42-2-00;4430;01/10/2025;Educação profissional de nível tecnológico;EDUCAÇÃO;P;85;85.4;RS
EED;03.775.069/0021-29;SERVICO NACIONAL DE APRENDIZAGEM INDUSTRIAL-SENAI;23/05/2000;DEMAIS;307-7;85.99-6-04;4430;01/10/2025;Atividades de ensino não especificadas anteriormente;EDUCAÇÃO;P;85;85.9;RS
EED;58.035.757/0001-09;SONDA AEROSPACE LTDA;08/11/2024;DEMAIS;206-2;71.12-0-00;4430;01/10/2025;Serviços de engenharia;ATIVIDADES PROFISSIONAIS, CIENTÍFICAS E TÉCNICAS;M;71;71.1;SP
EED;58.035.757/0001-09;SONDA AEROSPACE LTDA;08/11/2024;DEMAIS;206-2;25.39-0-01;4430;01/10/2025;Serviços de usinagem, solda, tratamento e revestimento em metais;INDÚSTRIAS DE TRANSFORMAÇÃO;C;25;25.3;SP
EED;58.035.757/0001-09;SONDA AEROSPACE LTDA;08/11/2024;DEMAIS;206-2;26.10-8-00;4430;01/10/2025;Fabricação de componentes eletrônicos;INDÚSTRIAS DE TRANSFORMAÇÃO;C;26;26.1;SP
EED;58.035.757/0001-09;SONDA AEROSPACE LTDA;08/11/2024;DEMAIS;206-2;33.12-1-02;4430;01/10/2025;Manutenção e reparação de equipamentos eletrônicos e ópticos;INDÚSTRIAS DE TRANSFORMAÇÃO;C;33;33.1;SP
EED;58.035.757/0001-09;SONDA AEROSPACE LTDA;08/11/2024;DEMAIS;206-2;33.14-7-13;4430;01/10/2025;Manutenção e reparação de máquinas e equipamentos da indústria mecânica;INDÚSTRIAS DE TRANSFORMAÇÃO;C;33;33.1;SP
EED;58.035.757/0001-09;SONDA AEROSPACE LTDA;08/11/2024;DEMAIS;206-2;33.14-7-18;4430;01/10/2025;Manutenção e reparação de máquinas e equipamentos da indústria mecânica;INDÚSTRIAS DE TRANSFORMAÇÃO;C;33;33.1;SP
EED;58.035.757/0001-09;SONDA AEROSPACE LTDA;08/11/2024;DEMAIS;206-2;33.21-0-00;4430;01/10/2025;Instalação de máquinas e equipamentos industriais;INDÚSTRIAS DE TRANSFORMAÇÃO;C;33;33.2;SP
EED;58.035.757/0001-09;SONDA AEROSPACE LTDA;08/11/2024;DEMAIS;206-2;46.14-1-00;4430;01/10/2025;Representantes comerciais e agentes do comércio de máquinas, equipamentos, embarcações e aeronaves;"COMÉRCIO; REPARAÇÃO DE VEÍCULOS AUTOMOTORES E MOTOCICLETAS";G;46;46.1;SP
EED;58.035.757/0001-09;SONDA AEROSPACE LTDA;08/11/2024;DEMAIS;206-2;46.63-0-00;4430;01/10/2025;"Comércio atacadista de máquinas e equipamentos para uso industrial; partes e peças";"COMÉRCIO; REPARAÇÃO DE VEÍCULOS AUTOMOTORES E MOTOCICLETAS";G;46;46.6;SP
EED;58.035.757/0001-09;SONDA AEROSPACE LTDA;08/11/2024;DEMAIS;206-2;46.69-9-99;4430;01/10/2025;"Comércio atacadista de máquinas, aparelhos e equipamentos não especificados anteriormente; partes e peças";"COMÉRCIO; REPARAÇÃO DE VEÍCULOS AUTOMOTORES E MOTOCICLETAS";G;46;46.6;SP
EED;58.035.757/0001-09;SONDA AEROSPACE LTDA;08/11/2024;DEMAIS;206-2;47.44-0-01;4430;01/10/2025;Comércio varejista de ferragens, madeira e materiais de construção;"COMÉRCIO; REPARAÇÃO DE VEÍCULOS AUTOMOTORES E MOTOCICLETAS";G;47;47.4;SP
EED;58.035.757/0001-09;SONDA AEROSPACE LTDA;08/11/2024;DEMAIS;206-2;62.02-3-00;4430;01/10/2025;Desenvolvimento e licenciamento de programas de computador customizáveis;INFORMAÇÃO E COMUNICAÇÃO;J;62;62.0;SP
EED;58.035.757/0001-09;SONDA AEROSPACE LTDA;08/11/2024;DEMAIS;206-2;64.62-0-00;4430;01/10/2025;Holdings de instituições não-financeiras;ATIVIDADES FINANCEIRAS, DE SEGUROS E SERVIÇOS RELACIONADOS;K;64;64.6;SP
EED;58.035.757/0001-09;SONDA AEROSPACE LTDA;08/11/2024;DEMAIS;206-2;71.19-7-03;4430;01/10/2025;Atividades técnicas relacionadas à arquitetura e engenharia;ATIVIDADES PROFISSIONAIS, CIENTÍFICAS E TÉCNICAS;M;71;71.1;SP
EED;58.035.757/0001-09;SONDA AEROSPACE LTDA;08/11/2024;DEMAIS;206-2;71.20-1-00;4430;01/10/2025;Testes e análises técnicas;ATIVIDADES PROFISSIONAIS, CIENTÍFICAS E TÉCNICAS;M;71;71.2;SP
EED;58.035.757/0001-09;SONDA AEROSPACE LTDA;08/11/2024;DEMAIS;206-2;80.20-0-01;4430;01/10/2025;Atividades de monitoramento de sistemas de segurança;ATIVIDADES ADMINISTRATIVAS E SERVIÇOS COMPLEMENTARES;N;80;80.2;SP
EED;73.442.360/0005-40;TELTEX TECNOLOGIA S.A;07/06/2018;DEMAIS;205-4;47.51-2-01;4430;01/10/2025;Comércio varejista especializado de equipamentos e suprimentos de informática;"COMÉRCIO; REPARAÇÃO DE VEÍCULOS AUTOMOTORES E MOTOCICLETAS";G;47;47.5;SP
EED;73.442.360/0005-40;TELTEX TECNOLOGIA S.A;07/06/2018;DEMAIS;205-4;42.21-9-05;4430;01/10/2025;Obras para geração e distribuição de energia elétrica e para telecomunicações;CONSTRUÇÃO;F;42;42.2;SP
EED;73.442.360/0005-40;TELTEX TECNOLOGIA S.A;07/06/2018;DEMAIS;205-4;43.21-5-00;4430;01/10/2025;Instalações elétricas;CONSTRUÇÃO;F;43;43.2;SP
EED;73.442.360/0005-40;TELTEX TECNOLOGIA S.A;07/06/2018;DEMAIS;205-4;43.29-1-04;4430;01/10/2025;Obras de instalações em construções não especificadas anteriormente;CONSTRUÇÃO;F;43;43.2;SP
EED;73.442.360/0005-40;TELTEX TECNOLOGIA S.A;07/06/2018;DEMAIS;205-4;47.42-3-00;4430;01/10/2025;Comércio varejista de material elétrico;"COMÉRCIO; REPARAÇÃO DE VEÍCULOS AUTOMOTORES E MOTOCICLETAS";G;47;47.4;SP
EED;73.442.360/0005-40;TELTEX TECNOLOGIA S.A;07/06/2018;DEMAIS;205-4;47.52-1-00;4430;01/10/2025;Comércio varejista especializado de equipamentos de telefonia e comunicação;"COMÉRCIO; REPARAÇÃO DE VEÍCULOS AUTOMOTORES E MOTOCICLETAS";G;47;47.5;SP
EED;73.442.360/0005-40;TELTEX TECNOLOGIA S.A;07/06/2018;DEMAIS;205-4;47.57-1-00;4430;01/10/2025;Comércio varejista especializado de peças e acessórios para aparelhos eletroeletrônicos para uso doméstico, exceto informática e comunicação;"COMÉRCIO; REPARAÇÃO DE VEÍCULOS AUTOMOTORES E MOTOCICLETAS";G;47;47.5;SP
EED;73.442.360/0005-40;TELTEX TECNOLOGIA S.A;07/06/2018;DEMAIS;205-4;61.10-8-03;4430;01/10/2025;Telecomunicações por fio;INFORMAÇÃO E COMUNICAÇÃO;J;61;61.1;SP
EED;73.442.360/0005-40;TELTEX TECNOLOGIA S.A;07/06/2018;DEMAIS;205-4;61.90-6-01;4430;01/10/2025;Outras atividades de telecomunicações;INFORMAÇÃO E COMUNICAÇÃO;J;61;61.9;SP
EED;73.442.360/0005-40;TELTEX TECNOLOGIA S.A;07/06/2018;DEMAIS;205-4;62.02-3-00;4430;01/10/2025;Desenvolvimento e licenciamento de programas de computador customizáveis;INFORMAÇÃO E COMUNICAÇÃO;J;62;62.0;SP
EED;73.442.360/0005-40;TELTEX TECNOLOGIA S.A;07/06/2018;DEMAIS;205-4;62.04-0-00;4430;01/10/2025;Consultoria em tecnologia da informação;INFORMAÇÃO E COMUNICAÇÃO;J;62;62.0;SP
EED;73.442.360/0005-40;TELTEX TECNOLOGIA S.A;07/06/2018;DEMAIS;205-4;62.09-1-00;4430;01/10/2025;Suporte técnico, manutenção e outros serviços em tecnologia da informação;INFORMAÇÃO E COMUNICAÇÃO;J;62;62.0;SP
EED;73.442.360/0005-40;TELTEX TECNOLOGIA S.A;07/06/2018;DEMAIS;205-4;71.12-0-00;4430;01/10/2025;Serviços de engenharia;ATIVIDADES PROFISSIONAIS, CIENTÍFICAS E TÉCNICAS;M;71;71.1;SP
EED;73.442.360/0005-40;TELTEX TECNOLOGIA S.A;07/06/2018;DEMAIS;205-4;77.39-0-99;4430;01/10/2025;Aluguel de máquinas e equipamentos não especificados anteriormente;ATIVIDADES ADMINISTRATIVAS E SERVIÇOS COMPLEMENTARES;N;77;77.3;SP
EED;73.442.360/0005-40;TELTEX TECNOLOGIA S.A;07/06/2018;DEMAIS;205-4;78.20-5-00;4430;01/10/2025;Locação de mão-de-obra temporária;ATIVIDADES ADMINISTRATIVAS E SERVIÇOS COMPLEMENTARES;N;78;78.2;SP
EED;73.442.360/0005-40;TELTEX TECNOLOGIA S.A;07/06/2018;DEMAIS;205-4;80.20-0-01;4430;01/10/2025;Atividades de monitoramento de sistemas de segurança;ATIVIDADES ADMINISTRATIVAS E SERVIÇOS COMPLEMENTARES;N;80;80.2;SP
EED;73.442.360/0005-40;TELTEX TECNOLOGIA S.A;07/06/2018;DEMAIS;205-4;82.11-3-00;4430;01/10/2025;Serviços combinados de escritório e apoio administrativo;ATIVIDADES ADMINISTRATIVAS E SERVIÇOS COMPLEMENTARES;N;82;82.1;SP
EED;73.442.360/0005-40;TELTEX TECNOLOGIA S.A;07/06/2018;DEMAIS;205-4;82.19-9-99;4430;01/10/2025;Fotocópias, preparação de documentos e outros serviços especializados de apoio administrativo;ATIVIDADES ADMINISTRATIVAS E SERVIÇOS COMPLEMENTARES;N;82;82.1;SP
EED;07.589.288/0006-35;UCB INDUSTRIA DE COMPONENTES ELETRONICOS E INFORMATICA S.A.;08/09/2022;DEMAIS;205-4;26.10-8-00;4430;01/10/2025;Fabricação de componentes eletrônicos;INDÚSTRIAS DE TRANSFORMAÇÃO;C;26;26.1;AM
EED;07.589.288/0006-35;UCB INDUSTRIA DE COMPONENTES ELETRONICOS E INFORMATICA S.A.;08/09/2022;DEMAIS;205-4;27.10-4-01;4430;01/10/2025;Fabricação de geradores, transformadores e motores elétricos;INDÚSTRIAS DE TRANSFORMAÇÃO;C;27;27.1;AM
EED;07.589.288/0006-35;UCB INDUSTRIA DE COMPONENTES ELETRONICOS E INFORMATICA S.A.;08/09/2022;DEMAIS;205-4;27.21-0-00;4430;01/10/2025;Fabricação de pilhas, baterias e acumuladores elétricos, exceto para veículos automotores;INDÚSTRIAS DE TRANSFORMAÇÃO;C;27;27.2;AM
EED;07.589.288/0006-35;UCB INDUSTRIA DE COMPONENTES ELETRONICOS E INFORMATICA S.A.;08/09/2022;DEMAIS;205-4;27.22-8-01;4430;01/10/2025;Fabricação de baterias e acumuladores para veículos automotores;INDÚSTRIAS DE TRANSFORMAÇÃO;C;27;27.2;AM
EED;07.589.288/0006-35;UCB INDUSTRIA DE COMPONENTES ELETRONICOS E INFORMATICA S.A.;08/09/2022;DEMAIS;205-4;33.12-1-02;4430;01/10/2025;Manutenção e reparação de equipamentos eletrônicos e ópticos;INDÚSTRIAS DE TRANSFORMAÇÃO;C;33;33.1;AM
EED;07.589.288/0006-35;UCB INDUSTRIA DE COMPONENTES ELETRONICOS E INFORMATICA S.A.;08/09/2022;DEMAIS;205-4;33.13-9-02;4430;01/10/2025;Manutenção e reparação de máquinas e equipamentos elétricos;INDÚSTRIAS DE TRANSFORMAÇÃO;C;33;33.1;AM
EED;07.589.288/0006-35;UCB INDUSTRIA DE COMPONENTES ELETRONICOS E INFORMATICA S.A.;08/09/2022;DEMAIS;205-4;33.29-5-99;4430;01/10/2025;Instalação de equipamentos não especificados anteriormente;INDÚSTRIAS DE TRANSFORMAÇÃO;C;33;33.2;AM
EED;07.589.288/0006-35;UCB INDUSTRIA DE COMPONENTES ELETRONICOS E INFORMATICA S.A.;08/09/2022;DEMAIS;205-4;42.21-9-04;4430;01/10/2025;Obras para geração e distribuição de energia elétrica e para telecomunicações;CONSTRUÇÃO;F;42;42.2;AM
EED;07.589.288/0006-35;UCB INDUSTRIA DE COMPONENTES ELETRONICOS E INFORMATICA S.A.;08/09/2022;DEMAIS;205-4;43.21-5-00;4430;01/10/2025;Instalações elétricas;CONSTRUÇÃO;F;43;43.2;AM
EED;07.589.288/0006-35;UCB INDUSTRIA DE COMPONENTES ELETRONICOS E INFORMATICA S.A.;08/09/2022;DEMAIS;205-4;43.29-1-04;4430;01/10/2025;Obras de instalações em construções não especificadas anteriormente;CONSTRUÇÃO;F;43;43.2;AM
EED;07.589.288/0006-35;UCB INDUSTRIA DE COMPONENTES ELETRONICOS E INFORMATICA S.A.;08/09/2022;DEMAIS;205-4;46.51-6-01;4430;01/10/2025;Comércio atacadista de computadores, periféricos e suprimentos de informática;"COMÉRCIO; REPARAÇÃO DE VEÍCULOS AUTOMOTORES E MOTOCICLETAS";G;46;46.5;AM
EED;07.589.288/0006-35;UCB INDUSTRIA DE COMPONENTES ELETRONICOS E INFORMATICA S.A.;08/09/2022;DEMAIS;205-4;46.51-6-02;4430;01/10/2025;Comércio atacadista de computadores, periféricos e suprimentos de informática;"COMÉRCIO; REPARAÇÃO DE VEÍCULOS AUTOMOTORES E MOTOCICLETAS";G;46;46.5;AM
EED;07.589.288/0006-35;UCB INDUSTRIA DE COMPONENTES ELETRONICOS E INFORMATICA S.A.;08/09/2022;DEMAIS;205-4;46.52-4-00;4430;01/10/2025;Comércio atacadista de componentes eletrônicos e equipamentos de telefonia e comunicação;"COMÉRCIO; REPARAÇÃO DE VEÍCULOS AUTOMOTORES E MOTOCICLETAS";G;46;46.5;AM
EED;07.589.288/0006-35;UCB INDUSTRIA DE COMPONENTES ELETRONICOS E INFORMATICA S.A.;08/09/2022;DEMAIS;205-4;46.63-0-00;4430;01/10/2025;"Comércio atacadista de máquinas e equipamentos para uso industrial; partes e peças";"COMÉRCIO; REPARAÇÃO DE VEÍCULOS AUTOMOTORES E MOTOCICLETAS";G;46;46.6;AM
EED;07.589.288/0006-35;UCB INDUSTRIA DE COMPONENTES ELETRONICOS E INFORMATICA S.A.;08/09/2022;DEMAIS;205-4;46.65-6-00;4430;01/10/2025;"Comércio atacadista de máquinas e equipamentos para uso comercial; partes e peças";"COMÉRCIO; REPARAÇÃO DE VEÍCULOS AUTOMOTORES E MOTOCICLETAS";G;46;46.6;AM
EED;07.589.288/0006-35;UCB INDUSTRIA DE COMPONENTES ELETRONICOS E INFORMATICA S.A.;08/09/2022;DEMAIS;205-4;46.69-9-01;4430;01/10/2025;"Comércio atacadista de máquinas, aparelhos e equipamentos não especificados anteriormente; partes e peças";"COMÉRCIO; REPARAÇÃO DE VEÍCULOS AUTOMOTORES E MOTOCICLETAS";G;46;46.6;AM
EED;07.589.288/0006-35;UCB INDUSTRIA DE COMPONENTES ELETRONICOS E INFORMATICA S.A.;08/09/2022;DEMAIS;205-4;46.69-9-99;4430;01/10/2025;"Comércio atacadista de máquinas, aparelhos e equipamentos não especificados anteriormente; partes e peças";"COMÉRCIO; REPARAÇÃO DE VEÍCULOS AUTOMOTORES E MOTOCICLETAS";G;46;46.6;AM
EED;07.589.288/0006-35;UCB INDUSTRIA DE COMPONENTES ELETRONICOS E INFORMATICA S.A.;08/09/2022;DEMAIS;205-4;47.52-1-00;4430;01/10/2025;Comércio varejista especializado de equipamentos de telefonia e comunicação;"COMÉRCIO; REPARAÇÃO DE VEÍCULOS AUTOMOTORES E MOTOCICLETAS";G;47;47.5;AM
EED;07.589.288/0006-35;UCB INDUSTRIA DE COMPONENTES ELETRONICOS E INFORMATICA S.A.;08/09/2022;DEMAIS;205-4;47.53-9-00;4430;01/10/2025;Comércio varejista especializado de eletrodomésticos e equipamentos de áudio e vídeo;"COMÉRCIO; REPARAÇÃO DE VEÍCULOS AUTOMOTORES E MOTOCICLETAS";G;47;47.5;AM
EED;07.589.288/0006-35;UCB INDUSTRIA DE COMPONENTES ELETRONICOS E INFORMATICA S.A.;08/09/2022;DEMAIS;205-4;47.57-1-00;4430;01/10/2025;Comércio varejista especializado de peças e acessórios para aparelhos eletroeletrônicos para uso doméstico, exceto informática e comunicação;"COMÉRCIO; REPARAÇÃO DE VEÍCULOS AUTOMOTORES E MOTOCICLETAS";G;47;47.5;AM
EED;07.589.288/0006-35;UCB INDUSTRIA DE COMPONENTES ELETRONICOS E INFORMATICA S.A.;08/09/2022;DEMAIS;205-4;62.03-1-00;4430;01/10/2025;Desenvolvimento e licenciamento de programas de computador não-customizáveis;INFORMAÇÃO E COMUNICAÇÃO;J;62;62.0;AM
EED;07.589.288/0006-35;UCB INDUSTRIA DE COMPONENTES ELETRONICOS E INFORMATICA S.A.;08/09/2022;DEMAIS;205-4;71.12-0-00;4430;01/10/2025;Serviços de engenharia;ATIVIDADES PROFISSIONAIS, CIENTÍFICAS E TÉCNICAS;M;71;71.1;AM
EED;07.589.288/0006-35;UCB INDUSTRIA DE COMPONENTES ELETRONICOS E INFORMATICA S.A.;08/09/2022;DEMAIS;205-4;71.20-1-00;4430;01/10/2025;Testes e análises técnicas;ATIVIDADES PROFISSIONAIS, CIENTÍFICAS E TÉCNICAS;M;71;71.2;AM
EED;07.589.288/0006-35;UCB INDUSTRIA DE COMPONENTES ELETRONICOS E INFORMATICA S.A.;08/09/2022;DEMAIS;205-4;77.39-0-99;4430;01/10/2025;Aluguel de máquinas e equipamentos não especificados anteriormente;ATIVIDADES ADMINISTRATIVAS E SERVIÇOS COMPLEMENTARES;N;77;77.3;AM
EED;07.589.288/0006-35;UCB INDUSTRIA DE COMPONENTES ELETRONICOS E INFORMATICA S.A.;08/09/2022;DEMAIS;205-4;82.11-3-00;4430;01/10/2025;Serviços combinados de escritório e apoio administrativo;ATIVIDADES ADMINISTRATIVAS E SERVIÇOS COMPLEMENTARES;N;82;82.1;AM
EED;07.589.288/0006-35;UCB INDUSTRIA DE COMPONENTES ELETRONICOS E INFORMATICA S.A.;08/09/2022;DEMAIS;205-4;95.11-8-00;4430;01/10/2025;Reparação e manutenção de computadores e de equipamentos periféricos;OUTRAS ATIVIDADES DE SERVIÇOS;S;95;95.1;AM
EED;14.333.576/0001-85;WKR PRIME REPRESENTACAO COMERCIAL LTDA;05/09/2011;DEMAIS;206-2;32.92-2-02;4430;01/10/2025;Fabricação de equipamentos e acessórios para segurança e proteção pessoal e profissional;INDÚSTRIAS DE TRANSFORMAÇÃO;C;32;32.9;SP
EED;14.333.576/0001-85;WKR PRIME REPRESENTACAO COMERCIAL LTDA;05/09/2011;DEMAIS;206-2;13.23-5-00;4430;01/10/2025;Tecelagem de fios de fibras artificiais e sintéticas;INDÚSTRIAS DE TRANSFORMAÇÃO;C;13;13.2;SP
EED;14.333.576/0001-85;WKR PRIME REPRESENTACAO COMERCIAL LTDA;05/09/2011;DEMAIS;206-2;14.12-6-01;4430;01/10/2025;Confecção de peças do vestuário, exceto roupas íntimas;INDÚSTRIAS DE TRANSFORMAÇÃO;C;14;14.1;SP
EED;14.333.576/0001-85;WKR PRIME REPRESENTACAO COMERCIAL LTDA;05/09/2011;DEMAIS;206-2;14.13-4-02;4430;01/10/2025;Confecção de roupas profissionais;INDÚSTRIAS DE TRANSFORMAÇÃO;C;14;14.1;SP
EED;14.333.576/0001-85;WKR PRIME REPRESENTACAO COMERCIAL LTDA;05/09/2011;DEMAIS;206-2;20.40-1-00;4430;01/10/2025;Fabricação de fibras artificiais e sintéticas;INDÚSTRIAS DE TRANSFORMAÇÃO;C;20;20.4;SP
EED;14.333.576/0001-85;WKR PRIME REPRESENTACAO COMERCIAL LTDA;05/09/2011;DEMAIS;206-2;45.20-0-07;4430;01/10/2025;Manutenção e reparação de veículos automotores;"COMÉRCIO; REPARAÇÃO DE VEÍCULOS AUTOMOTORES E MOTOCICLETAS";G;45;45.2;SP
EED;14.333.576/0001-85;WKR PRIME REPRESENTACAO COMERCIAL LTDA;05/09/2011;DEMAIS;206-2;46.15-0-00;4430;01/10/2025;Representantes comerciais e agentes do comércio de eletrodomésticos, móveis e artigos de uso doméstico;"COMÉRCIO; REPARAÇÃO DE VEÍCULOS AUTOMOTORES E MOTOCICLETAS";G;46;46.1;SP
EED;14.333.576/0001-85;WKR PRIME REPRESENTACAO COMERCIAL LTDA;05/09/2011;DEMAIS;206-2;46.16-8-00;4430;01/10/2025;Representantes comerciais e agentes do comércio de têxteis, vestuário, calçados e artigos de viagem;"COMÉRCIO; REPARAÇÃO DE VEÍCULOS AUTOMOTORES E MOTOCICLETAS";G;46;46.1;SP
EED;14.333.576/0001-85;WKR PRIME REPRESENTACAO COMERCIAL LTDA;05/09/2011;DEMAIS;206-2;46.42-7-02;4430;01/10/2025;Comércio atacadista de artigos do vestuário e acessórios;"COMÉRCIO; REPARAÇÃO DE VEÍCULOS AUTOMOTORES E MOTOCICLETAS";G;46;46.4;SP
EED;14.333.576/0001-85;WKR PRIME REPRESENTACAO COMERCIAL LTDA;05/09/2011;DEMAIS;206-2;47.59-8-99;4430;01/10/2025;Comércio varejista de artigos de uso doméstico não especificados anteriormente;"COMÉRCIO; REPARAÇÃO DE VEÍCULOS AUTOMOTORES E MOTOCICLETAS";G;47;47.5;SP
EED;14.333.576/0001-85;WKR PRIME REPRESENTACAO COMERCIAL LTDA;05/09/2011;DEMAIS;206-2;71.20-1-00;4430;01/10/2025;Testes e análises técnicas;ATIVIDADES PROFISSIONAIS, CIENTÍFICAS E TÉCNICAS;M;71;71.2;SP
EED;14.333.576/0001-85;WKR PRIME REPRESENTACAO COMERCIAL LTDA;05/09/2011;DEMAIS;206-2;74.90-1-99;4430;01/10/2025;Atividades profissionais, científicas e técnicas não especificadas anteriormente;ATIVIDADES PROFISSIONAIS, CIENTÍFICAS E TÉCNICAS;M;74;74.9;SP
EED;12.003.231/0001-38;4SECURITY TECNOLOGIA DA INFORMACAO LTDA;25/01/2010;EPP;206-2;62.01-5-01;5335;03/12/2025;Desenvolvimento de programas de computador sob encomenda;INFORMAÇÃO E COMUNICAÇÃO;J;62;62.0;PR
EED;12.003.231/0001-38;4SECURITY TECNOLOGIA DA INFORMACAO LTDA;25/01/2010;EPP;206-2;62.02-3-00;5335;03/12/2025;Desenvolvimento e licenciamento de programas de computador customizáveis;INFORMAÇÃO E COMUNICAÇÃO;J;62;62.0;PR
EED;12.003.231/0001-38;4SECURITY TECNOLOGIA DA INFORMACAO LTDA;25/01/2010;EPP;206-2;62.03-1-00;5335;03/12/2025;Desenvolvimento e licenciamento de programas de computador não-customizáveis;INFORMAÇÃO E COMUNICAÇÃO;J;62;62.0;PR
EED;12.003.231/0001-38;4SECURITY TECNOLOGIA DA INFORMACAO LTDA;25/01/2010;EPP;206-2;62.04-0-00;5335;03/12/2025;Consultoria em tecnologia da informação;INFORMAÇÃO E COMUNICAÇÃO;J;62;62.0;PR
EED;12.003.231/0001-38;4SECURITY TECNOLOGIA DA INFORMACAO LTDA;25/01/2010;EPP;206-2;62.09-1-00;5335;03/12/2025;Suporte técnico, manutenção e outros serviços em tecnologia da informação;INFORMAÇÃO E COMUNICAÇÃO;J;62;62.0;PR
EED;12.003.231/0001-38;4SECURITY TECNOLOGIA DA INFORMACAO LTDA;25/01/2010;EPP;206-2;85.99-6-03;5335;03/12/2025;Atividades de ensino não especificadas anteriormente;EDUCAÇÃO;P;85;85.9;PR
EED;07.019.133/0001-59;ALIX TECNOLOGIA CORPORATIVA LTDA;05/10/2004;EPP;206-2;62.09-1-00;5335;03/12/2025;Suporte técnico, manutenção e outros serviços em tecnologia da informação;INFORMAÇÃO E COMUNICAÇÃO;J;62;62.0;SC
EED;07.019.133/0001-59;ALIX TECNOLOGIA CORPORATIVA LTDA;05/10/2004;EPP;206-2;46.19-2-00;5335;03/12/2025;Representantes comerciais e agentes do comércio de mercadorias em geral não especializado;"COMÉRCIO; REPARAÇÃO DE VEÍCULOS AUTOMOTORES E MOTOCICLETAS";G;46;46.1;SC
EED;07.019.133/0001-59;ALIX TECNOLOGIA CORPORATIVA LTDA;05/10/2004;EPP;206-2;47.51-2-01;5335;03/12/2025;Comércio varejista especializado de equipamentos e suprimentos de informática;"COMÉRCIO; REPARAÇÃO DE VEÍCULOS AUTOMOTORES E MOTOCICLETAS";G;47;47.5;SC
EED;07.019.133/0001-59;ALIX TECNOLOGIA CORPORATIVA LTDA;05/10/2004;EPP;206-2;62.01-5-01;5335;03/12/2025;Desenvolvimento de programas de computador sob encomenda;INFORMAÇÃO E COMUNICAÇÃO;J;62;62.0;SC
EED;07.019.133/0001-59;ALIX TECNOLOGIA CORPORATIVA LTDA;05/10/2004;EPP;206-2;62.02-3-00;5335;03/12/2025;Desenvolvimento e licenciamento de programas de computador customizáveis;INFORMAÇÃO E COMUNICAÇÃO;J;62;62.0;SC
EED;07.019.133/0001-59;ALIX TECNOLOGIA CORPORATIVA LTDA;05/10/2004;EPP;206-2;62.03-1-00;5335;03/12/2025;Desenvolvimento e licenciamento de programas de computador não-customizáveis;INFORMAÇÃO E COMUNICAÇÃO;J;62;62.0;SC
EED;07.019.133/0001-59;ALIX TECNOLOGIA CORPORATIVA LTDA;05/10/2004;EPP;206-2;62.04-0-00;5335;03/12/2025;Consultoria em tecnologia da informação;INFORMAÇÃO E COMUNICAÇÃO;J;62;62.0;SC
EED;07.019.133/0001-59;ALIX TECNOLOGIA CORPORATIVA LTDA;05/10/2004;EPP;206-2;63.19-4-00;5335;03/12/2025;Portais, provedores de conteúdo e outros serviços de informação na internet;INFORMAÇÃO E COMUNICAÇÃO;J;63;63.1;SC
EED;07.019.133/0001-59;ALIX TECNOLOGIA CORPORATIVA LTDA;05/10/2004;EPP;206-2;68.10-2-01;5335;03/12/2025;Atividades imobiliárias de imóveis próprios;ATIVIDADES IMOBILIÁRIAS;L;68;68.1;SC
EED;07.019.133/0001-59;ALIX TECNOLOGIA CORPORATIVA LTDA;05/10/2004;EPP;206-2;68.10-2-02;5335;03/12/2025;Atividades imobiliárias de imóveis próprios;ATIVIDADES IMOBILIÁRIAS;L;68;68.1;SC
EED;07.019.133/0001-59;ALIX TECNOLOGIA CORPORATIVA LTDA;05/10/2004;EPP;206-2;85.99-6-03;5335;03/12/2025;Atividades de ensino não especificadas anteriormente;EDUCAÇÃO;P;85;85.9;SC
EED;05.073.228/0001-25;BERTOLINI CONSTRUCAO NAVAL DA AMAZONIA LTDA;04/03/2002;DEMAIS;206-2;30.11-3-01;5335;03/12/2025;Construção de embarcações e estruturas flutuantes;INDÚSTRIAS DE TRANSFORMAÇÃO;C;30;30.1;AM
EED;05.073.228/0001-25;BERTOLINI CONSTRUCAO NAVAL DA AMAZONIA LTDA;04/03/2002;DEMAIS;206-2;30.11-3-02;5335;03/12/2025;Construção de embarcações e estruturas flutuantes;INDÚSTRIAS DE TRANSFORMAÇÃO;C;30;30.1;AM
EED;05.073.228/0001-25;BERTOLINI CONSTRUCAO NAVAL DA AMAZONIA LTDA;04/03/2002;DEMAIS;206-2;33.17-1-01;5335;03/12/2025;Manutenção e reparação de embarcações;INDÚSTRIAS DE TRANSFORMAÇÃO;C;33;33.1;AM
EED;05.073.228/0001-25;BERTOLINI CONSTRUCAO NAVAL DA AMAZONIA LTDA;04/03/2002;DEMAIS;206-2;38.31-9-99;5335;03/12/2025;Recuperação de materiais metálicos;ÁGUA, ESGOTO, ATIVIDADES DE GESTÃO DE RESÍDUOS E DESCONTAMINAÇÃO;E;38;38.3;AM
EED;05.073.228/0001-25;BERTOLINI CONSTRUCAO NAVAL DA AMAZONIA LTDA;04/03/2002;DEMAIS;206-2;25.11-0-00;5335;03/12/2025;Fabricação de estruturas metálicas;INDÚSTRIAS DE TRANSFORMAÇÃO;C;25;25.1;AM
EED;05.073.228/0001-25;BERTOLINI CONSTRUCAO NAVAL DA AMAZONIA LTDA;04/03/2002;DEMAIS;206-2;29.30-1-01;5335;03/12/2025;Fabricação de cabines, carrocerias e reboques para veículos automotores;INDÚSTRIAS DE TRANSFORMAÇÃO;C;29;29.3;AM
EED;05.073.228/0001-25;BERTOLINI CONSTRUCAO NAVAL DA AMAZONIA LTDA;04/03/2002;DEMAIS;206-2;29.30-1-03;5335;03/12/2025;Fabricação de cabines, carrocerias e reboques para veículos automotores;INDÚSTRIAS DE TRANSFORMAÇÃO;C;29;29.3;AM
EED;05.073.228/0001-25;BERTOLINI CONSTRUCAO NAVAL DA AMAZONIA LTDA;04/03/2002;DEMAIS;206-2;64.62-0-00;5335;03/12/2025;Holdings de instituições não-financeiras;ATIVIDADES FINANCEIRAS, DE SEGUROS E SERVIÇOS RELACIONADOS;K;64;64.6;AM
EED;56.007.406/0001-50;BLACK DRAGON ARMORY LTDA;19/07/2024;ME;206-2;32.92-2-02;5335;03/12/2025;Fabricação de equipamentos e acessórios para segurança e proteção pessoal e profissional;INDÚSTRIAS DE TRANSFORMAÇÃO;C;32;32.9;RS
EED;56.007.406/0001-50;BLACK DRAGON ARMORY LTDA;19/07/2024;ME;206-2;33.11-2-00;5335;03/12/2025;Manutenção e reparação de tanques, reservatórios metálicos e caldeiras, exceto para veículos;INDÚSTRIAS DE TRANSFORMAÇÃO;C;33;33.1;RS
EED;56.007.406/0001-50;BLACK DRAGON ARMORY LTDA;19/07/2024;ME;206-2;33.19-8-00;5335;03/12/2025;Manutenção e reparação de equipamentos e produtos não especificados anteriormente;INDÚSTRIAS DE TRANSFORMAÇÃO;C;33;33.1;RS
EED;56.007.406/0001-50;BLACK DRAGON ARMORY LTDA;19/07/2024;ME;206-2;47.63-6-02;5335;03/12/2025;Comércio varejista de artigos recreativos e esportivos;"COMÉRCIO; REPARAÇÃO DE VEÍCULOS AUTOMOTORES E MOTOCICLETAS";G;47;47.6;RS
EED;56.007.406/0001-50;BLACK DRAGON ARMORY LTDA;19/07/2024;ME;206-2;71.12-0-00;5335;03/12/2025;Serviços de engenharia;ATIVIDADES PROFISSIONAIS, CIENTÍFICAS E TÉCNICAS;M;71;71.1;RS
EED;56.007.406/0001-50;BLACK DRAGON ARMORY LTDA;19/07/2024;ME;206-2;71.20-1-00;5335;03/12/2025;Testes e análises técnicas;ATIVIDADES PROFISSIONAIS, CIENTÍFICAS E TÉCNICAS;M;71;71.2;RS
EED;56.007.406/0001-50;BLACK DRAGON ARMORY LTDA;19/07/2024;ME;206-2;74.90-1-99;5335;03/12/2025;Atividades profissionais, científicas e técnicas não especificadas anteriormente;ATIVIDADES PROFISSIONAIS, CIENTÍFICAS E TÉCNICAS;M;74;74.9;RS
EED;21.375.023/0002-31;BOARDTEC DO BRASIL LTDA;16/12/2019;DEMAIS;206-2;26.10-8-00;5335;03/12/2025;Fabricação de componentes eletrônicos;INDÚSTRIAS DE TRANSFORMAÇÃO;C;26;26.1;AM
EED;21.375.023/0002-31;BOARDTEC DO BRASIL LTDA;16/12/2019;DEMAIS;206-2;26.21-3-00;5335;03/12/2025;Fabricação de equipamentos de informática;INDÚSTRIAS DE TRANSFORMAÇÃO;C;26;26.2;AM
EED;21.375.023/0002-31;BOARDTEC DO BRASIL LTDA;16/12/2019;DEMAIS;206-2;26.22-1-00;5335;03/12/2025;Fabricação de periféricos para equipamentos de informática;INDÚSTRIAS DE TRANSFORMAÇÃO;C;26;26.2;AM
EED;46.433.136/0001-96;DIAZERO TECHNOLOGIES LTDA;17/05/2022;DEMAIS;206-2;62.09-1-00;5335;03/12/2025;Suporte técnico, manutenção e outros serviços em tecnologia da informação;INFORMAÇÃO E COMUNICAÇÃO;J;62;62.0;SP
EED;46.433.136/0001-96;DIAZERO TECHNOLOGIES LTDA;17/05/2022;DEMAIS;206-2;62.01-5-01;5335;03/12/2025;Desenvolvimento de programas de computador sob encomenda;INFORMAÇÃO E COMUNICAÇÃO;J;62;62.0;SP
EED;46.433.136/0001-96;DIAZERO TECHNOLOGIES LTDA;17/05/2022;DEMAIS;206-2;62.02-3-00;5335;03/12/2025;Desenvolvimento e licenciamento de programas de computador customizáveis;INFORMAÇÃO E COMUNICAÇÃO;J;62;62.0;SP
EED;46.433.136/0001-96;DIAZERO TECHNOLOGIES LTDA;17/05/2022;DEMAIS;206-2;62.03-1-00;5335;03/12/2025;Desenvolvimento e licenciamento de programas de computador não-customizáveis;INFORMAÇÃO E COMUNICAÇÃO;J;62;62.0;SP
EED;46.433.136/0001-96;DIAZERO TECHNOLOGIES LTDA;17/05/2022;DEMAIS;206-2;62.04-0-00;5335;03/12/2025;Consultoria em tecnologia da informação;INFORMAÇÃO E COMUNICAÇÃO;J;62;62.0;SP
EED;46.433.136/0001-96;DIAZERO TECHNOLOGIES LTDA;17/05/2022;DEMAIS;206-2;63.11-9-00;5335;03/12/2025;Tratamento de dados, provedores de serviços de aplicação e serviços de hospedagem na internet;INFORMAÇÃO E COMUNICAÇÃO;J;63;63.1;SP
EED;15.304.440/0001-00;E SAFER CYBERSECURITY SOLUCOES E SERVICOS EM SEGURANCA DA INFORMACAO LTDA;05/03/2012;DEMAIS;206-2;62.01-5-01;5335;03/12/2025;Desenvolvimento de programas de computador sob encomenda;INFORMAÇÃO E COMUNICAÇÃO;J;62;62.0;SP
EED;15.304.440/0001-00;E SAFER CYBERSECURITY SOLUCOES E SERVICOS EM SEGURANCA DA INFORMACAO LTDA;05/03/2012;DEMAIS;206-2;62.02-3-00;5335;03/12/2025;Desenvolvimento e licenciamento de programas de computador customizáveis;INFORMAÇÃO E COMUNICAÇÃO;J;62;62.0;SP
EED;15.304.440/0001-00;E SAFER CYBERSECURITY SOLUCOES E SERVICOS EM SEGURANCA DA INFORMACAO LTDA;05/03/2012;DEMAIS;206-2;62.03-1-00;5335;03/12/2025;Desenvolvimento e licenciamento de programas de computador não-customizáveis;INFORMAÇÃO E COMUNICAÇÃO;J;62;62.0;SP
EED;15.304.440/0001-00;E SAFER CYBERSECURITY SOLUCOES E SERVICOS EM SEGURANCA DA INFORMACAO LTDA;05/03/2012;DEMAIS;206-2;62.04-0-00;5335;03/12/2025;Consultoria em tecnologia da informação;INFORMAÇÃO E COMUNICAÇÃO;J;62;62.0;SP
EED;15.304.440/0001-00;E SAFER CYBERSECURITY SOLUCOES E SERVICOS EM SEGURANCA DA INFORMACAO LTDA;05/03/2012;DEMAIS;206-2;62.09-1-00;5335;03/12/2025;Suporte técnico, manutenção e outros serviços em tecnologia da informação;INFORMAÇÃO E COMUNICAÇÃO;J;62;62.0;SP
EED;15.304.440/0001-00;E SAFER CYBERSECURITY SOLUCOES E SERVICOS EM SEGURANCA DA INFORMACAO LTDA;05/03/2012;DEMAIS;206-2;63.11-9-00;5335;03/12/2025;Tratamento de dados, provedores de serviços de aplicação e serviços de hospedagem na internet;INFORMAÇÃO E COMUNICAÇÃO;J;63;63.1;SP
EED;15.304.440/0001-00;E SAFER CYBERSECURITY SOLUCOES E SERVICOS EM SEGURANCA DA INFORMACAO LTDA;05/03/2012;DEMAIS;206-2;63.99-2-00;5335;03/12/2025;Outras atividades de prestação de serviços de informação não especificadas anteriormente;INFORMAÇÃO E COMUNICAÇÃO;J;63;63.9;SP
EED;15.304.440/0001-00;E SAFER CYBERSECURITY SOLUCOES E SERVICOS EM SEGURANCA DA INFORMACAO LTDA;05/03/2012;DEMAIS;206-2;63.19-4-00;5335;03/12/2025;Portais, provedores de conteúdo e outros serviços de informação na internet;INFORMAÇÃO E COMUNICAÇÃO;J;63;63.1;SP
EED;15.304.440/0001-00;E SAFER CYBERSECURITY SOLUCOES E SERVICOS EM SEGURANCA DA INFORMACAO LTDA;05/03/2012;DEMAIS;206-2;85.99-6-03;5335;03/12/2025;Atividades de ensino não especificadas anteriormente;EDUCAÇÃO;P;85;85.9;SP
EED;15.304.440/0001-00;E SAFER CYBERSECURITY SOLUCOES E SERVICOS EM SEGURANCA DA INFORMACAO LTDA;05/03/2012;DEMAIS;206-2;64.62-0-00;5335;03/12/2025;Holdings de instituições não-financeiras;ATIVIDADES FINANCEIRAS, DE SEGUROS E SERVIÇOS RELACIONADOS;K;64;64.6;SP
EED;15.304.440/0001-00;E SAFER CYBERSECURITY SOLUCOES E SERVICOS EM SEGURANCA DA INFORMACAO LTDA;05/03/2012;DEMAIS;206-2;47.51-2-01;5335;03/12/2025;Comércio varejista especializado de equipamentos e suprimentos de informática;"COMÉRCIO; REPARAÇÃO DE VEÍCULOS AUTOMOTORES E MOTOCICLETAS";G;47;47.5;SP
EED;05.204.780/0001-05;ESTALEIRO BIBI LTDA;07/05/2002;DEMAIS;206-2;30.11-3-01;5335;03/12/2025;Construção de embarcações e estruturas flutuantes;INDÚSTRIAS DE TRANSFORMAÇÃO;C;30;30.1;AM
EED;05.204.780/0001-05;ESTALEIRO BIBI LTDA;07/05/2002;DEMAIS;206-2;24.23-7-02;5335;03/12/2025;Produção de laminados longos de aço;INDÚSTRIAS DE TRANSFORMAÇÃO;C;24;24.2;AM
EED;05.204.780/0001-05;ESTALEIRO BIBI LTDA;07/05/2002;DEMAIS;206-2;24.41-5-02;5335;03/12/2025;Metalurgia do alumínio e suas ligas;INDÚSTRIAS DE TRANSFORMAÇÃO;C;24;24.4;AM
EED;05.204.780/0001-05;ESTALEIRO BIBI LTDA;07/05/2002;DEMAIS;206-2;30.11-3-02;5335;03/12/2025;Construção de embarcações e estruturas flutuantes;INDÚSTRIAS DE TRANSFORMAÇÃO;C;30;30.1;AM
EED;05.204.780/0001-05;ESTALEIRO BIBI LTDA;07/05/2002;DEMAIS;206-2;30.12-1-00;5335;03/12/2025;Construção de embarcações para esporte e lazer;INDÚSTRIAS DE TRANSFORMAÇÃO;C;30;30.1;AM
EED;05.204.780/0001-05;ESTALEIRO BIBI LTDA;07/05/2002;DEMAIS;206-2;33.17-1-01;5335;03/12/2025;Manutenção e reparação de embarcações;INDÚSTRIAS DE TRANSFORMAÇÃO;C;33;33.1;AM
EED;05.204.780/0001-05;ESTALEIRO BIBI LTDA;07/05/2002;DEMAIS;206-2;42.91-0-00;5335;03/12/2025;Obras portuárias, marítimas e fluviais;CONSTRUÇÃO;F;42;42.9;AM
EED;05.204.780/0001-05;ESTALEIRO BIBI LTDA;07/05/2002;DEMAIS;206-2;42.92-8-01;5335;03/12/2025;Montagem de instalações industriais e de estruturas metálicas;CONSTRUÇÃO;F;42;42.9;AM
EED;05.204.780/0001-05;ESTALEIRO BIBI LTDA;07/05/2002;DEMAIS;206-2;42.99-5-99;5335;03/12/2025;Obras de engenharia civil não especificadas anteriormente;CONSTRUÇÃO;F;42;42.9;AM
EED;05.204.780/0001-05;ESTALEIRO BIBI LTDA;07/05/2002;DEMAIS;206-2;46.63-0-00;5335;03/12/2025;"Comércio atacadista de máquinas e equipamentos para uso industrial; partes e peças";"COMÉRCIO; REPARAÇÃO DE VEÍCULOS AUTOMOTORES E MOTOCICLETAS";G;46;46.6;AM
EED;05.204.780/0001-05;ESTALEIRO BIBI LTDA;07/05/2002;DEMAIS;206-2;46.85-1-00;5335;03/12/2025;Comércio atacadista de produtos siderúrgicos e metalúrgicos, exceto para construção;"COMÉRCIO; REPARAÇÃO DE VEÍCULOS AUTOMOTORES E MOTOCICLETAS";G;46;46.8;AM
EED;05.204.780/0001-05;ESTALEIRO BIBI LTDA;07/05/2002;DEMAIS;206-2;47.12-1-00;5335;03/12/2025;Comércio varejista de mercadorias em geral, com predominância de produtos alimentícios - minimercados, mercearias e armazéns;"COMÉRCIO; REPARAÇÃO DE VEÍCULOS AUTOMOTORES E MOTOCICLETAS";G;47;47.1;AM
EED;05.204.780/0001-05;ESTALEIRO BIBI LTDA;07/05/2002;DEMAIS;206-2;47.63-6-05;5335;03/12/2025;Comércio varejista de artigos recreativos e esportivos;"COMÉRCIO; REPARAÇÃO DE VEÍCULOS AUTOMOTORES E MOTOCICLETAS";G;47;47.6;AM
EED;05.204.780/0001-05;ESTALEIRO BIBI LTDA;07/05/2002;DEMAIS;206-2;49.30-2-01;5335;03/12/2025;Transporte rodoviário de carga;TRANSPORTE, ARMAZENAGEM E CORREIO;H;49;49.3;AM
EED;05.204.780/0001-05;ESTALEIRO BIBI LTDA;07/05/2002;DEMAIS;206-2;49.30-2-02;5335;03/12/2025;Transporte rodoviário de carga;TRANSPORTE, ARMAZENAGEM E CORREIO;H;49;49.3;AM
EED;05.204.780/0001-05;ESTALEIRO BIBI LTDA;07/05/2002;DEMAIS;206-2;49.30-2-04;5335;03/12/2025;Transporte rodoviário de carga;TRANSPORTE, ARMAZENAGEM E CORREIO;H;49;49.3;AM
EED;05.204.780/0001-05;ESTALEIRO BIBI LTDA;07/05/2002;DEMAIS;206-2;50.21-1-02;5335;03/12/2025;Transporte por navegação interior de carga;TRANSPORTE, ARMAZENAGEM E CORREIO;H;50;50.2;AM
EED;05.204.780/0001-05;ESTALEIRO BIBI LTDA;07/05/2002;DEMAIS;206-2;50.22-0-02;5335;03/12/2025;Transporte por navegação interior de passageiros em linhas regulares;TRANSPORTE, ARMAZENAGEM E CORREIO;H;50;50.2;AM
EED;05.204.780/0001-05;ESTALEIRO BIBI LTDA;07/05/2002;DEMAIS;206-2;50.30-1-01;5335;03/12/2025;Navegação de apoio;TRANSPORTE, ARMAZENAGEM E CORREIO;H;50;50.3;AM
EED;05.204.780/0001-05;ESTALEIRO BIBI LTDA;07/05/2002;DEMAIS;206-2;50.91-2-01;5335;03/12/2025;Transporte por navegação de travessia;TRANSPORTE, ARMAZENAGEM E CORREIO;H;50;50.9;AM
EED;05.204.780/0001-05;ESTALEIRO BIBI LTDA;07/05/2002;DEMAIS;206-2;50.91-2-02;5335;03/12/2025;Transporte por navegação de travessia;TRANSPORTE, ARMAZENAGEM E CORREIO;H;50;50.9;AM
EED;05.204.780/0001-05;ESTALEIRO BIBI LTDA;07/05/2002;DEMAIS;206-2;77.19-5-01;5335;03/12/2025;Locação de meios de transporte, exceto automóveis, sem condutor;ATIVIDADES ADMINISTRATIVAS E SERVIÇOS COMPLEMENTARES;N;77;77.1;AM
EED;01.409.315/0002-30;ETAGE INDUSTRIA E COMERCIO LTDA;20/08/2008;DEMAIS;206-2;28.40-2-00;5335;03/12/2025;Fabricação de máquinas-ferramenta;INDÚSTRIAS DE TRANSFORMAÇÃO;C;28;28.4;SP
EED;01.409.315/0002-30;ETAGE INDUSTRIA E COMERCIO LTDA;20/08/2008;DEMAIS;206-2;25.39-0-01;5335;03/12/2025;Serviços de usinagem, solda, tratamento e revestimento em metais;INDÚSTRIAS DE TRANSFORMAÇÃO;C;25;25.3;SP
EED;01.409.315/0002-30;ETAGE INDUSTRIA E COMERCIO LTDA;20/08/2008;DEMAIS;206-2;27.90-2-99;5335;03/12/2025;Fabricação de equipamentos e aparelhos elétricos não especificados anteriormente;INDÚSTRIAS DE TRANSFORMAÇÃO;C;27;27.9;SP
EED;01.409.315/0002-30;ETAGE INDUSTRIA E COMERCIO LTDA;20/08/2008;DEMAIS;206-2;33.19-8-00;5335;03/12/2025;Manutenção e reparação de equipamentos e produtos não especificados anteriormente;INDÚSTRIAS DE TRANSFORMAÇÃO;C;33;33.1;SP
EED;24.077.442/0001-02;HORUSEYE TECH ENGENHARIA DE SISTEMAS LTDA;27/01/2016;ME;206-2;71.12-0-00;5335;03/12/2025;Serviços de engenharia;ATIVIDADES PROFISSIONAIS, CIENTÍFICAS E TÉCNICAS;M;71;71.1;SP
EED;24.077.442/0001-02;HORUSEYE TECH ENGENHARIA DE SISTEMAS LTDA;27/01/2016;ME;206-2;62.09-1-00;5335;03/12/2025;Suporte técnico, manutenção e outros serviços em tecnologia da informação;INFORMAÇÃO E COMUNICAÇÃO;J;62;62.0;SP
EED;24.077.442/0001-02;HORUSEYE TECH ENGENHARIA DE SISTEMAS LTDA;27/01/2016;ME;206-2;72.10-0-00;5335;03/12/2025;Pesquisa e desenvolvimento experimental em ciências físicas e naturais;ATIVIDADES PROFISSIONAIS, CIENTÍFICAS E TÉCNICAS;M;72;72.1;SP
EED;67.393.181/0001-34;IMAGEM GEOSISTEMAS E COMERCIO LTDA;17/12/1991;DEMAIS;206-2;47.51-2-01;5335;03/12/2025;Comércio varejista especializado de equipamentos e suprimentos de informática;"COMÉRCIO; REPARAÇÃO DE VEÍCULOS AUTOMOTORES E MOTOCICLETAS";G;47;47.5;SP
EED;67.393.181/0001-34;IMAGEM GEOSISTEMAS E COMERCIO LTDA;17/12/1991;DEMAIS;206-2;62.01-5-01;5335;03/12/2025;Desenvolvimento de programas de computador sob encomenda;INFORMAÇÃO E COMUNICAÇÃO;J;62;62.0;SP
EED;67.393.181/0001-34;IMAGEM GEOSISTEMAS E COMERCIO LTDA;17/12/1991;DEMAIS;206-2;62.02-3-00;5335;03/12/2025;Desenvolvimento e licenciamento de programas de computador customizáveis;INFORMAÇÃO E COMUNICAÇÃO;J;62;62.0;SP
EED;67.393.181/0001-34;IMAGEM GEOSISTEMAS E COMERCIO LTDA;17/12/1991;DEMAIS;206-2;62.03-1-00;5335;03/12/2025;Desenvolvimento e licenciamento de programas de computador não-customizáveis;INFORMAÇÃO E COMUNICAÇÃO;J;62;62.0;SP
EED;67.393.181/0001-34;IMAGEM GEOSISTEMAS E COMERCIO LTDA;17/12/1991;DEMAIS;206-2;62.04-0-00;5335;03/12/2025;Consultoria em tecnologia da informação;INFORMAÇÃO E COMUNICAÇÃO;J;62;62.0;SP
EED;67.393.181/0001-34;IMAGEM GEOSISTEMAS E COMERCIO LTDA;17/12/1991;DEMAIS;206-2;62.09-1-00;5335;03/12/2025;Suporte técnico, manutenção e outros serviços em tecnologia da informação;INFORMAÇÃO E COMUNICAÇÃO;J;62;62.0;SP
EED;67.393.181/0001-34;IMAGEM GEOSISTEMAS E COMERCIO LTDA;17/12/1991;DEMAIS;206-2;71.12-0-00;5335;03/12/2025;Serviços de engenharia;ATIVIDADES PROFISSIONAIS, CIENTÍFICAS E TÉCNICAS;M;71;71.1;SP
EED;67.393.181/0001-34;IMAGEM GEOSISTEMAS E COMERCIO LTDA;17/12/1991;DEMAIS;206-2;71.19-7-01;5335;03/12/2025;Atividades técnicas relacionadas à arquitetura e engenharia;ATIVIDADES PROFISSIONAIS, CIENTÍFICAS E TÉCNICAS;M;71;71.1;SP
EED;67.393.181/0001-34;IMAGEM GEOSISTEMAS E COMERCIO LTDA;17/12/1991;DEMAIS;206-2;82.11-3-00;5335;03/12/2025;Serviços combinados de escritório e apoio administrativo;ATIVIDADES ADMINISTRATIVAS E SERVIÇOS COMPLEMENTARES;N;82;82.1;SP
EED;67.393.181/0001-34;IMAGEM GEOSISTEMAS E COMERCIO LTDA;17/12/1991;DEMAIS;206-2;85.99-6-04;5335;03/12/2025;Atividades de ensino não especificadas anteriormente;EDUCAÇÃO;P;85;85.9;SP
EED;01.707.536/0001-04;ISH TECNOLOGIA S/A;23/02/1997;DEMAIS;205-4;62.09-1-00;5335;03/12/2025;Suporte técnico, manutenção e outros serviços em tecnologia da informação;INFORMAÇÃO E COMUNICAÇÃO;J;62;62.0;ES
EED;01.707.536/0001-04;ISH TECNOLOGIA S/A;23/02/1997;DEMAIS;205-4;47.51-2-01;5335;03/12/2025;Comércio varejista especializado de equipamentos e suprimentos de informática;"COMÉRCIO; REPARAÇÃO DE VEÍCULOS AUTOMOTORES E MOTOCICLETAS";G;47;47.5;ES
EED;01.707.536/0001-04;ISH TECNOLOGIA S/A;23/02/1997;DEMAIS;205-4;62.01-5-01;5335;03/12/2025;Desenvolvimento de programas de computador sob encomenda;INFORMAÇÃO E COMUNICAÇÃO;J;62;62.0;ES
EED;01.707.536/0001-04;ISH TECNOLOGIA S/A;23/02/1997;DEMAIS;205-4;62.02-3-00;5335;03/12/2025;Desenvolvimento e licenciamento de programas de computador customizáveis;INFORMAÇÃO E COMUNICAÇÃO;J;62;62.0;ES
EED;01.707.536/0001-04;ISH TECNOLOGIA S/A;23/02/1997;DEMAIS;205-4;62.04-0-00;5335;03/12/2025;Consultoria em tecnologia da informação;INFORMAÇÃO E COMUNICAÇÃO;J;62;62.0;ES
EED;01.707.536/0001-04;ISH TECNOLOGIA S/A;23/02/1997;DEMAIS;205-4;63.99-2-00;5335;03/12/2025;Outras atividades de prestação de serviços de informação não especificadas anteriormente;INFORMAÇÃO E COMUNICAÇÃO;J;63;63.9;ES
EED;01.707.536/0001-04;ISH TECNOLOGIA S/A;23/02/1997;DEMAIS;205-4;74.90-1-04;5335;03/12/2025;Atividades profissionais, científicas e técnicas não especificadas anteriormente;ATIVIDADES PROFISSIONAIS, CIENTÍFICAS E TÉCNICAS;M;74;74.9;ES
EED;01.707.536/0001-04;ISH TECNOLOGIA S/A;23/02/1997;DEMAIS;205-4;77.33-1-00;5335;03/12/2025;Aluguel de máquinas e equipamentos para escritório;ATIVIDADES ADMINISTRATIVAS E SERVIÇOS COMPLEMENTARES;N;77;77.3;ES
EED;01.707.536/0001-04;ISH TECNOLOGIA S/A;23/02/1997;DEMAIS;205-4;78.20-5-00;5335;03/12/2025;Locação de mão-de-obra temporária;ATIVIDADES ADMINISTRATIVAS E SERVIÇOS COMPLEMENTARES;N;78;78.2;ES
EED;01.707.536/0001-04;ISH TECNOLOGIA S/A;23/02/1997;DEMAIS;205-4;78.30-2-00;5335;03/12/2025;Fornecimento e gestão de recursos humanos para terceiros;ATIVIDADES ADMINISTRATIVAS E SERVIÇOS COMPLEMENTARES;N;78;78.3;ES
EED;01.707.536/0001-04;ISH TECNOLOGIA S/A;23/02/1997;DEMAIS;205-4;82.11-3-00;5335;03/12/2025;Serviços combinados de escritório e apoio administrativo;ATIVIDADES ADMINISTRATIVAS E SERVIÇOS COMPLEMENTARES;N;82;82.1;ES
EED;01.707.536/0001-04;ISH TECNOLOGIA S/A;23/02/1997;DEMAIS;205-4;82.20-2-00;5335;03/12/2025;Atividades de teleatendimento;ATIVIDADES ADMINISTRATIVAS E SERVIÇOS COMPLEMENTARES;N;82;82.2;ES
EED;01.707.536/0001-04;ISH TECNOLOGIA S/A;23/02/1997;DEMAIS;205-4;95.11-8-00;5335;03/12/2025;Reparação e manutenção de computadores e de equipamentos periféricos;OUTRAS ATIVIDADES DE SERVIÇOS;S;95;95.1;ES
EED;61.032.892/0001-05;LUNUS COMERCIO E REPRESENTACAO LTDA;25/07/1989;EPP;206-2;46.19-2-00;5335;03/12/2025;Representantes comerciais e agentes do comércio de mercadorias em geral não especializado;"COMÉRCIO; REPARAÇÃO DE VEÍCULOS AUTOMOTORES E MOTOCICLETAS";G;46;46.1;SP
EED;61.032.892/0001-05;LUNUS COMERCIO E REPRESENTACAO LTDA;25/07/1989;EPP;206-2;33.12-1-02;5335;03/12/2025;Manutenção e reparação de equipamentos eletrônicos e ópticos;INDÚSTRIAS DE TRANSFORMAÇÃO;C;33;33.1;SP
EED;61.032.892/0001-05;LUNUS COMERCIO E REPRESENTACAO LTDA;25/07/1989;EPP;206-2;43.21-5-00;5335;03/12/2025;Instalações elétricas;CONSTRUÇÃO;F;43;43.2;SP
EED;61.032.892/0001-05;LUNUS COMERCIO E REPRESENTACAO LTDA;25/07/1989;EPP;206-2;46.14-1-00;5335;03/12/2025;Representantes comerciais e agentes do comércio de máquinas, equipamentos, embarcações e aeronaves;"COMÉRCIO; REPARAÇÃO DE VEÍCULOS AUTOMOTORES E MOTOCICLETAS";G;46;46.1;SP
EED;61.032.892/0001-05;LUNUS COMERCIO E REPRESENTACAO LTDA;25/07/1989;EPP;206-2;47.51-2-01;5335;03/12/2025;Comércio varejista especializado de equipamentos e suprimentos de informática;"COMÉRCIO; REPARAÇÃO DE VEÍCULOS AUTOMOTORES E MOTOCICLETAS";G;47;47.5;SP
EED;61.032.892/0001-05;LUNUS COMERCIO E REPRESENTACAO LTDA;25/07/1989;EPP;206-2;47.57-1-00;5335;03/12/2025;Comércio varejista especializado de peças e acessórios para aparelhos eletroeletrônicos para uso doméstico, exceto informática e comunicação;"COMÉRCIO; REPARAÇÃO DE VEÍCULOS AUTOMOTORES E MOTOCICLETAS";G;47;47.5;SP
EED;61.032.892/0001-05;LUNUS COMERCIO E REPRESENTACAO LTDA;25/07/1989;EPP;206-2;61.30-2-00;5335;03/12/2025;Telecomunicações por satélite;INFORMAÇÃO E COMUNICAÇÃO;J;61;61.3;SP
EED;61.032.892/0001-05;LUNUS COMERCIO E REPRESENTACAO LTDA;25/07/1989;EPP;206-2;70.20-4-00;5335;03/12/2025;Atividades de consultoria em gestão empresarial;ATIVIDADES PROFISSIONAIS, CIENTÍFICAS E TÉCNICAS;M;70;70.2;SP
EED;61.032.892/0001-05;LUNUS COMERCIO E REPRESENTACAO LTDA;25/07/1989;EPP;206-2;71.12-0-00;5335;03/12/2025;Serviços de engenharia;ATIVIDADES PROFISSIONAIS, CIENTÍFICAS E TÉCNICAS;M;71;71.1;SP
EED;61.032.892/0001-05;LUNUS COMERCIO E REPRESENTACAO LTDA;25/07/1989;EPP;206-2;71.19-7-04;5335;03/12/2025;Atividades técnicas relacionadas à arquitetura e engenharia;ATIVIDADES PROFISSIONAIS, CIENTÍFICAS E TÉCNICAS;M;71;71.1;SP
EED;61.032.892/0001-05;LUNUS COMERCIO E REPRESENTACAO LTDA;25/07/1989;EPP;206-2;72.10-0-00;5335;03/12/2025;Pesquisa e desenvolvimento experimental em ciências físicas e naturais;ATIVIDADES PROFISSIONAIS, CIENTÍFICAS E TÉCNICAS;M;72;72.1;SP
EED;61.032.892/0001-05;LUNUS COMERCIO E REPRESENTACAO LTDA;25/07/1989;EPP;206-2;72.20-7-00;5335;03/12/2025;Pesquisa e desenvolvimento experimental em ciências sociais e humanas;ATIVIDADES PROFISSIONAIS, CIENTÍFICAS E TÉCNICAS;M;72;72.2;SP
EED;61.032.892/0001-05;LUNUS COMERCIO E REPRESENTACAO LTDA;25/07/1989;EPP;206-2;74.90-1-99;5335;03/12/2025;Atividades profissionais, científicas e técnicas não especificadas anteriormente;ATIVIDADES PROFISSIONAIS, CIENTÍFICAS E TÉCNICAS;M;74;74.9;SP
EED;61.032.892/0001-05;LUNUS COMERCIO E REPRESENTACAO LTDA;25/07/1989;EPP;206-2;78.10-8-00;5335;03/12/2025;Seleção e agenciamento de mão-de-obra;ATIVIDADES ADMINISTRATIVAS E SERVIÇOS COMPLEMENTARES;N;78;78.1;SP
EED;61.032.892/0001-05;LUNUS COMERCIO E REPRESENTACAO LTDA;25/07/1989;EPP;206-2;86.10-1-02;5335;03/12/2025;Atividades de atendimento hospitalar;SAÚDE HUMANA E SERVIÇOS SOCIAIS;Q;86;86.1;SP
EED;61.032.892/0001-05;LUNUS COMERCIO E REPRESENTACAO LTDA;25/07/1989;EPP;206-2;86.30-5-02;5335;03/12/2025;Atividades de atenção ambulatorial executadas por médicos e odontólogos;SAÚDE HUMANA E SERVIÇOS SOCIAIS;Q;86;86.3;SP
EED;61.032.892/0001-05;LUNUS COMERCIO E REPRESENTACAO LTDA;25/07/1989;EPP;206-2;86.30-5-03;5335;03/12/2025;Atividades de atenção ambulatorial executadas por médicos e odontólogos;SAÚDE HUMANA E SERVIÇOS SOCIAIS;Q;86;86.3;SP
EED;61.032.892/0001-05;LUNUS COMERCIO E REPRESENTACAO LTDA;25/07/1989;EPP;206-2;86.30-5-99;5335;03/12/2025;Atividades de atenção ambulatorial executadas por médicos e odontólogos;SAÚDE HUMANA E SERVIÇOS SOCIAIS;Q;86;86.3;SP
EED;61.032.892/0001-05;LUNUS COMERCIO E REPRESENTACAO LTDA;25/07/1989;EPP;206-2;87.12-3-00;5335;03/12/2025;Atividades de fornecimento de infra-estrutura de apoio e assistência a paciente no domicílio;SAÚDE HUMANA E SERVIÇOS SOCIAIS;Q;87;87.1;SP
EED;08.827.389/0001-55;R. R. INDUSTRIA E COMERCIO DE MALHAS LTDA;03/05/2007;DEMAIS;206-2;14.12-6-01;5335;03/12/2025;Confecção de peças do vestuário, exceto roupas íntimas;INDÚSTRIAS DE TRANSFORMAÇÃO;C;14;14.1;SC
EED;08.827.389/0001-55;R. R. INDUSTRIA E COMERCIO DE MALHAS LTDA;03/05/2007;DEMAIS;206-2;46.41-9-02;5335;03/12/2025;Comércio atacadista de tecidos, artefatos de tecidos e de armarinho;"COMÉRCIO; REPARAÇÃO DE VEÍCULOS AUTOMOTORES E MOTOCICLETAS";G;46;46.4;SC
EED;08.827.389/0001-55;R. R. INDUSTRIA E COMERCIO DE MALHAS LTDA;03/05/2007;DEMAIS;206-2;46.47-8-01;5335;03/12/2025;"Comércio atacadista de artigos de escritório e de papelaria; livros, jornais e outras publicações";"COMÉRCIO; REPARAÇÃO DE VEÍCULOS AUTOMOTORES E MOTOCICLETAS";G;46;46.4;SC
EED;08.827.389/0001-55;R. R. INDUSTRIA E COMERCIO DE MALHAS LTDA;03/05/2007;DEMAIS;206-2;46.49-4-05;5335;03/12/2025;Comércio atacadista de equipamentos e artigos de uso pessoal e doméstico não especificados anteriormente;"COMÉRCIO; REPARAÇÃO DE VEÍCULOS AUTOMOTORES E MOTOCICLETAS";G;46;46.4;SC
EED;08.827.389/0001-55;R. R. INDUSTRIA E COMERCIO DE MALHAS LTDA;03/05/2007;DEMAIS;206-2;46.42-7-01;5335;03/12/2025;Comércio atacadista de artigos do vestuário e acessórios;"COMÉRCIO; REPARAÇÃO DE VEÍCULOS AUTOMOTORES E MOTOCICLETAS";G;46;46.4;SC
EED;08.827.389/0001-55;R. R. INDUSTRIA E COMERCIO DE MALHAS LTDA;03/05/2007;DEMAIS;206-2;46.43-5-01;5335;03/12/2025;Comércio atacadista de calçados e artigos de viagem;"COMÉRCIO; REPARAÇÃO DE VEÍCULOS AUTOMOTORES E MOTOCICLETAS";G;46;46.4;SC
EED;08.827.389/0001-55;R. R. INDUSTRIA E COMERCIO DE MALHAS LTDA;03/05/2007;DEMAIS;206-2;46.49-4-99;5335;03/12/2025;Comércio atacadista de equipamentos e artigos de uso pessoal e doméstico não especificados anteriormente;"COMÉRCIO; REPARAÇÃO DE VEÍCULOS AUTOMOTORES E MOTOCICLETAS";G;46;46.4;SC
EED;08.827.389/0001-55;R. R. INDUSTRIA E COMERCIO DE MALHAS LTDA;03/05/2007;DEMAIS;206-2;46.42-7-02;5335;03/12/2025;Comércio atacadista de artigos do vestuário e acessórios;"COMÉRCIO; REPARAÇÃO DE VEÍCULOS AUTOMOTORES E MOTOCICLETAS";G;46;46.4;SC
EED;08.827.389/0001-55;R. R. INDUSTRIA E COMERCIO DE MALHAS LTDA;03/05/2007;DEMAIS;206-2;46.41-9-01;5335;03/12/2025;Comércio atacadista de tecidos, artefatos de tecidos e de armarinho;"COMÉRCIO; REPARAÇÃO DE VEÍCULOS AUTOMOTORES E MOTOCICLETAS";G;46;46.4;SC
EED;08.827.389/0001-55;R. R. INDUSTRIA E COMERCIO DE MALHAS LTDA;03/05/2007;DEMAIS;206-2;47.81-4-00;5335;03/12/2025;Comércio varejista de artigos do vestuário e acessórios;"COMÉRCIO; REPARAÇÃO DE VEÍCULOS AUTOMOTORES E MOTOCICLETAS";G;47;47.8;SC
EED;08.827.389/0001-55;R. R. INDUSTRIA E COMERCIO DE MALHAS LTDA;03/05/2007;DEMAIS;206-2;14.11-8-01;5335;03/12/2025;Confecção de roupas íntimas;INDÚSTRIAS DE TRANSFORMAÇÃO;C;14;14.1;SC
EED;08.827.389/0001-55;R. R. INDUSTRIA E COMERCIO DE MALHAS LTDA;03/05/2007;DEMAIS;206-2;13.40-5-01;5335;03/12/2025;Acabamentos em fios, tecidos e artefatos têxteis;INDÚSTRIAS DE TRANSFORMAÇÃO;C;13;13.4;SC
EED;08.827.389/0001-55;R. R. INDUSTRIA E COMERCIO DE MALHAS LTDA;03/05/2007;DEMAIS;206-2;13.30-8-00;5335;03/12/2025;Fabricação de tecidos de malha;INDÚSTRIAS DE TRANSFORMAÇÃO;C;13;13.3;SC
EED;08.827.389/0001-55;R. R. INDUSTRIA E COMERCIO DE MALHAS LTDA;03/05/2007;DEMAIS;206-2;13.40-5-99;5335;03/12/2025;Acabamentos em fios, tecidos e artefatos têxteis;INDÚSTRIAS DE TRANSFORMAÇÃO;C;13;13.4;SC
EED;08.827.389/0001-55;R. R. INDUSTRIA E COMERCIO DE MALHAS LTDA;03/05/2007;DEMAIS;206-2;13.21-9-00;5335;03/12/2025;Tecelagem de fios de algodão;INDÚSTRIAS DE TRANSFORMAÇÃO;C;13;13.2;SC
EED;08.827.389/0001-55;R. R. INDUSTRIA E COMERCIO DE MALHAS LTDA;03/05/2007;DEMAIS;206-2;46.43-5-02;5335;03/12/2025;Comércio atacadista de calçados e artigos de viagem;"COMÉRCIO; REPARAÇÃO DE VEÍCULOS AUTOMOTORES E MOTOCICLETAS";G;46;46.4;SC
EED;41.158.369/0001-04;S4E TECH LTDA;10/03/2021;DEMAIS;206-2;26.51-5-00;5335;03/12/2025;Fabricação de aparelhos e equipamentos de medida, teste e controle;INDÚSTRIAS DE TRANSFORMAÇÃO;C;26;26.5;MG
EED;41.158.369/0001-04;S4E TECH LTDA;10/03/2021;DEMAIS;206-2;26.10-8-00;5335;03/12/2025;Fabricação de componentes eletrônicos;INDÚSTRIAS DE TRANSFORMAÇÃO;C;26;26.1;MG
EED;41.158.369/0001-04;S4E TECH LTDA;10/03/2021;DEMAIS;206-2;26.21-3-00;5335;03/12/2025;Fabricação de equipamentos de informática;INDÚSTRIAS DE TRANSFORMAÇÃO;C;26;26.2;MG
EED;41.158.369/0001-04;S4E TECH LTDA;10/03/2021;DEMAIS;206-2;26.31-1-00;5335;03/12/2025;Fabricação de equipamentos transmissores de comunicação;INDÚSTRIAS DE TRANSFORMAÇÃO;C;26;26.3;MG
EED;41.158.369/0001-04;S4E TECH LTDA;10/03/2021;DEMAIS;206-2;27.90-2-99;5335;03/12/2025;Fabricação de equipamentos e aparelhos elétricos não especificados anteriormente;INDÚSTRIAS DE TRANSFORMAÇÃO;C;27;27.9;MG
EED;41.158.369/0001-04;S4E TECH LTDA;10/03/2021;DEMAIS;206-2;28.54-2-00;5335;03/12/2025;Fabricação de máquinas e equipamentos para terraplenagem, pavimentação e construção, exceto tratores;INDÚSTRIAS DE TRANSFORMAÇÃO;C;28;28.5;MG
EED;41.158.369/0001-04;S4E TECH LTDA;10/03/2021;DEMAIS;206-2;29.49-2-99;5335;03/12/2025;Fabricação de peças e acessórios para veículos automotores não especificados anteriormente;INDÚSTRIAS DE TRANSFORMAÇÃO;C;29;29.4;MG
EED;41.158.369/0001-04;S4E TECH LTDA;10/03/2021;DEMAIS;206-2;33.21-0-00;5335;03/12/2025;Instalação de máquinas e equipamentos industriais;INDÚSTRIAS DE TRANSFORMAÇÃO;C;33;33.2;MG
EED;41.158.369/0001-04;S4E TECH LTDA;10/03/2021;DEMAIS;206-2;45.30-7-03;5335;03/12/2025;Comércio de peças e acessórios para veículos automotores;"COMÉRCIO; REPARAÇÃO DE VEÍCULOS AUTOMOTORES E MOTOCICLETAS";G;45;45.3;MG
EED;41.158.369/0001-04;S4E TECH LTDA;10/03/2021;DEMAIS;206-2;46.62-1-00;5335;03/12/2025;"Comércio atacadista de máquinas, equipamentos para terraplenagem, mineração e construção; partes e peças";"COMÉRCIO; REPARAÇÃO DE VEÍCULOS AUTOMOTORES E MOTOCICLETAS";G;46;46.6;MG
EED;41.158.369/0001-04;S4E TECH LTDA;10/03/2021;DEMAIS;206-2;47.51-2-01;5335;03/12/2025;Comércio varejista especializado de equipamentos e suprimentos de informática;"COMÉRCIO; REPARAÇÃO DE VEÍCULOS AUTOMOTORES E MOTOCICLETAS";G;47;47.5;MG
EED;41.158.369/0001-04;S4E TECH LTDA;10/03/2021;DEMAIS;206-2;47.52-1-00;5335;03/12/2025;Comércio varejista especializado de equipamentos de telefonia e comunicação;"COMÉRCIO; REPARAÇÃO DE VEÍCULOS AUTOMOTORES E MOTOCICLETAS";G;47;47.5;MG
EED;41.158.369/0001-04;S4E TECH LTDA;10/03/2021;DEMAIS;206-2;62.01-5-01;5335;03/12/2025;Desenvolvimento de programas de computador sob encomenda;INFORMAÇÃO E COMUNICAÇÃO;J;62;62.0;MG
EED;41.158.369/0001-04;S4E TECH LTDA;10/03/2021;DEMAIS;206-2;62.02-3-00;5335;03/12/2025;Desenvolvimento e licenciamento de programas de computador customizáveis;INFORMAÇÃO E COMUNICAÇÃO;J;62;62.0;MG
EED;41.158.369/0001-04;S4E TECH LTDA;10/03/2021;DEMAIS;206-2;62.04-0-00;5335;03/12/2025;Consultoria em tecnologia da informação;INFORMAÇÃO E COMUNICAÇÃO;J;62;62.0;MG
EED;41.158.369/0001-04;S4E TECH LTDA;10/03/2021;DEMAIS;206-2;62.09-1-00;5335;03/12/2025;Suporte técnico, manutenção e outros serviços em tecnologia da informação;INFORMAÇÃO E COMUNICAÇÃO;J;62;62.0;MG
EED;41.158.369/0001-04;S4E TECH LTDA;10/03/2021;DEMAIS;206-2;63.11-9-00;5335;03/12/2025;Tratamento de dados, provedores de serviços de aplicação e serviços de hospedagem na internet;INFORMAÇÃO E COMUNICAÇÃO;J;63;63.1;MG
EED;41.158.369/0001-04;S4E TECH LTDA;10/03/2021;DEMAIS;206-2;63.19-4-00;5335;03/12/2025;Portais, provedores de conteúdo e outros serviços de informação na internet;INFORMAÇÃO E COMUNICAÇÃO;J;63;63.1;MG
EED;41.158.369/0001-04;S4E TECH LTDA;10/03/2021;DEMAIS;206-2;64.63-8-00;5335;03/12/2025;Outras sociedades de participação, exceto holdings;ATIVIDADES FINANCEIRAS, DE SEGUROS E SERVIÇOS RELACIONADOS;K;64;64.6;MG
EED;41.158.369/0001-04;S4E TECH LTDA;10/03/2021;DEMAIS;206-2;71.20-1-00;5335;03/12/2025;Testes e análises técnicas;ATIVIDADES PROFISSIONAIS, CIENTÍFICAS E TÉCNICAS;M;71;71.2;MG
EED;41.158.369/0001-04;S4E TECH LTDA;10/03/2021;DEMAIS;206-2;72.10-0-00;5335;03/12/2025;Pesquisa e desenvolvimento experimental em ciências físicas e naturais;ATIVIDADES PROFISSIONAIS, CIENTÍFICAS E TÉCNICAS;M;72;72.1;MG
EED;41.158.369/0001-04;S4E TECH LTDA;10/03/2021;DEMAIS;206-2;74.90-1-04;5335;03/12/2025;Atividades profissionais, científicas e técnicas não especificadas anteriormente;ATIVIDADES PROFISSIONAIS, CIENTÍFICAS E TÉCNICAS;M;74;74.9;MG
EED;41.158.369/0001-04;S4E TECH LTDA;10/03/2021;DEMAIS;206-2;77.39-0-99;5335;03/12/2025;Aluguel de máquinas e equipamentos não especificados anteriormente;ATIVIDADES ADMINISTRATIVAS E SERVIÇOS COMPLEMENTARES;N;77;77.3;MG
EED;41.158.369/0001-04;S4E TECH LTDA;10/03/2021;DEMAIS;206-2;95.11-8-00;5335;03/12/2025;Reparação e manutenção de computadores e de equipamentos periféricos;OUTRAS ATIVIDADES DE SERVIÇOS;S;95;95.1;MG
ED;15.098.570/0001-33;SATCOM DIRECT COMUNICACOES LTDA;18/01/2012;DEMAIS;206-2;61.90-6-99;5334;03/12/2025;Outras atividades de telecomunicações;INFORMAÇÃO E COMUNICAÇÃO;J;61;61.9;SP
ED;15.098.570/0001-33;SATCOM DIRECT COMUNICACOES LTDA;18/01/2012;DEMAIS;206-2;33.21-0-00;5334;03/12/2025;Instalação de máquinas e equipamentos industriais;INDÚSTRIAS DE TRANSFORMAÇÃO;C;33;33.2;SP
ED;15.098.570/0001-33;SATCOM DIRECT COMUNICACOES LTDA;18/01/2012;DEMAIS;206-2;46.14-1-00;5334;03/12/2025;Representantes comerciais e agentes do comércio de máquinas, equipamentos, embarcações e aeronaves;"COMÉRCIO; REPARAÇÃO DE VEÍCULOS AUTOMOTORES E MOTOCICLETAS";G;46;46.1;SP
ED;15.098.570/0001-33;SATCOM DIRECT COMUNICACOES LTDA;18/01/2012;DEMAIS;206-2;46.69-9-99;5334;03/12/2025;"Comércio atacadista de máquinas, aparelhos e equipamentos não especificados anteriormente; partes e peças";"COMÉRCIO; REPARAÇÃO DE VEÍCULOS AUTOMOTORES E MOTOCICLETAS";G;46;46.6;SP
ED;15.098.570/0001-33;SATCOM DIRECT COMUNICACOES LTDA;18/01/2012;DEMAIS;206-2;47.52-1-00;5334;03/12/2025;Comércio varejista especializado de equipamentos de telefonia e comunicação;"COMÉRCIO; REPARAÇÃO DE VEÍCULOS AUTOMOTORES E MOTOCICLETAS";G;47;47.5;SP
ED;15.098.570/0001-33;SATCOM DIRECT COMUNICACOES LTDA;18/01/2012;DEMAIS;206-2;61.30-2-00;5334;03/12/2025;Telecomunicações por satélite;INFORMAÇÃO E COMUNICAÇÃO;J;61;61.3;SP
ED;15.098.570/0001-33;SATCOM DIRECT COMUNICACOES LTDA;18/01/2012;DEMAIS;206-2;62.03-1-00;5334;03/12/2025;Desenvolvimento e licenciamento de programas de computador não-customizáveis;INFORMAÇÃO E COMUNICAÇÃO;J;62;62.0;SP
ED;15.098.570/0001-33;SATCOM DIRECT COMUNICACOES LTDA;18/01/2012;DEMAIS;206-2;62.04-0-00;5334;03/12/2025;Consultoria em tecnologia da informação;INFORMAÇÃO E COMUNICAÇÃO;J;62;62.0;SP
ED;15.098.570/0001-33;SATCOM DIRECT COMUNICACOES LTDA;18/01/2012;DEMAIS;206-2;62.09-1-00;5334;03/12/2025;Suporte técnico, manutenção e outros serviços em tecnologia da informação;INFORMAÇÃO E COMUNICAÇÃO;J;62;62.0;SP
ED;15.098.570/0001-33;SATCOM DIRECT COMUNICACOES LTDA;18/01/2012;DEMAIS;206-2;63.11-9-00;5334;03/12/2025;Tratamento de dados, provedores de serviços de aplicação e serviços de hospedagem na internet;INFORMAÇÃO E COMUNICAÇÃO;J;63;63.1;SP
ED;15.098.570/0001-33;SATCOM DIRECT COMUNICACOES LTDA;18/01/2012;DEMAIS;206-2;63.99-2-00;5334;03/12/2025;Outras atividades de prestação de serviços de informação não especificadas anteriormente;INFORMAÇÃO E COMUNICAÇÃO;J;63;63.9;SP
ED;15.098.570/0001-33;SATCOM DIRECT COMUNICACOES LTDA;18/01/2012;DEMAIS;206-2;64.63-8-00;5334;03/12/2025;Outras sociedades de participação, exceto holdings;ATIVIDADES FINANCEIRAS, DE SEGUROS E SERVIÇOS RELACIONADOS;K;64;64.6;SP
ED;15.098.570/0001-33;SATCOM DIRECT COMUNICACOES LTDA;18/01/2012;DEMAIS;206-2;74.90-1-99;5334;03/12/2025;Atividades profissionais, científicas e técnicas não especificadas anteriormente;ATIVIDADES PROFISSIONAIS, CIENTÍFICAS E TÉCNICAS;M;74;74.9;SP
ED;15.098.570/0001-33;SATCOM DIRECT COMUNICACOES LTDA;18/01/2012;DEMAIS;206-2;80.20-0-01;5334;03/12/2025;Atividades de monitoramento de sistemas de segurança;ATIVIDADES ADMINISTRATIVAS E SERVIÇOS COMPLEMENTARES;N;80;80.2;SP
ED;15.098.570/0001-33;SATCOM DIRECT COMUNICACOES LTDA;18/01/2012;DEMAIS;206-2;95.11-8-00;5334;03/12/2025;Reparação e manutenção de computadores e de equipamentos periféricos;OUTRAS ATIVIDADES DE SERVIÇOS;S;95;95.1;SP
EED;07.585.866/0001-50;SCORP INDUSTRIA E COMERCIO DE EQUIPAMENTOS DE SEGURANCA LTDA;06/07/2005;EPP;206-2;32.92-2-02;5335;03/12/2025;Fabricação de equipamentos e acessórios para segurança e proteção pessoal e profissional;INDÚSTRIAS DE TRANSFORMAÇÃO;C;32;32.9;SP
EED;07.585.866/0001-50;SCORP INDUSTRIA E COMERCIO DE EQUIPAMENTOS DE SEGURANCA LTDA;06/07/2005;EPP;206-2;46.42-7-02;5335;03/12/2025;Comércio atacadista de artigos do vestuário e acessórios;"COMÉRCIO; REPARAÇÃO DE VEÍCULOS AUTOMOTORES E MOTOCICLETAS";G;46;46.4;SP
EED;07.585.866/0001-50;SCORP INDUSTRIA E COMERCIO DE EQUIPAMENTOS DE SEGURANCA LTDA;06/07/2005;EPP;206-2;46.43-5-01;5335;03/12/2025;Comércio atacadista de calçados e artigos de viagem;"COMÉRCIO; REPARAÇÃO DE VEÍCULOS AUTOMOTORES E MOTOCICLETAS";G;46;46.4;SP
EED;07.585.866/0001-50;SCORP INDUSTRIA E COMERCIO DE EQUIPAMENTOS DE SEGURANCA LTDA;06/07/2005;EPP;206-2;47.63-6-02;5335;03/12/2025;Comércio varejista de artigos recreativos e esportivos;"COMÉRCIO; REPARAÇÃO DE VEÍCULOS AUTOMOTORES E MOTOCICLETAS";G;47;47.6;SP
EED;07.585.866/0001-50;SCORP INDUSTRIA E COMERCIO DE EQUIPAMENTOS DE SEGURANCA LTDA;06/07/2005;EPP;206-2;15.39-4-00;5335;03/12/2025;Fabricação de calçados de materiais não especificados anteriormente;INDÚSTRIAS DE TRANSFORMAÇÃO;C;15;15.3;SP
EED;07.585.866/0001-50;SCORP INDUSTRIA E COMERCIO DE EQUIPAMENTOS DE SEGURANCA LTDA;06/07/2005;EPP;206-2;15.21-1-00;5335;03/12/2025;Fabricação de artigos para viagem, bolsas e semelhantes de qualquer material;INDÚSTRIAS DE TRANSFORMAÇÃO;C;15;15.2;SP
EED;07.585.866/0001-50;SCORP INDUSTRIA E COMERCIO DE EQUIPAMENTOS DE SEGURANCA LTDA;06/07/2005;EPP;206-2;14.22-3-00;5335;03/12/2025;Fabricação de artigos do vestuário, produzidos em malharias e tricotagens, exceto meias;INDÚSTRIAS DE TRANSFORMAÇÃO;C;14;14.2;SP
EED;07.585.866/0001-50;SCORP INDUSTRIA E COMERCIO DE EQUIPAMENTOS DE SEGURANCA LTDA;06/07/2005;EPP;206-2;25.32-2-01;5335;03/12/2025;"Produção de artefatos estampados de metal; metalurgia do pó";INDÚSTRIAS DE TRANSFORMAÇÃO;C;25;25.3;SP
EED;07.585.866/0001-50;SCORP INDUSTRIA E COMERCIO DE EQUIPAMENTOS DE SEGURANCA LTDA;06/07/2005;EPP;206-2;25.93-4-00;5335;03/12/2025;Fabricação de artigos de metal para uso doméstico e pessoal;INDÚSTRIAS DE TRANSFORMAÇÃO;C;25;25.9;SP
EED;07.585.866/0001-50;SCORP INDUSTRIA E COMERCIO DE EQUIPAMENTOS DE SEGURANCA LTDA;06/07/2005;EPP;206-2;25.99-3-99;5335;03/12/2025;Fabricação de produtos de metal não especificados anteriormente;INDÚSTRIAS DE TRANSFORMAÇÃO;C;25;25.9;SP
EED;07.585.866/0001-50;SCORP INDUSTRIA E COMERCIO DE EQUIPAMENTOS DE SEGURANCA LTDA;06/07/2005;EPP;206-2;32.92-2-01;5335;03/12/2025;Fabricação de equipamentos e acessórios para segurança e proteção pessoal e profissional;INDÚSTRIAS DE TRANSFORMAÇÃO;C;32;32.9;SP
EED;07.585.866/0001-50;SCORP INDUSTRIA E COMERCIO DE EQUIPAMENTOS DE SEGURANCA LTDA;06/07/2005;EPP;206-2;27.40-6-02;5335;03/12/2025;Fabricação de lâmpadas e outros equipamentos de iluminação;INDÚSTRIAS DE TRANSFORMAÇÃO;C;27;27.4;SP
EED;07.585.866/0001-50;SCORP INDUSTRIA E COMERCIO DE EQUIPAMENTOS DE SEGURANCA LTDA;06/07/2005;EPP;206-2;47.54-7-03;5335;03/12/2025;Comércio varejista especializado de móveis, colchoaria e artigos de iluminação;"COMÉRCIO; REPARAÇÃO DE VEÍCULOS AUTOMOTORES E MOTOCICLETAS";G;47;47.5;SP
EED;07.585.866/0001-50;SCORP INDUSTRIA E COMERCIO DE EQUIPAMENTOS DE SEGURANCA LTDA;06/07/2005;EPP;206-2;25.43-8-00;5335;03/12/2025;Fabricação de ferramentas;INDÚSTRIAS DE TRANSFORMAÇÃO;C;25;25.4;SP
EED;07.585.866/0001-50;SCORP INDUSTRIA E COMERCIO DE EQUIPAMENTOS DE SEGURANCA LTDA;06/07/2005;EPP;206-2;14.13-4-02;5335;03/12/2025;Confecção de roupas profissionais;INDÚSTRIAS DE TRANSFORMAÇÃO;C;14;14.1;SP
EED;07.585.866/0001-50;SCORP INDUSTRIA E COMERCIO DE EQUIPAMENTOS DE SEGURANCA LTDA;06/07/2005;EPP;206-2;14.13-4-01;5335;03/12/2025;Confecção de roupas profissionais;INDÚSTRIAS DE TRANSFORMAÇÃO;C;14;14.1;SP
EED;06.303.302/0001-15;SPARTA ENGENHARIA, SERVICOS E COMERCIO LTDA;08/04/2004;EPP;206-2;47.57-1-00;5335;03/12/2025;Comércio varejista especializado de peças e acessórios para aparelhos eletroeletrônicos para uso doméstico, exceto informática e comunicação;"COMÉRCIO; REPARAÇÃO DE VEÍCULOS AUTOMOTORES E MOTOCICLETAS";G;47;47.5;SP
EED;06.303.302/0001-15;SPARTA ENGENHARIA, SERVICOS E COMERCIO LTDA;08/04/2004;EPP;206-2;33.12-1-02;5335;03/12/2025;Manutenção e reparação de equipamentos eletrônicos e ópticos;INDÚSTRIAS DE TRANSFORMAÇÃO;C;33;33.1;SP
EED;06.303.302/0001-15;SPARTA ENGENHARIA, SERVICOS E COMERCIO LTDA;08/04/2004;EPP;206-2;47.52-1-00;5335;03/12/2025;Comércio varejista especializado de equipamentos de telefonia e comunicação;"COMÉRCIO; REPARAÇÃO DE VEÍCULOS AUTOMOTORES E MOTOCICLETAS";G;47;47.5;SP
EED;06.303.302/0001-15;SPARTA ENGENHARIA, SERVICOS E COMERCIO LTDA;08/04/2004;EPP;206-2;47.51-2-01;5335;03/12/2025;Comércio varejista especializado de equipamentos e suprimentos de informática;"COMÉRCIO; REPARAÇÃO DE VEÍCULOS AUTOMOTORES E MOTOCICLETAS";G;47;47.5;SP
EED;06.303.302/0001-15;SPARTA ENGENHARIA, SERVICOS E COMERCIO LTDA;08/04/2004;EPP;206-2;47.42-3-00;5335;03/12/2025;Comércio varejista de material elétrico;"COMÉRCIO; REPARAÇÃO DE VEÍCULOS AUTOMOTORES E MOTOCICLETAS";G;47;47.4;SP
EED;06.303.302/0001-15;SPARTA ENGENHARIA, SERVICOS E COMERCIO LTDA;08/04/2004;EPP;206-2;47.44-0-01;5335;03/12/2025;Comércio varejista de ferragens, madeira e materiais de construção;"COMÉRCIO; REPARAÇÃO DE VEÍCULOS AUTOMOTORES E MOTOCICLETAS";G;47;47.4;SP
EED;06.303.302/0001-15;SPARTA ENGENHARIA, SERVICOS E COMERCIO LTDA;08/04/2004;EPP;206-2;33.21-0-00;5335;03/12/2025;Instalação de máquinas e equipamentos industriais;INDÚSTRIAS DE TRANSFORMAÇÃO;C;33;33.2;SP
EED;06.303.302/0001-15;SPARTA ENGENHARIA, SERVICOS E COMERCIO LTDA;08/04/2004;EPP;206-2;71.12-0-00;5335;03/12/2025;Serviços de engenharia;ATIVIDADES PROFISSIONAIS, CIENTÍFICAS E TÉCNICAS;M;71;71.1;SP
EED;06.303.302/0001-15;SPARTA ENGENHARIA, SERVICOS E COMERCIO LTDA;08/04/2004;EPP;206-2;95.11-8-00;5335;03/12/2025;Reparação e manutenção de computadores e de equipamentos periféricos;OUTRAS ATIVIDADES DE SERVIÇOS;S;95;95.1;SP
EED;06.303.302/0001-15;SPARTA ENGENHARIA, SERVICOS E COMERCIO LTDA;08/04/2004;EPP;206-2;95.12-6-00;5335;03/12/2025;Reparação e manutenção de equipamentos de comunicação;OUTRAS ATIVIDADES DE SERVIÇOS;S;95;95.1;SP
EED;06.303.302/0001-15;SPARTA ENGENHARIA, SERVICOS E COMERCIO LTDA;08/04/2004;EPP;206-2;33.14-7-02;5335;03/12/2025;Manutenção e reparação de máquinas e equipamentos da indústria mecânica;INDÚSTRIAS DE TRANSFORMAÇÃO;C;33;33.1;SP
EED;06.303.302/0001-15;SPARTA ENGENHARIA, SERVICOS E COMERCIO LTDA;08/04/2004;EPP;206-2;33.14-7-04;5335;03/12/2025;Manutenção e reparação de máquinas e equipamentos da indústria mecânica;INDÚSTRIAS DE TRANSFORMAÇÃO;C;33;33.1;SP
EED;06.303.302/0001-15;SPARTA ENGENHARIA, SERVICOS E COMERCIO LTDA;08/04/2004;EPP;206-2;33.14-7-05;5335;03/12/2025;Manutenção e reparação de máquinas e equipamentos da indústria mecânica;INDÚSTRIAS DE TRANSFORMAÇÃO;C;33;33.1;SP
EED;06.303.302/0001-15;SPARTA ENGENHARIA, SERVICOS E COMERCIO LTDA;08/04/2004;EPP;206-2;33.14-7-06;5335;03/12/2025;Manutenção e reparação de máquinas e equipamentos da indústria mecânica;INDÚSTRIAS DE TRANSFORMAÇÃO;C;33;33.1;SP
EED;06.303.302/0001-15;SPARTA ENGENHARIA, SERVICOS E COMERCIO LTDA;08/04/2004;EPP;206-2;33.14-7-07;5335;03/12/2025;Manutenção e reparação de máquinas e equipamentos da indústria mecânica;INDÚSTRIAS DE TRANSFORMAÇÃO;C;33;33.1;SP
EED;06.303.302/0001-15;SPARTA ENGENHARIA, SERVICOS E COMERCIO LTDA;08/04/2004;EPP;206-2;33.14-7-08;5335;03/12/2025;Manutenção e reparação de máquinas e equipamentos da indústria mecânica;INDÚSTRIAS DE TRANSFORMAÇÃO;C;33;33.1;SP
EED;06.303.302/0001-15;SPARTA ENGENHARIA, SERVICOS E COMERCIO LTDA;08/04/2004;EPP;206-2;33.14-7-13;5335;03/12/2025;Manutenção e reparação de máquinas e equipamentos da indústria mecânica;INDÚSTRIAS DE TRANSFORMAÇÃO;C;33;33.1;SP
EED;06.303.302/0001-15;SPARTA ENGENHARIA, SERVICOS E COMERCIO LTDA;08/04/2004;EPP;206-2;43.22-3-01;5335;03/12/2025;Instalações hidráulicas, de sistemas de ventilação e refrigeração;CONSTRUÇÃO;F;43;43.2;SP
EED;06.303.302/0001-15;SPARTA ENGENHARIA, SERVICOS E COMERCIO LTDA;08/04/2004;EPP;206-2;43.30-4-04;5335;03/12/2025;Obras de acabamento;CONSTRUÇÃO;F;43;43.3;SP
EED;06.303.302/0001-15;SPARTA ENGENHARIA, SERVICOS E COMERCIO LTDA;08/04/2004;EPP;206-2;62.09-1-00;5335;03/12/2025;Suporte técnico, manutenção e outros serviços em tecnologia da informação;INFORMAÇÃO E COMUNICAÇÃO;J;62;62.0;SP
EED;06.303.302/0001-15;SPARTA ENGENHARIA, SERVICOS E COMERCIO LTDA;08/04/2004;EPP;206-2;85.99-6-03;5335;03/12/2025;Atividades de ensino não especificadas anteriormente;EDUCAÇÃO;P;85;85.9;SP
EED;06.303.302/0001-15;SPARTA ENGENHARIA, SERVICOS E COMERCIO LTDA;08/04/2004;EPP;206-2;46.64-8-00;5335;03/12/2025;"Comércio atacadista de máquinas, aparelhos e equipamentos para uso odonto-médico-hospitalar; partes e peças";"COMÉRCIO; REPARAÇÃO DE VEÍCULOS AUTOMOTORES E MOTOCICLETAS";G;46;46.6;SP
EED;06.303.302/0001-15;SPARTA ENGENHARIA, SERVICOS E COMERCIO LTDA;08/04/2004;EPP;206-2;46.69-9-99;5335;03/12/2025;"Comércio atacadista de máquinas, aparelhos e equipamentos não especificados anteriormente; partes e peças";"COMÉRCIO; REPARAÇÃO DE VEÍCULOS AUTOMOTORES E MOTOCICLETAS";G;46;46.6;SP
EED;06.303.302/0001-15;SPARTA ENGENHARIA, SERVICOS E COMERCIO LTDA;08/04/2004;EPP;206-2;46.52-4-00;5335;03/12/2025;Comércio atacadista de componentes eletrônicos e equipamentos de telefonia e comunicação;"COMÉRCIO; REPARAÇÃO DE VEÍCULOS AUTOMOTORES E MOTOCICLETAS";G;46;46.5;SP
EED;06.303.302/0001-15;SPARTA ENGENHARIA, SERVICOS E COMERCIO LTDA;08/04/2004;EPP;206-2;62.04-0-00;5335;03/12/2025;Consultoria em tecnologia da informação;INFORMAÇÃO E COMUNICAÇÃO;J;62;62.0;SP
EED;06.303.302/0001-15;SPARTA ENGENHARIA, SERVICOS E COMERCIO LTDA;08/04/2004;EPP;206-2;42.92-8-01;5335;03/12/2025;Montagem de instalações industriais e de estruturas metálicas;CONSTRUÇÃO;F;42;42.9;SP
EED;06.303.302/0001-15;SPARTA ENGENHARIA, SERVICOS E COMERCIO LTDA;08/04/2004;EPP;206-2;51.30-7-00;5335;03/12/2025;Transporte espacial;TRANSPORTE, ARMAZENAGEM E CORREIO;H;51;51.3;SP
EED;04.503.660/0001-46;TRANSPORTES BERTOLINI LTDA;28/06/1978;DEMAIS;206-2;49.30-2-02;5335;03/12/2025;Transporte rodoviário de carga;TRANSPORTE, ARMAZENAGEM E CORREIO;H;49;49.3;AM
EED;04.503.660/0001-46;TRANSPORTES BERTOLINI LTDA;28/06/1978;DEMAIS;206-2;49.30-2-01;5335;03/12/2025;Transporte rodoviário de carga;TRANSPORTE, ARMAZENAGEM E CORREIO;H;49;49.3;AM
EED;04.503.660/0001-46;TRANSPORTES BERTOLINI LTDA;28/06/1978;DEMAIS;206-2;50.11-4-01;5335;03/12/2025;Transporte marítimo de cabotagem;TRANSPORTE, ARMAZENAGEM E CORREIO;H;50;50.1;AM
EED;04.503.660/0001-46;TRANSPORTES BERTOLINI LTDA;28/06/1978;DEMAIS;206-2;50.21-1-02;5335;03/12/2025;Transporte por navegação interior de carga;TRANSPORTE, ARMAZENAGEM E CORREIO;H;50;50.2;AM
EED;04.503.660/0001-46;TRANSPORTES BERTOLINI LTDA;28/06/1978;DEMAIS;206-2;50.30-1-01;5335;03/12/2025;Navegação de apoio;TRANSPORTE, ARMAZENAGEM E CORREIO;H;50;50.3;AM
EED;04.503.660/0001-46;TRANSPORTES BERTOLINI LTDA;28/06/1978;DEMAIS;206-2;50.30-1-02;5335;03/12/2025;Navegação de apoio;TRANSPORTE, ARMAZENAGEM E CORREIO;H;50;50.3;AM
EED;04.503.660/0001-46;TRANSPORTES BERTOLINI LTDA;28/06/1978;DEMAIS;206-2;64.62-0-00;5335;03/12/2025;Holdings de instituições não-financeiras;ATIVIDADES FINANCEIRAS, DE SEGUROS E SERVIÇOS RELACIONADOS;K;64;64.6;AM
EED;04.503.660/0001-46;TRANSPORTES BERTOLINI LTDA;28/06/1978;DEMAIS;206-2;50.91-2-02;5335;03/12/2025;Transporte por navegação de travessia;TRANSPORTE, ARMAZENAGEM E CORREIO;H;50;50.9;AM
EED;04.503.660/0001-46;TRANSPORTES BERTOLINI LTDA;28/06/1978;DEMAIS;206-2;52.31-1-02;5335;03/12/2025;Gestão de portos e terminais;TRANSPORTE, ARMAZENAGEM E CORREIO;H;52;52.3;AM
EED;04.503.660/0001-46;TRANSPORTES BERTOLINI LTDA;28/06/1978;DEMAIS;206-2;49.30-2-03;5335;03/12/2025;Transporte rodoviário de carga;TRANSPORTE, ARMAZENAGEM E CORREIO;H;49;49.3;AM
EED;04.377.209/0001-20;TREFFER TECHNOLOGY - INDUSTRIA, COMERCIO, SERVICO E ALUGUEL DE EQUIPAMENTOS LTDA;15/03/2001;EPP;206-2;46.93-1-00;5335;03/12/2025;Comércio atacadista de mercadorias em geral, sem predominância de alimentos ou de insumos agropecuários;"COMÉRCIO; REPARAÇÃO DE VEÍCULOS AUTOMOTORES E MOTOCICLETAS";G;46;46.9;MG
EED;04.377.209/0001-20;TREFFER TECHNOLOGY - INDUSTRIA, COMERCIO, SERVICO E ALUGUEL DE EQUIPAMENTOS LTDA;15/03/2001;EPP;206-2;28.29-1-99;5335;03/12/2025;Fabricação de máquinas e equipamentos de uso geral não especificados anteriormente;INDÚSTRIAS DE TRANSFORMAÇÃO;C;28;28.2;MG
EED;04.377.209/0001-20;TREFFER TECHNOLOGY - INDUSTRIA, COMERCIO, SERVICO E ALUGUEL DE EQUIPAMENTOS LTDA;15/03/2001;EPP;206-2;28.33-0-00;5335;03/12/2025;Fabricação de máquinas e equipamentos para a agricultura e pecuária, exceto para irrigação;INDÚSTRIAS DE TRANSFORMAÇÃO;C;28;28.3;MG
EED;04.377.209/0001-20;TREFFER TECHNOLOGY - INDUSTRIA, COMERCIO, SERVICO E ALUGUEL DE EQUIPAMENTOS LTDA;15/03/2001;EPP;206-2;33.19-8-00;5335;03/12/2025;Manutenção e reparação de equipamentos e produtos não especificados anteriormente;INDÚSTRIAS DE TRANSFORMAÇÃO;C;33;33.1;MG
EED;04.377.209/0001-20;TREFFER TECHNOLOGY - INDUSTRIA, COMERCIO, SERVICO E ALUGUEL DE EQUIPAMENTOS LTDA;15/03/2001;EPP;206-2;46.21-4-00;5335;03/12/2025;Comércio atacadista de café em grão;"COMÉRCIO; REPARAÇÃO DE VEÍCULOS AUTOMOTORES E MOTOCICLETAS";G;46;46.2;MG
EED;04.377.209/0001-20;TREFFER TECHNOLOGY - INDUSTRIA, COMERCIO, SERVICO E ALUGUEL DE EQUIPAMENTOS LTDA;15/03/2001;EPP;206-2;46.69-9-99;5335;03/12/2025;"Comércio atacadista de máquinas, aparelhos e equipamentos não especificados anteriormente; partes e peças";"COMÉRCIO; REPARAÇÃO DE VEÍCULOS AUTOMOTORES E MOTOCICLETAS";G;46;46.6;MG
EED;04.377.209/0001-20;TREFFER TECHNOLOGY - INDUSTRIA, COMERCIO, SERVICO E ALUGUEL DE EQUIPAMENTOS LTDA;15/03/2001;EPP;206-2;46.91-5-00;5335;03/12/2025;Comércio atacadista de mercadorias em geral, com predominância de produtos alimentícios;"COMÉRCIO; REPARAÇÃO DE VEÍCULOS AUTOMOTORES E MOTOCICLETAS";G;46;46.9;MG
EED;04.377.209/0001-20;TREFFER TECHNOLOGY - INDUSTRIA, COMERCIO, SERVICO E ALUGUEL DE EQUIPAMENTOS LTDA;15/03/2001;EPP;206-2;64.62-0-00;5335;03/12/2025;Holdings de instituições não-financeiras;ATIVIDADES FINANCEIRAS, DE SEGUROS E SERVIÇOS RELACIONADOS;K;64;64.6;MG
EED;04.377.209/0001-20;TREFFER TECHNOLOGY - INDUSTRIA, COMERCIO, SERVICO E ALUGUEL DE EQUIPAMENTOS LTDA;15/03/2001;EPP;206-2;64.63-8-00;5335;03/12/2025;Outras sociedades de participação, exceto holdings;ATIVIDADES FINANCEIRAS, DE SEGUROS E SERVIÇOS RELACIONADOS;K;64;64.6;MG
EED;04.377.209/0001-20;TREFFER TECHNOLOGY - INDUSTRIA, COMERCIO, SERVICO E ALUGUEL DE EQUIPAMENTOS LTDA;15/03/2001;EPP;206-2;77.19-5-99;5335;03/12/2025;Locação de meios de transporte, exceto automóveis, sem condutor;ATIVIDADES ADMINISTRATIVAS E SERVIÇOS COMPLEMENTARES;N;77;77.1;MG
EED;04.377.209/0001-20;TREFFER TECHNOLOGY - INDUSTRIA, COMERCIO, SERVICO E ALUGUEL DE EQUIPAMENTOS LTDA;15/03/2001;EPP;206-2;77.39-0-99;5335;03/12/2025;Aluguel de máquinas e equipamentos não especificados anteriormente;ATIVIDADES ADMINISTRATIVAS E SERVIÇOS COMPLEMENTARES;N;77;77.3;MG
EED;37.229.774/0001-07;ATSD BR COMERCIO E INDUSTRIA LTDA;26/05/2020;EPP;206-2;46.69-9-99;5335;03/12/2025;"Comércio atacadista de máquinas, aparelhos e equipamentos não especificados anteriormente; partes e peças";"COMÉRCIO; REPARAÇÃO DE VEÍCULOS AUTOMOTORES E MOTOCICLETAS";G;46;46.6;SP
EED;37.229.774/0001-07;ATSD BR COMERCIO E INDUSTRIA LTDA;26/05/2020;EPP;206-2;33.12-1-02;5335;03/12/2025;Manutenção e reparação de equipamentos eletrônicos e ópticos;INDÚSTRIAS DE TRANSFORMAÇÃO;C;33;33.1;SP
EED;37.229.774/0001-07;ATSD BR COMERCIO E INDUSTRIA LTDA;26/05/2020;EPP;206-2;33.19-8-00;5335;03/12/2025;Manutenção e reparação de equipamentos e produtos não especificados anteriormente;INDÚSTRIAS DE TRANSFORMAÇÃO;C;33;33.1;SP
EED;37.229.774/0001-07;ATSD BR COMERCIO E INDUSTRIA LTDA;26/05/2020;EPP;206-2;33.29-5-99;5335;03/12/2025;Instalação de equipamentos não especificados anteriormente;INDÚSTRIAS DE TRANSFORMAÇÃO;C;33;33.2;SP
EED;37.229.774/0001-07;ATSD BR COMERCIO E INDUSTRIA LTDA;26/05/2020;EPP;206-2;47.51-2-01;5335;03/12/2025;Comércio varejista especializado de equipamentos e suprimentos de informática;"COMÉRCIO; REPARAÇÃO DE VEÍCULOS AUTOMOTORES E MOTOCICLETAS";G;47;47.5;SP
EED;37.229.774/0001-07;ATSD BR COMERCIO E INDUSTRIA LTDA;26/05/2020;EPP;206-2;47.53-9-00;5335;03/12/2025;Comércio varejista especializado de eletrodomésticos e equipamentos de áudio e vídeo;"COMÉRCIO; REPARAÇÃO DE VEÍCULOS AUTOMOTORES E MOTOCICLETAS";G;47;47.5;SP
EED;37.229.774/0001-07;ATSD BR COMERCIO E INDUSTRIA LTDA;26/05/2020;EPP;206-2;62.01-5-01;5335;03/12/2025;Desenvolvimento de programas de computador sob encomenda;INFORMAÇÃO E COMUNICAÇÃO;J;62;62.0;SP
EED;37.229.774/0001-07;ATSD BR COMERCIO E INDUSTRIA LTDA;26/05/2020;EPP;206-2;71.12-0-00;5335;03/12/2025;Serviços de engenharia;ATIVIDADES PROFISSIONAIS, CIENTÍFICAS E TÉCNICAS;M;71;71.1;SP
EED;37.229.774/0001-07;ATSD BR COMERCIO E INDUSTRIA LTDA;26/05/2020;EPP;206-2;72.10-0-00;5335;03/12/2025;Pesquisa e desenvolvimento experimental em ciências físicas e naturais;ATIVIDADES PROFISSIONAIS, CIENTÍFICAS E TÉCNICAS;M;72;72.1;SP
EED;37.229.774/0001-07;ATSD BR COMERCIO E INDUSTRIA LTDA;26/05/2020;EPP;206-2;74.20-0-02;5335;03/12/2025;Atividades fotográficas e similares;ATIVIDADES PROFISSIONAIS, CIENTÍFICAS E TÉCNICAS;M;74;74.2;SP
EED;37.229.774/0001-07;ATSD BR COMERCIO E INDUSTRIA LTDA;26/05/2020;EPP;206-2;77.19-5-02;5335;03/12/2025;Locação de meios de transporte, exceto automóveis, sem condutor;ATIVIDADES ADMINISTRATIVAS E SERVIÇOS COMPLEMENTARES;N;77;77.1;SP
EED;37.229.774/0001-07;ATSD BR COMERCIO E INDUSTRIA LTDA;26/05/2020;EPP;206-2;77.29-2-99;5335;03/12/2025;Aluguel de objetos pessoais e domésticos não especificados anteriormente;ATIVIDADES ADMINISTRATIVAS E SERVIÇOS COMPLEMENTARES;N;77;77.2;SP
EED;37.229.774/0001-07;ATSD BR COMERCIO E INDUSTRIA LTDA;26/05/2020;EPP;206-2;85.99-6-02;5335;03/12/2025;Atividades de ensino não especificadas anteriormente;EDUCAÇÃO;P;85;85.9;SP
EED;61.993.931/0001-22;ALADA - EMPRESA DE PROJETOS AEROESPACIAIS DO BRASIL S.A;30/07/2025;DEMAIS;201-1;84.22-1-00;2889;27/05/2026;Defesa;ADMINISTRAÇÃO PÚBLICA, DEFESA E SEGURIDADE SOCIAL;O;84;84.2;DF
EED;61.993.931/0001-22;ALADA - EMPRESA DE PROJETOS AEROESPACIAIS DO BRASIL S.A;30/07/2025;DEMAIS;201-1;33.12-1-02;2889;27/05/2026;Manutenção e reparação de equipamentos eletrônicos e ópticos;INDÚSTRIAS DE TRANSFORMAÇÃO;C;33;33.1;DF
EED;61.993.931/0001-22;ALADA - EMPRESA DE PROJETOS AEROESPACIAIS DO BRASIL S.A;30/07/2025;DEMAIS;201-1;46.14-1-00;2889;27/05/2026;Representantes comerciais e agentes do comércio de máquinas, equipamentos, embarcações e aeronaves;"COMÉRCIO; REPARAÇÃO DE VEÍCULOS AUTOMOTORES E MOTOCICLETAS";G;46;46.1;DF
EED;61.993.931/0001-22;ALADA - EMPRESA DE PROJETOS AEROESPACIAIS DO BRASIL S.A;30/07/2025;DEMAIS;201-1;51.30-7-00;2889;27/05/2026;Transporte espacial;TRANSPORTE, ARMAZENAGEM E CORREIO;H;51;51.3;DF
EED;61.993.931/0001-22;ALADA - EMPRESA DE PROJETOS AEROESPACIAIS DO BRASIL S.A;30/07/2025;DEMAIS;201-1;52.40-1-01;2889;27/05/2026;Atividades auxiliares dos transportes aéreos;TRANSPORTE, ARMAZENAGEM E CORREIO;H;52;52.4;DF
EED;61.993.931/0001-22;ALADA - EMPRESA DE PROJETOS AEROESPACIAIS DO BRASIL S.A;30/07/2025;DEMAIS;201-1;61.30-2-00;2889;27/05/2026;Telecomunicações por satélite;INFORMAÇÃO E COMUNICAÇÃO;J;61;61.3;DF
EED;61.993.931/0001-22;ALADA - EMPRESA DE PROJETOS AEROESPACIAIS DO BRASIL S.A;30/07/2025;DEMAIS;201-1;71.12-0-00;2889;27/05/2026;Serviços de engenharia;ATIVIDADES PROFISSIONAIS, CIENTÍFICAS E TÉCNICAS;M;71;71.1;DF
EED;61.993.931/0001-22;ALADA - EMPRESA DE PROJETOS AEROESPACIAIS DO BRASIL S.A;30/07/2025;DEMAIS;201-1;72.10-0-00;2889;27/05/2026;Pesquisa e desenvolvimento experimental em ciências físicas e naturais;ATIVIDADES PROFISSIONAIS, CIENTÍFICAS E TÉCNICAS;M;72;72.1;DF
EED;61.993.931/0001-22;ALADA - EMPRESA DE PROJETOS AEROESPACIAIS DO BRASIL S.A;30/07/2025;DEMAIS;201-1;74.90-1-04;2889;27/05/2026;Atividades profissionais, científicas e técnicas não especificadas anteriormente;ATIVIDADES PROFISSIONAIS, CIENTÍFICAS E TÉCNICAS;M;74;74.9;DF
EED;05.691.570/0004-31;ATRASORB INDÚSTRIA DE PRODUTOS HOSPITALARES LTDA;10/09/2013;DEMAIS;206-2;20.19-3-99;2889;27/05/2026;Fabricação de produtos químicos inorgânicos não especificados anteriormente;INDÚSTRIAS DE TRANSFORMAÇÃO;C;20;20.1;SP
EED;05.691.570/0004-31;ATRASORB INDÚSTRIA DE PRODUTOS HOSPITALARES LTDA;10/09/2013;DEMAIS;206-2;46.45-1-01;2889;27/05/2026;Comércio atacadista de instrumentos e materiais para uso médico, cirúrgico, ortopédico e odontológico;"COMÉRCIO; REPARAÇÃO DE VEÍCULOS AUTOMOTORES E MOTOCICLETAS";G;46;46.4;SP
EED;05.691.570/0004-31;ATRASORB INDÚSTRIA DE PRODUTOS HOSPITALARES LTDA;10/09/2013;DEMAIS;206-2;26.60-4-00;2889;27/05/2026;Fabricação de aparelhos eletromédicos e eletroterapêuticos e equipamentos de irradiação;INDÚSTRIAS DE TRANSFORMAÇÃO;C;26;26.6;SP
EED;05.691.570/0004-31;ATRASORB INDÚSTRIA DE PRODUTOS HOSPITALARES LTDA;10/09/2013;DEMAIS;206-2;32.50-7-05;2889;27/05/2026;Fabricação de instrumentos e materiais para uso médico e odontológico e de artigos ópticos;INDÚSTRIAS DE TRANSFORMAÇÃO;C;32;32.5;SP
EED;62.990.385/0001-39;AVIBRAS AEROCO INDÚSTRIA AEROESPACIAL LTDA;01/10/2025;DEMAIS;206-2;25.50-1-01;2889;27/05/2026;Fabricação de equipamento bélico pesado, armas de fogo e munições;INDÚSTRIAS DE TRANSFORMAÇÃO;C;25;25.5;SP
EED;62.990.385/0001-39;AVIBRAS AEROCO INDÚSTRIA AEROESPACIAL LTDA;01/10/2025;DEMAIS;206-2;20.32-1-00;2889;27/05/2026;Fabricação de resinas termofixas;INDÚSTRIAS DE TRANSFORMAÇÃO;C;20;20.3;SP
EED;62.990.385/0001-39;AVIBRAS AEROCO INDÚSTRIA AEROESPACIAL LTDA;01/10/2025;DEMAIS;206-2;20.92-4-01;2889;27/05/2026;Fabricação de explosivos;INDÚSTRIAS DE TRANSFORMAÇÃO;C;20;20.9;SP
EED;62.990.385/0001-39;AVIBRAS AEROCO INDÚSTRIA AEROESPACIAL LTDA;01/10/2025;DEMAIS;206-2;25.39-0-02;2889;27/05/2026;Serviços de usinagem, solda, tratamento e revestimento em metais;INDÚSTRIAS DE TRANSFORMAÇÃO;C;25;25.3;SP
EED;62.990.385/0001-39;AVIBRAS AEROCO INDÚSTRIA AEROESPACIAL LTDA;01/10/2025;DEMAIS;206-2;28.53-4-00;2889;27/05/2026;Fabricação de tratores, exceto agrícolas;INDÚSTRIAS DE TRANSFORMAÇÃO;C;28;28.5;SP
EED;62.990.385/0001-39;AVIBRAS AEROCO INDÚSTRIA AEROESPACIAL LTDA;01/10/2025;DEMAIS;206-2;30.41-5-00;2889;27/05/2026;Fabricação de aeronaves;INDÚSTRIAS DE TRANSFORMAÇÃO;C;30;30.4;SP
EED;62.990.385/0001-39;AVIBRAS AEROCO INDÚSTRIA AEROESPACIAL LTDA;01/10/2025;DEMAIS;206-2;30.50-4-00;2889;27/05/2026;Fabricação de veículos militares de combate;INDÚSTRIAS DE TRANSFORMAÇÃO;C;30;30.5;SP
EED;62.990.385/0001-39;AVIBRAS AEROCO INDÚSTRIA AEROESPACIAL LTDA;01/10/2025;DEMAIS;206-2;33.11-2-00;2889;27/05/2026;Manutenção e reparação de tanques, reservatórios metálicos e caldeiras, exceto para veículos;INDÚSTRIAS DE TRANSFORMAÇÃO;C;33;33.1;SP
EED;62.990.385/0001-39;AVIBRAS AEROCO INDÚSTRIA AEROESPACIAL LTDA;01/10/2025;DEMAIS;206-2;33.16-3-01;2889;27/05/2026;Manutenção e reparação de aeronaves;INDÚSTRIAS DE TRANSFORMAÇÃO;C;33;33.1;SP
EED;62.990.385/0001-39;AVIBRAS AEROCO INDÚSTRIA AEROESPACIAL LTDA;01/10/2025;DEMAIS;206-2;45.20-0-01;2889;27/05/2026;Manutenção e reparação de veículos automotores;"COMÉRCIO; REPARAÇÃO DE VEÍCULOS AUTOMOTORES E MOTOCICLETAS";G;45;45.2;SP
EED;62.990.385/0001-39;AVIBRAS AEROCO INDÚSTRIA AEROESPACIAL LTDA;01/10/2025;DEMAIS;206-2;46.14-1-00;2889;27/05/2026;Representantes comerciais e agentes do comércio de máquinas, equipamentos, embarcações e aeronaves;"COMÉRCIO; REPARAÇÃO DE VEÍCULOS AUTOMOTORES E MOTOCICLETAS";G;46;46.1;SP
EED;62.990.385/0001-39;AVIBRAS AEROCO INDÚSTRIA AEROESPACIAL LTDA;01/10/2025;DEMAIS;206-2;62.01-5-01;2889;27/05/2026;Desenvolvimento de programas de computador sob encomenda;INFORMAÇÃO E COMUNICAÇÃO;J;62;62.0;SP
EED;62.990.385/0001-39;AVIBRAS AEROCO INDÚSTRIA AEROESPACIAL LTDA;01/10/2025;DEMAIS;206-2;64.63-8-00;2889;27/05/2026;Outras sociedades de participação, exceto holdings;ATIVIDADES FINANCEIRAS, DE SEGUROS E SERVIÇOS RELACIONADOS;K;64;64.6;SP
EED;62.990.385/0001-39;AVIBRAS AEROCO INDÚSTRIA AEROESPACIAL LTDA;01/10/2025;DEMAIS;206-2;71.12-0-00;2889;27/05/2026;Serviços de engenharia;ATIVIDADES PROFISSIONAIS, CIENTÍFICAS E TÉCNICAS;M;71;71.1;SP
EED;62.990.385/0001-39;AVIBRAS AEROCO INDÚSTRIA AEROESPACIAL LTDA;01/10/2025;DEMAIS;206-2;72.10-0-00;2889;27/05/2026;Pesquisa e desenvolvimento experimental em ciências físicas e naturais;ATIVIDADES PROFISSIONAIS, CIENTÍFICAS E TÉCNICAS;M;72;72.1;SP
EED;62.990.385/0001-39;AVIBRAS AEROCO INDÚSTRIA AEROESPACIAL LTDA;01/10/2025;DEMAIS;206-2;85.99-6-99;2889;27/05/2026;Atividades de ensino não especificadas anteriormente;EDUCAÇÃO;P;85;85.9;SP
EED;33.852.688/0001-97;B2 ENGENHARIA EQUIPAMENTOS E SERVIÇOS LTDA;06/06/2019;ME;206-2;71.12-0-00;2889;27/05/2026;Serviços de engenharia;ATIVIDADES PROFISSIONAIS, CIENTÍFICAS E TÉCNICAS;M;71;71.1;DF
EED;33.852.688/0001-97;B2 ENGENHARIA EQUIPAMENTOS E SERVIÇOS LTDA;06/06/2019;ME;206-2;27.31-7-00;2889;27/05/2026;Fabricação de aparelhos e equipamentos para distribuição e controle de energia elétrica;INDÚSTRIAS DE TRANSFORMAÇÃO;C;27;27.3;DF
EED;33.852.688/0001-97;B2 ENGENHARIA EQUIPAMENTOS E SERVIÇOS LTDA;06/06/2019;ME;206-2;27.40-6-02;2889;27/05/2026;Fabricação de lâmpadas e outros equipamentos de iluminação;INDÚSTRIAS DE TRANSFORMAÇÃO;C;27;27.4;DF
EED;33.852.688/0001-97;B2 ENGENHARIA EQUIPAMENTOS E SERVIÇOS LTDA;06/06/2019;ME;206-2;28.23-2-00;2889;27/05/2026;Fabricação de máquinas e aparelhos de refrigeração e ventilação para uso industrial e comercial;INDÚSTRIAS DE TRANSFORMAÇÃO;C;28;28.2;DF
EED;33.852.688/0001-97;B2 ENGENHARIA EQUIPAMENTOS E SERVIÇOS LTDA;06/06/2019;ME;206-2;33.13-9-01;2889;27/05/2026;Manutenção e reparação de máquinas e equipamentos elétricos;INDÚSTRIAS DE TRANSFORMAÇÃO;C;33;33.1;DF
EED;33.852.688/0001-97;B2 ENGENHARIA EQUIPAMENTOS E SERVIÇOS LTDA;06/06/2019;ME;206-2;33.13-9-02;2889;27/05/2026;Manutenção e reparação de máquinas e equipamentos elétricos;INDÚSTRIAS DE TRANSFORMAÇÃO;C;33;33.1;DF
EED;33.852.688/0001-97;B2 ENGENHARIA EQUIPAMENTOS E SERVIÇOS LTDA;06/06/2019;ME;206-2;33.13-9-99;2889;27/05/2026;Manutenção e reparação de máquinas e equipamentos elétricos;INDÚSTRIAS DE TRANSFORMAÇÃO;C;33;33.1;DF
EED;33.852.688/0001-97;B2 ENGENHARIA EQUIPAMENTOS E SERVIÇOS LTDA;06/06/2019;ME;206-2;33.14-7-02;2889;27/05/2026;Manutenção e reparação de máquinas e equipamentos da indústria mecânica;INDÚSTRIAS DE TRANSFORMAÇÃO;C;33;33.1;DF
EED;33.852.688/0001-97;B2 ENGENHARIA EQUIPAMENTOS E SERVIÇOS LTDA;06/06/2019;ME;206-2;33.14-7-06;2889;27/05/2026;Manutenção e reparação de máquinas e equipamentos da indústria mecânica;INDÚSTRIAS DE TRANSFORMAÇÃO;C;33;33.1;DF
EED;33.852.688/0001-97;B2 ENGENHARIA EQUIPAMENTOS E SERVIÇOS LTDA;06/06/2019;ME;206-2;33.14-7-07;2889;27/05/2026;Manutenção e reparação de máquinas e equipamentos da indústria mecânica;INDÚSTRIAS DE TRANSFORMAÇÃO;C;33;33.1;DF
EED;33.852.688/0001-97;B2 ENGENHARIA EQUIPAMENTOS E SERVIÇOS LTDA;06/06/2019;ME;206-2;33.21-0-00;2889;27/05/2026;Instalação de máquinas e equipamentos industriais;INDÚSTRIAS DE TRANSFORMAÇÃO;C;33;33.2;DF
EED;33.852.688/0001-97;B2 ENGENHARIA EQUIPAMENTOS E SERVIÇOS LTDA;06/06/2019;ME;206-2;33.29-5-99;2889;27/05/2026;Instalação de equipamentos não especificados anteriormente;INDÚSTRIAS DE TRANSFORMAÇÃO;C;33;33.2;DF
EED;33.852.688/0001-97;B2 ENGENHARIA EQUIPAMENTOS E SERVIÇOS LTDA;06/06/2019;ME;206-2;42.22-7-02;2889;27/05/2026;Construção de redes de abastecimento de água, coleta de esgoto e construções correlatas;CONSTRUÇÃO;F;42;42.2;DF
EED;33.852.688/0001-97;B2 ENGENHARIA EQUIPAMENTOS E SERVIÇOS LTDA;06/06/2019;ME;206-2;42.99-5-01;2889;27/05/2026;Obras de engenharia civil não especificadas anteriormente;CONSTRUÇÃO;F;42;42.9;DF
EED;33.852.688/0001-97;B2 ENGENHARIA EQUIPAMENTOS E SERVIÇOS LTDA;06/06/2019;ME;206-2;43.21-5-00;2889;27/05/2026;Instalações elétricas;CONSTRUÇÃO;F;43;43.2;DF
EED;33.852.688/0001-97;B2 ENGENHARIA EQUIPAMENTOS E SERVIÇOS LTDA;06/06/2019;ME;206-2;43.22-3-01;2889;27/05/2026;Instalações hidráulicas, de sistemas de ventilação e refrigeração;CONSTRUÇÃO;F;43;43.2;DF
EED;33.852.688/0001-97;B2 ENGENHARIA EQUIPAMENTOS E SERVIÇOS LTDA;06/06/2019;ME;206-2;43.22-3-02;2889;27/05/2026;Instalações hidráulicas, de sistemas de ventilação e refrigeração;CONSTRUÇÃO;F;43;43.2;DF
EED;33.852.688/0001-97;B2 ENGENHARIA EQUIPAMENTOS E SERVIÇOS LTDA;06/06/2019;ME;206-2;43.22-3-03;2889;27/05/2026;Instalações hidráulicas, de sistemas de ventilação e refrigeração;CONSTRUÇÃO;F;43;43.2;DF
EED;33.852.688/0001-97;B2 ENGENHARIA EQUIPAMENTOS E SERVIÇOS LTDA;06/06/2019;ME;206-2;43.29-1-03;2889;27/05/2026;Obras de instalações em construções não especificadas anteriormente;CONSTRUÇÃO;F;43;43.2;DF
EED;33.852.688/0001-97;B2 ENGENHARIA EQUIPAMENTOS E SERVIÇOS LTDA;06/06/2019;ME;206-2;47.42-3-00;2889;27/05/2026;Comércio varejista de material elétrico;"COMÉRCIO; REPARAÇÃO DE VEÍCULOS AUTOMOTORES E MOTOCICLETAS";G;47;47.4;DF
EED;33.852.688/0001-97;B2 ENGENHARIA EQUIPAMENTOS E SERVIÇOS LTDA;06/06/2019;ME;206-2;47.44-0-03;2889;27/05/2026;Comércio varejista de ferragens, madeira e materiais de construção;"COMÉRCIO; REPARAÇÃO DE VEÍCULOS AUTOMOTORES E MOTOCICLETAS";G;47;47.4;DF
EED;33.852.688/0001-97;B2 ENGENHARIA EQUIPAMENTOS E SERVIÇOS LTDA;06/06/2019;ME;206-2;47.44-0-05;2889;27/05/2026;Comércio varejista de ferragens, madeira e materiais de construção;"COMÉRCIO; REPARAÇÃO DE VEÍCULOS AUTOMOTORES E MOTOCICLETAS";G;47;47.4;DF
EED;33.852.688/0001-97;B2 ENGENHARIA EQUIPAMENTOS E SERVIÇOS LTDA;06/06/2019;ME;206-2;47.53-9-00;2889;27/05/2026;Comércio varejista especializado de eletrodomésticos e equipamentos de áudio e vídeo;"COMÉRCIO; REPARAÇÃO DE VEÍCULOS AUTOMOTORES E MOTOCICLETAS";G;47;47.5;DF
EED;33.852.688/0001-97;B2 ENGENHARIA EQUIPAMENTOS E SERVIÇOS LTDA;06/06/2019;ME;206-2;47.54-7-03;2889;27/05/2026;Comércio varejista especializado de móveis, colchoaria e artigos de iluminação;"COMÉRCIO; REPARAÇÃO DE VEÍCULOS AUTOMOTORES E MOTOCICLETAS";G;47;47.5;DF
EED;33.852.688/0001-97;B2 ENGENHARIA EQUIPAMENTOS E SERVIÇOS LTDA;06/06/2019;ME;206-2;47.59-8-99;2889;27/05/2026;Comércio varejista de artigos de uso doméstico não especificados anteriormente;"COMÉRCIO; REPARAÇÃO DE VEÍCULOS AUTOMOTORES E MOTOCICLETAS";G;47;47.5;DF
EED;33.852.688/0001-97;B2 ENGENHARIA EQUIPAMENTOS E SERVIÇOS LTDA;06/06/2019;ME;206-2;47.89-0-05;2889;27/05/2026;Comércio varejista de outros produtos novos não especificados anteriormente;"COMÉRCIO; REPARAÇÃO DE VEÍCULOS AUTOMOTORES E MOTOCICLETAS";G;47;47.8;DF
EED;33.852.688/0001-97;B2 ENGENHARIA EQUIPAMENTOS E SERVIÇOS LTDA;06/06/2019;ME;206-2;77.39-0-02;2889;27/05/2026;Aluguel de máquinas e equipamentos não especificados anteriormente;ATIVIDADES ADMINISTRATIVAS E SERVIÇOS COMPLEMENTARES;N;77;77.3;DF
EED;33.852.688/0001-97;B2 ENGENHARIA EQUIPAMENTOS E SERVIÇOS LTDA;06/06/2019;ME;206-2;77.39-0-99;2889;27/05/2026;Aluguel de máquinas e equipamentos não especificados anteriormente;ATIVIDADES ADMINISTRATIVAS E SERVIÇOS COMPLEMENTARES;N;77;77.3;DF
EED;33.852.688/0001-97;B2 ENGENHARIA EQUIPAMENTOS E SERVIÇOS LTDA;06/06/2019;ME;206-2;81.29-0-00;2889;27/05/2026;Atividades de limpeza não especificadas anteriormente;ATIVIDADES ADMINISTRATIVAS E SERVIÇOS COMPLEMENTARES;N;81;81.2;DF
EED;33.852.688/0001-97;B2 ENGENHARIA EQUIPAMENTOS E SERVIÇOS LTDA;06/06/2019;ME;206-2;85.99-6-04;2889;27/05/2026;Atividades de ensino não especificadas anteriormente;EDUCAÇÃO;P;85;85.9;DF
EED;40.523.566/0001-12;BEMBRAS DEVELOPER LTDA;22/01/2021;EPP;206-2;46.18-4-99;2889;27/05/2026;Representantes comerciais e agentes do comércio especializado em produtos não especificados anteriormente;"COMÉRCIO; REPARAÇÃO DE VEÍCULOS AUTOMOTORES E MOTOCICLETAS";G;46;46.1;SP
EED;40.523.566/0001-12;BEMBRAS DEVELOPER LTDA;22/01/2021;EPP;206-2;33.19-8-00;2889;27/05/2026;Manutenção e reparação de equipamentos e produtos não especificados anteriormente;INDÚSTRIAS DE TRANSFORMAÇÃO;C;33;33.1;SP
EED;40.523.566/0001-12;BEMBRAS DEVELOPER LTDA;22/01/2021;EPP;206-2;41.20-4-00;2889;27/05/2026;Construção de edifícios;CONSTRUÇÃO;F;41;41.2;SP
EED;40.523.566/0001-12;BEMBRAS DEVELOPER LTDA;22/01/2021;EPP;206-2;47.89-0-08;2889;27/05/2026;Comércio varejista de outros produtos novos não especificados anteriormente;"COMÉRCIO; REPARAÇÃO DE VEÍCULOS AUTOMOTORES E MOTOCICLETAS";G;47;47.8;SP
EED;40.523.566/0001-12;BEMBRAS DEVELOPER LTDA;22/01/2021;EPP;206-2;47.89-0-99;2889;27/05/2026;Comércio varejista de outros produtos novos não especificados anteriormente;"COMÉRCIO; REPARAÇÃO DE VEÍCULOS AUTOMOTORES E MOTOCICLETAS";G;47;47.8;SP
EED;40.523.566/0001-12;BEMBRAS DEVELOPER LTDA;22/01/2021;EPP;206-2;52.23-1-00;2889;27/05/2026;Estacionamento de veículos;TRANSPORTE, ARMAZENAGEM E CORREIO;H;52;52.2;SP
EED;40.523.566/0001-12;BEMBRAS DEVELOPER LTDA;22/01/2021;EPP;206-2;61.10-8-03;2889;27/05/2026;Telecomunicações por fio;INFORMAÇÃO E COMUNICAÇÃO;J;61;61.1;SP
EED;40.523.566/0001-12;BEMBRAS DEVELOPER LTDA;22/01/2021;EPP;206-2;61.90-6-99;2889;27/05/2026;Outras atividades de telecomunicações;INFORMAÇÃO E COMUNICAÇÃO;J;61;61.9;SP
EED;40.523.566/0001-12;BEMBRAS DEVELOPER LTDA;22/01/2021;EPP;206-2;62.02-3-00;2889;27/05/2026;Desenvolvimento e licenciamento de programas de computador customizáveis;INFORMAÇÃO E COMUNICAÇÃO;J;62;62.0;SP
EED;40.523.566/0001-12;BEMBRAS DEVELOPER LTDA;22/01/2021;EPP;206-2;62.03-1-00;2889;27/05/2026;Desenvolvimento e licenciamento de programas de computador não-customizáveis;INFORMAÇÃO E COMUNICAÇÃO;J;62;62.0;SP
EED;40.523.566/0001-12;BEMBRAS DEVELOPER LTDA;22/01/2021;EPP;206-2;62.04-0-00;2889;27/05/2026;Consultoria em tecnologia da informação;INFORMAÇÃO E COMUNICAÇÃO;J;62;62.0;SP
EED;40.523.566/0001-12;BEMBRAS DEVELOPER LTDA;22/01/2021;EPP;206-2;62.09-1-00;2889;27/05/2026;Suporte técnico, manutenção e outros serviços em tecnologia da informação;INFORMAÇÃO E COMUNICAÇÃO;J;62;62.0;SP
EED;40.523.566/0001-12;BEMBRAS DEVELOPER LTDA;22/01/2021;EPP;206-2;71.12-0-00;2889;27/05/2026;Serviços de engenharia;ATIVIDADES PROFISSIONAIS, CIENTÍFICAS E TÉCNICAS;M;71;71.1;SP
EED;40.523.566/0001-12;BEMBRAS DEVELOPER LTDA;22/01/2021;EPP;206-2;74.90-1-99;2889;27/05/2026;Atividades profissionais, científicas e técnicas não especificadas anteriormente;ATIVIDADES PROFISSIONAIS, CIENTÍFICAS E TÉCNICAS;M;74;74.9;SP
EED;40.523.566/0001-12;BEMBRAS DEVELOPER LTDA;22/01/2021;EPP;206-2;77.39-0-99;2889;27/05/2026;Aluguel de máquinas e equipamentos não especificados anteriormente;ATIVIDADES ADMINISTRATIVAS E SERVIÇOS COMPLEMENTARES;N;77;77.3;SP
EED;40.523.566/0001-12;BEMBRAS DEVELOPER LTDA;22/01/2021;EPP;206-2;80.20-0-01;2889;27/05/2026;Atividades de monitoramento de sistemas de segurança;ATIVIDADES ADMINISTRATIVAS E SERVIÇOS COMPLEMENTARES;N;80;80.2;SP
EED;40.523.566/0001-12;BEMBRAS DEVELOPER LTDA;22/01/2021;EPP;206-2;85.99-6-04;2889;27/05/2026;Atividades de ensino não especificadas anteriormente;EDUCAÇÃO;P;85;85.9;SP
EED;48.977.947/0001-83;BLACK ICE SECURITY LTDA;26/12/2022;EPP;206-2;62.09-1-00;2889;27/05/2026;Suporte técnico, manutenção e outros serviços em tecnologia da informação;INFORMAÇÃO E COMUNICAÇÃO;J;62;62.0;RJ
EED;48.977.947/0001-83;BLACK ICE SECURITY LTDA;26/12/2022;EPP;206-2;62.01-5-01;2889;27/05/2026;Desenvolvimento de programas de computador sob encomenda;INFORMAÇÃO E COMUNICAÇÃO;J;62;62.0;RJ
EED;48.977.947/0001-83;BLACK ICE SECURITY LTDA;26/12/2022;EPP;206-2;62.01-5-02;2889;27/05/2026;Desenvolvimento de programas de computador sob encomenda;INFORMAÇÃO E COMUNICAÇÃO;J;62;62.0;RJ
EED;48.977.947/0001-83;BLACK ICE SECURITY LTDA;26/12/2022;EPP;206-2;62.02-3-00;2889;27/05/2026;Desenvolvimento e licenciamento de programas de computador customizáveis;INFORMAÇÃO E COMUNICAÇÃO;J;62;62.0;RJ
EED;48.977.947/0001-83;BLACK ICE SECURITY LTDA;26/12/2022;EPP;206-2;62.03-1-00;2889;27/05/2026;Desenvolvimento e licenciamento de programas de computador não-customizáveis;INFORMAÇÃO E COMUNICAÇÃO;J;62;62.0;RJ
EED;48.977.947/0001-83;BLACK ICE SECURITY LTDA;26/12/2022;EPP;206-2;62.04-0-00;2889;27/05/2026;Consultoria em tecnologia da informação;INFORMAÇÃO E COMUNICAÇÃO;J;62;62.0;RJ
EED;49.266.759/0001-00;BRV AMMUNITION LTDA;20/01/2023;ME;206-2;25.50-1-02;2889;27/05/2026;Fabricação de equipamento bélico pesado, armas de fogo e munições;INDÚSTRIAS DE TRANSFORMAÇÃO;C;25;25.5;MG
EED;49.266.759/0001-00;BRV AMMUNITION LTDA;20/01/2023;ME;206-2;47.89-0-09;2889;27/05/2026;Comércio varejista de outros produtos novos não especificados anteriormente;"COMÉRCIO; REPARAÇÃO DE VEÍCULOS AUTOMOTORES E MOTOCICLETAS";G;47;47.8;MG
EED;49.266.759/0001-00;BRV AMMUNITION LTDA;20/01/2023;ME;206-2;49.30-2-03;2889;27/05/2026;Transporte rodoviário de carga;TRANSPORTE, ARMAZENAGEM E CORREIO;H;49;49.3;MG
EED;49.266.759/0001-00;BRV AMMUNITION LTDA;20/01/2023;ME;206-2;71.20-1-00;2889;27/05/2026;Testes e análises técnicas;ATIVIDADES PROFISSIONAIS, CIENTÍFICAS E TÉCNICAS;M;71;71.2;MG
EED;49.266.759/0001-00;BRV AMMUNITION LTDA;20/01/2023;ME;206-2;82.30-0-01;2889;27/05/2026;Atividades de organização de eventos, exceto culturais e esportivos;ATIVIDADES ADMINISTRATIVAS E SERVIÇOS COMPLEMENTARES;N;82;82.3;MG
EED;52.980.309/0001-99;D AVILA CONSULTORIA E SERVIÇOS DE ENGENHARIA LTDA;23/11/2023;ME;206-2;71.12-0-00;2889;27/05/2026;Serviços de engenharia;ATIVIDADES PROFISSIONAIS, CIENTÍFICAS E TÉCNICAS;M;71;71.1;SP
EED;52.980.309/0001-99;D AVILA CONSULTORIA E SERVIÇOS DE ENGENHARIA LTDA;23/11/2023;ME;206-2;62.04-0-00;2889;27/05/2026;Consultoria em tecnologia da informação;INFORMAÇÃO E COMUNICAÇÃO;J;62;62.0;SP
EED;52.980.309/0001-99;D AVILA CONSULTORIA E SERVIÇOS DE ENGENHARIA LTDA;23/11/2023;ME;206-2;70.20-4-00;2889;27/05/2026;Atividades de consultoria em gestão empresarial;ATIVIDADES PROFISSIONAIS, CIENTÍFICAS E TÉCNICAS;M;70;70.2;SP
EED;52.980.309/0001-99;D AVILA CONSULTORIA E SERVIÇOS DE ENGENHARIA LTDA;23/11/2023;ME;206-2;71.19-7-03;2889;27/05/2026;Atividades técnicas relacionadas à arquitetura e engenharia;ATIVIDADES PROFISSIONAIS, CIENTÍFICAS E TÉCNICAS;M;71;71.1;SP
EED;52.980.309/0001-99;D AVILA CONSULTORIA E SERVIÇOS DE ENGENHARIA LTDA;23/11/2023;ME;206-2;71.19-7-99;2889;27/05/2026;Atividades técnicas relacionadas à arquitetura e engenharia;ATIVIDADES PROFISSIONAIS, CIENTÍFICAS E TÉCNICAS;M;71;71.1;SP
EED;44.334.452/0001-85;DETERRENCE DEFENSE LTDA;23/11/2021;ME;206-2;71.12-0-00;2889;27/05/2026;Serviços de engenharia;ATIVIDADES PROFISSIONAIS, CIENTÍFICAS E TÉCNICAS;M;71;71.1;SP
EED;44.334.452/0001-85;DETERRENCE DEFENSE LTDA;23/11/2021;ME;206-2;33.12-1-02;2889;27/05/2026;Manutenção e reparação de equipamentos eletrônicos e ópticos;INDÚSTRIAS DE TRANSFORMAÇÃO;C;33;33.1;SP
EED;44.334.452/0001-85;DETERRENCE DEFENSE LTDA;23/11/2021;ME;206-2;33.12-1-04;2889;27/05/2026;Manutenção e reparação de equipamentos eletrônicos e ópticos;INDÚSTRIAS DE TRANSFORMAÇÃO;C;33;33.1;SP
EED;44.334.452/0001-85;DETERRENCE DEFENSE LTDA;23/11/2021;ME;206-2;33.13-9-02;2889;27/05/2026;Manutenção e reparação de máquinas e equipamentos elétricos;INDÚSTRIAS DE TRANSFORMAÇÃO;C;33;33.1;SP
EED;44.334.452/0001-85;DETERRENCE DEFENSE LTDA;23/11/2021;ME;206-2;33.13-9-99;2889;27/05/2026;Manutenção e reparação de máquinas e equipamentos elétricos;INDÚSTRIAS DE TRANSFORMAÇÃO;C;33;33.1;SP
EED;44.334.452/0001-85;DETERRENCE DEFENSE LTDA;23/11/2021;ME;206-2;33.14-7-02;2889;27/05/2026;Manutenção e reparação de máquinas e equipamentos da indústria mecânica;INDÚSTRIAS DE TRANSFORMAÇÃO;C;33;33.1;SP
EED;44.334.452/0001-85;DETERRENCE DEFENSE LTDA;23/11/2021;ME;206-2;33.14-7-03;2889;27/05/2026;Manutenção e reparação de máquinas e equipamentos da indústria mecânica;INDÚSTRIAS DE TRANSFORMAÇÃO;C;33;33.1;SP
EED;44.334.452/0001-85;DETERRENCE DEFENSE LTDA;23/11/2021;ME;206-2;33.14-7-06;2889;27/05/2026;Manutenção e reparação de máquinas e equipamentos da indústria mecânica;INDÚSTRIAS DE TRANSFORMAÇÃO;C;33;33.1;SP
EED;44.334.452/0001-85;DETERRENCE DEFENSE LTDA;23/11/2021;ME;206-2;33.14-7-07;2889;27/05/2026;Manutenção e reparação de máquinas e equipamentos da indústria mecânica;INDÚSTRIAS DE TRANSFORMAÇÃO;C;33;33.1;SP
EED;44.334.452/0001-85;DETERRENCE DEFENSE LTDA;23/11/2021;ME;206-2;33.14-7-10;2889;27/05/2026;Manutenção e reparação de máquinas e equipamentos da indústria mecânica;INDÚSTRIAS DE TRANSFORMAÇÃO;C;33;33.1;SP
EED;44.334.452/0001-85;DETERRENCE DEFENSE LTDA;23/11/2021;ME;206-2;33.14-7-99;2889;27/05/2026;Manutenção e reparação de máquinas e equipamentos da indústria mecânica;INDÚSTRIAS DE TRANSFORMAÇÃO;C;33;33.1;SP
EED;44.334.452/0001-85;DETERRENCE DEFENSE LTDA;23/11/2021;ME;206-2;33.16-3-01;2889;27/05/2026;Manutenção e reparação de aeronaves;INDÚSTRIAS DE TRANSFORMAÇÃO;C;33;33.1;SP
EED;44.334.452/0001-85;DETERRENCE DEFENSE LTDA;23/11/2021;ME;206-2;33.17-1-01;2889;27/05/2026;Manutenção e reparação de embarcações;INDÚSTRIAS DE TRANSFORMAÇÃO;C;33;33.1;SP
EED;44.334.452/0001-85;DETERRENCE DEFENSE LTDA;23/11/2021;ME;206-2;33.19-8-00;2889;27/05/2026;Manutenção e reparação de equipamentos e produtos não especificados anteriormente;INDÚSTRIAS DE TRANSFORMAÇÃO;C;33;33.1;SP
EED;44.334.452/0001-85;DETERRENCE DEFENSE LTDA;23/11/2021;ME;206-2;33.21-0-00;2889;27/05/2026;Instalação de máquinas e equipamentos industriais;INDÚSTRIAS DE TRANSFORMAÇÃO;C;33;33.2;SP
EED;44.334.452/0001-85;DETERRENCE DEFENSE LTDA;23/11/2021;ME;206-2;42.21-9-03;2889;27/05/2026;Obras para geração e distribuição de energia elétrica e para telecomunicações;CONSTRUÇÃO;F;42;42.2;SP
EED;44.334.452/0001-85;DETERRENCE DEFENSE LTDA;23/11/2021;ME;206-2;42.21-9-05;2889;27/05/2026;Obras para geração e distribuição de energia elétrica e para telecomunicações;CONSTRUÇÃO;F;42;42.2;SP
EED;44.334.452/0001-85;DETERRENCE DEFENSE LTDA;23/11/2021;ME;206-2;43.21-5-00;2889;27/05/2026;Instalações elétricas;CONSTRUÇÃO;F;43;43.2;SP
EED;44.334.452/0001-85;DETERRENCE DEFENSE LTDA;23/11/2021;ME;206-2;43.22-3-01;2889;27/05/2026;Instalações hidráulicas, de sistemas de ventilação e refrigeração;CONSTRUÇÃO;F;43;43.2;SP
EED;44.334.452/0001-85;DETERRENCE DEFENSE LTDA;23/11/2021;ME;206-2;43.22-3-02;2889;27/05/2026;Instalações hidráulicas, de sistemas de ventilação e refrigeração;CONSTRUÇÃO;F;43;43.2;SP
EED;44.334.452/0001-85;DETERRENCE DEFENSE LTDA;23/11/2021;ME;206-2;43.22-3-03;2889;27/05/2026;Instalações hidráulicas, de sistemas de ventilação e refrigeração;CONSTRUÇÃO;F;43;43.2;SP
EED;44.334.452/0001-85;DETERRENCE DEFENSE LTDA;23/11/2021;ME;206-2;43.29-1-02;2889;27/05/2026;Obras de instalações em construções não especificadas anteriormente;CONSTRUÇÃO;F;43;43.2;SP
EED;44.334.452/0001-85;DETERRENCE DEFENSE LTDA;23/11/2021;ME;206-2;43.29-1-04;2889;27/05/2026;Obras de instalações em construções não especificadas anteriormente;CONSTRUÇÃO;F;43;43.2;SP
EED;44.334.452/0001-85;DETERRENCE DEFENSE LTDA;23/11/2021;ME;206-2;43.29-1-05;2889;27/05/2026;Obras de instalações em construções não especificadas anteriormente;CONSTRUÇÃO;F;43;43.2;SP
EED;44.334.452/0001-85;DETERRENCE DEFENSE LTDA;23/11/2021;ME;206-2;43.99-1-01;2889;27/05/2026;Serviços especializados para construção não especificados anteriormente;CONSTRUÇÃO;F;43;43.9;SP
EED;44.334.452/0001-85;DETERRENCE DEFENSE LTDA;23/11/2021;ME;206-2;45.20-0-01;2889;27/05/2026;Manutenção e reparação de veículos automotores;"COMÉRCIO; REPARAÇÃO DE VEÍCULOS AUTOMOTORES E MOTOCICLETAS";G;45;45.2;SP
EED;44.334.452/0001-85;DETERRENCE DEFENSE LTDA;23/11/2021;ME;206-2;45.20-0-03;2889;27/05/2026;Manutenção e reparação de veículos automotores;"COMÉRCIO; REPARAÇÃO DE VEÍCULOS AUTOMOTORES E MOTOCICLETAS";G;45;45.2;SP
EED;44.334.452/0001-85;DETERRENCE DEFENSE LTDA;23/11/2021;ME;206-2;45.20-0-07;2889;27/05/2026;Manutenção e reparação de veículos automotores;"COMÉRCIO; REPARAÇÃO DE VEÍCULOS AUTOMOTORES E MOTOCICLETAS";G;45;45.2;SP
EED;44.334.452/0001-85;DETERRENCE DEFENSE LTDA;23/11/2021;ME;206-2;45.30-7-01;2889;27/05/2026;Comércio de peças e acessórios para veículos automotores;"COMÉRCIO; REPARAÇÃO DE VEÍCULOS AUTOMOTORES E MOTOCICLETAS";G;45;45.3;SP
EED;44.334.452/0001-85;DETERRENCE DEFENSE LTDA;23/11/2021;ME;206-2;45.30-7-03;2889;27/05/2026;Comércio de peças e acessórios para veículos automotores;"COMÉRCIO; REPARAÇÃO DE VEÍCULOS AUTOMOTORES E MOTOCICLETAS";G;45;45.3;SP
EED;44.334.452/0001-85;DETERRENCE DEFENSE LTDA;23/11/2021;ME;206-2;46.12-5-00;2889;27/05/2026;Representantes comerciais e agentes do comércio de combustíveis, minerais, produtos siderúrgicos e químicos;"COMÉRCIO; REPARAÇÃO DE VEÍCULOS AUTOMOTORES E MOTOCICLETAS";G;46;46.1;SP
EED;44.334.452/0001-85;DETERRENCE DEFENSE LTDA;23/11/2021;ME;206-2;46.14-1-00;2889;27/05/2026;Representantes comerciais e agentes do comércio de máquinas, equipamentos, embarcações e aeronaves;"COMÉRCIO; REPARAÇÃO DE VEÍCULOS AUTOMOTORES E MOTOCICLETAS";G;46;46.1;SP
EED;44.334.452/0001-85;DETERRENCE DEFENSE LTDA;23/11/2021;ME;206-2;47.42-3-00;2889;27/05/2026;Comércio varejista de material elétrico;"COMÉRCIO; REPARAÇÃO DE VEÍCULOS AUTOMOTORES E MOTOCICLETAS";G;47;47.4;SP
EED;44.334.452/0001-85;DETERRENCE DEFENSE LTDA;23/11/2021;ME;206-2;47.44-0-01;2889;27/05/2026;Comércio varejista de ferragens, madeira e materiais de construção;"COMÉRCIO; REPARAÇÃO DE VEÍCULOS AUTOMOTORES E MOTOCICLETAS";G;47;47.4;SP
EED;44.334.452/0001-85;DETERRENCE DEFENSE LTDA;23/11/2021;ME;206-2;47.44-0-03;2889;27/05/2026;Comércio varejista de ferragens, madeira e materiais de construção;"COMÉRCIO; REPARAÇÃO DE VEÍCULOS AUTOMOTORES E MOTOCICLETAS";G;47;47.4;SP
EED;44.334.452/0001-85;DETERRENCE DEFENSE LTDA;23/11/2021;ME;206-2;47.51-2-01;2889;27/05/2026;Comércio varejista especializado de equipamentos e suprimentos de informática;"COMÉRCIO; REPARAÇÃO DE VEÍCULOS AUTOMOTORES E MOTOCICLETAS";G;47;47.5;SP
EED;44.334.452/0001-85;DETERRENCE DEFENSE LTDA;23/11/2021;ME;206-2;47.52-1-00;2889;27/05/2026;Comércio varejista especializado de equipamentos de telefonia e comunicação;"COMÉRCIO; REPARAÇÃO DE VEÍCULOS AUTOMOTORES E MOTOCICLETAS";G;47;47.5;SP
EED;44.334.452/0001-85;DETERRENCE DEFENSE LTDA;23/11/2021;ME;206-2;47.53-9-00;2889;27/05/2026;Comércio varejista especializado de eletrodomésticos e equipamentos de áudio e vídeo;"COMÉRCIO; REPARAÇÃO DE VEÍCULOS AUTOMOTORES E MOTOCICLETAS";G;47;47.5;SP
EED;44.334.452/0001-85;DETERRENCE DEFENSE LTDA;23/11/2021;ME;206-2;47.57-1-00;2889;27/05/2026;Comércio varejista especializado de peças e acessórios para aparelhos eletroeletrônicos para uso doméstico, exceto informática e comunicação;"COMÉRCIO; REPARAÇÃO DE VEÍCULOS AUTOMOTORES E MOTOCICLETAS";G;47;47.5;SP
EED;44.334.452/0001-85;DETERRENCE DEFENSE LTDA;23/11/2021;ME;206-2;47.74-1-00;2889;27/05/2026;Comércio varejista de artigos de óptica;"COMÉRCIO; REPARAÇÃO DE VEÍCULOS AUTOMOTORES E MOTOCICLETAS";G;47;47.7;SP
EED;44.334.452/0001-85;DETERRENCE DEFENSE LTDA;23/11/2021;ME;206-2;47.89-0-06;2889;27/05/2026;Comércio varejista de outros produtos novos não especificados anteriormente;"COMÉRCIO; REPARAÇÃO DE VEÍCULOS AUTOMOTORES E MOTOCICLETAS";G;47;47.8;SP
EED;44.334.452/0001-85;DETERRENCE DEFENSE LTDA;23/11/2021;ME;206-2;62.01-5-01;2889;27/05/2026;Desenvolvimento de programas de computador sob encomenda;INFORMAÇÃO E COMUNICAÇÃO;J;62;62.0;SP
EED;44.334.452/0001-85;DETERRENCE DEFENSE LTDA;23/11/2021;ME;206-2;62.01-5-02;2889;27/05/2026;Desenvolvimento de programas de computador sob encomenda;INFORMAÇÃO E COMUNICAÇÃO;J;62;62.0;SP
EED;44.334.452/0001-85;DETERRENCE DEFENSE LTDA;23/11/2021;ME;206-2;62.02-3-00;2889;27/05/2026;Desenvolvimento e licenciamento de programas de computador customizáveis;INFORMAÇÃO E COMUNICAÇÃO;J;62;62.0;SP
EED;44.334.452/0001-85;DETERRENCE DEFENSE LTDA;23/11/2021;ME;206-2;62.03-1-00;2889;27/05/2026;Desenvolvimento e licenciamento de programas de computador não-customizáveis;INFORMAÇÃO E COMUNICAÇÃO;J;62;62.0;SP
EED;44.334.452/0001-85;DETERRENCE DEFENSE LTDA;23/11/2021;ME;206-2;62.04-0-00;2889;27/05/2026;Consultoria em tecnologia da informação;INFORMAÇÃO E COMUNICAÇÃO;J;62;62.0;SP
EED;44.334.452/0001-85;DETERRENCE DEFENSE LTDA;23/11/2021;ME;206-2;62.09-1-00;2889;27/05/2026;Suporte técnico, manutenção e outros serviços em tecnologia da informação;INFORMAÇÃO E COMUNICAÇÃO;J;62;62.0;SP
EED;44.334.452/0001-85;DETERRENCE DEFENSE LTDA;23/11/2021;ME;206-2;63.11-9-00;2889;27/05/2026;Tratamento de dados, provedores de serviços de aplicação e serviços de hospedagem na internet;INFORMAÇÃO E COMUNICAÇÃO;J;63;63.1;SP
EED;44.334.452/0001-85;DETERRENCE DEFENSE LTDA;23/11/2021;ME;206-2;63.19-4-00;2889;27/05/2026;Portais, provedores de conteúdo e outros serviços de informação na internet;INFORMAÇÃO E COMUNICAÇÃO;J;63;63.1;SP
EED;44.334.452/0001-85;DETERRENCE DEFENSE LTDA;23/11/2021;ME;206-2;63.99-2-00;2889;27/05/2026;Outras atividades de prestação de serviços de informação não especificadas anteriormente;INFORMAÇÃO E COMUNICAÇÃO;J;63;63.9;SP
EED;44.334.452/0001-85;DETERRENCE DEFENSE LTDA;23/11/2021;ME;206-2;71.19-7-03;2889;27/05/2026;Atividades técnicas relacionadas à arquitetura e engenharia;ATIVIDADES PROFISSIONAIS, CIENTÍFICAS E TÉCNICAS;M;71;71.1;SP
EED;44.334.452/0001-85;DETERRENCE DEFENSE LTDA;23/11/2021;ME;206-2;71.19-7-99;2889;27/05/2026;Atividades técnicas relacionadas à arquitetura e engenharia;ATIVIDADES PROFISSIONAIS, CIENTÍFICAS E TÉCNICAS;M;71;71.1;SP
EED;44.334.452/0001-85;DETERRENCE DEFENSE LTDA;23/11/2021;ME;206-2;71.20-1-00;2889;27/05/2026;Testes e análises técnicas;ATIVIDADES PROFISSIONAIS, CIENTÍFICAS E TÉCNICAS;M;71;71.2;SP
EED;44.334.452/0001-85;DETERRENCE DEFENSE LTDA;23/11/2021;ME;206-2;72.10-0-00;2889;27/05/2026;Pesquisa e desenvolvimento experimental em ciências físicas e naturais;ATIVIDADES PROFISSIONAIS, CIENTÍFICAS E TÉCNICAS;M;72;72.1;SP
EED;44.334.452/0001-85;DETERRENCE DEFENSE LTDA;23/11/2021;ME;206-2;74.20-0-01;2889;27/05/2026;Atividades fotográficas e similares;ATIVIDADES PROFISSIONAIS, CIENTÍFICAS E TÉCNICAS;M;74;74.2;SP
EED;44.334.452/0001-85;DETERRENCE DEFENSE LTDA;23/11/2021;ME;206-2;74.20-0-02;2889;27/05/2026;Atividades fotográficas e similares;ATIVIDADES PROFISSIONAIS, CIENTÍFICAS E TÉCNICAS;M;74;74.2;SP
EED;44.334.452/0001-85;DETERRENCE DEFENSE LTDA;23/11/2021;ME;206-2;74.90-1-99;2889;27/05/2026;Atividades profissionais, científicas e técnicas não especificadas anteriormente;ATIVIDADES PROFISSIONAIS, CIENTÍFICAS E TÉCNICAS;M;74;74.9;SP
EED;44.334.452/0001-85;DETERRENCE DEFENSE LTDA;23/11/2021;ME;206-2;77.39-0-02;2889;27/05/2026;Aluguel de máquinas e equipamentos não especificados anteriormente;ATIVIDADES ADMINISTRATIVAS E SERVIÇOS COMPLEMENTARES;N;77;77.3;SP
EED;44.334.452/0001-85;DETERRENCE DEFENSE LTDA;23/11/2021;ME;206-2;77.39-0-99;2889;27/05/2026;Aluguel de máquinas e equipamentos não especificados anteriormente;ATIVIDADES ADMINISTRATIVAS E SERVIÇOS COMPLEMENTARES;N;77;77.3;SP
EED;44.334.452/0001-85;DETERRENCE DEFENSE LTDA;23/11/2021;ME;206-2;77.40-3-00;2889;27/05/2026;Gestão de ativos intangíveis não-financeiros;ATIVIDADES ADMINISTRATIVAS E SERVIÇOS COMPLEMENTARES;N;77;77.4;SP
EED;44.334.452/0001-85;DETERRENCE DEFENSE LTDA;23/11/2021;ME;206-2;82.19-9-99;2889;27/05/2026;Fotocópias, preparação de documentos e outros serviços especializados de apoio administrativo;ATIVIDADES ADMINISTRATIVAS E SERVIÇOS COMPLEMENTARES;N;82;82.1;SP
EED;44.334.452/0001-85;DETERRENCE DEFENSE LTDA;23/11/2021;ME;206-2;82.30-0-01;2889;27/05/2026;Atividades de organização de eventos, exceto culturais e esportivos;ATIVIDADES ADMINISTRATIVAS E SERVIÇOS COMPLEMENTARES;N;82;82.3;SP
EED;44.334.452/0001-85;DETERRENCE DEFENSE LTDA;23/11/2021;ME;206-2;82.99-7-99;2889;27/05/2026;Atividades de serviços prestados principalmente às empresas não especificadas anteriormente;ATIVIDADES ADMINISTRATIVAS E SERVIÇOS COMPLEMENTARES;N;82;82.9;SP
EED;44.334.452/0001-85;DETERRENCE DEFENSE LTDA;23/11/2021;ME;206-2;85.99-6-02;2889;27/05/2026;Atividades de ensino não especificadas anteriormente;EDUCAÇÃO;P;85;85.9;SP
EED;44.334.452/0001-85;DETERRENCE DEFENSE LTDA;23/11/2021;ME;206-2;85.99-6-03;2889;27/05/2026;Atividades de ensino não especificadas anteriormente;EDUCAÇÃO;P;85;85.9;SP
EED;44.334.452/0001-85;DETERRENCE DEFENSE LTDA;23/11/2021;ME;206-2;85.99-6-04;2889;27/05/2026;Atividades de ensino não especificadas anteriormente;EDUCAÇÃO;P;85;85.9;SP
EED;44.334.452/0001-85;DETERRENCE DEFENSE LTDA;23/11/2021;ME;206-2;95.11-8-00;2889;27/05/2026;Reparação e manutenção de computadores e de equipamentos periféricos;OUTRAS ATIVIDADES DE SERVIÇOS;S;95;95.1;SP
EED;44.334.452/0001-85;DETERRENCE DEFENSE LTDA;23/11/2021;ME;206-2;95.12-6-00;2889;27/05/2026;Reparação e manutenção de equipamentos de comunicação;OUTRAS ATIVIDADES DE SERVIÇOS;S;95;95.1;SP
EED;40.901.359/0001-54;DOBSLIT SERVIÇOS E TECNOLOGIAS QUÂNTICAS LTDA;18/02/2021;EPP;206-2;62.02-3-00;2889;27/05/2026;Desenvolvimento e licenciamento de programas de computador customizáveis;INFORMAÇÃO E COMUNICAÇÃO;J;62;62.0;SP
EED;40.901.359/0001-54;DOBSLIT SERVIÇOS E TECNOLOGIAS QUÂNTICAS LTDA;18/02/2021;EPP;206-2;42.21-9-05;2889;27/05/2026;Obras para geração e distribuição de energia elétrica e para telecomunicações;CONSTRUÇÃO;F;42;42.2;SP
EED;40.901.359/0001-54;DOBSLIT SERVIÇOS E TECNOLOGIAS QUÂNTICAS LTDA;18/02/2021;EPP;206-2;47.51-2-01;2889;27/05/2026;Comércio varejista especializado de equipamentos e suprimentos de informática;"COMÉRCIO; REPARAÇÃO DE VEÍCULOS AUTOMOTORES E MOTOCICLETAS";G;47;47.5;SP
EED;40.901.359/0001-54;DOBSLIT SERVIÇOS E TECNOLOGIAS QUÂNTICAS LTDA;18/02/2021;EPP;206-2;47.52-1-00;2889;27/05/2026;Comércio varejista especializado de equipamentos de telefonia e comunicação;"COMÉRCIO; REPARAÇÃO DE VEÍCULOS AUTOMOTORES E MOTOCICLETAS";G;47;47.5;SP
EED;40.901.359/0001-54;DOBSLIT SERVIÇOS E TECNOLOGIAS QUÂNTICAS LTDA;18/02/2021;EPP;206-2;61.10-8-02;2889;27/05/2026;Telecomunicações por fio;INFORMAÇÃO E COMUNICAÇÃO;J;61;61.1;SP
EED;40.901.359/0001-54;DOBSLIT SERVIÇOS E TECNOLOGIAS QUÂNTICAS LTDA;18/02/2021;EPP;206-2;61.10-8-99;2889;27/05/2026;Telecomunicações por fio;INFORMAÇÃO E COMUNICAÇÃO;J;61;61.1;SP
EED;40.901.359/0001-54;DOBSLIT SERVIÇOS E TECNOLOGIAS QUÂNTICAS LTDA;18/02/2021;EPP;206-2;61.20-5-99;2889;27/05/2026;Telecomunicações sem fio;INFORMAÇÃO E COMUNICAÇÃO;J;61;61.2;SP
EED;40.901.359/0001-54;DOBSLIT SERVIÇOS E TECNOLOGIAS QUÂNTICAS LTDA;18/02/2021;EPP;206-2;61.30-2-00;2889;27/05/2026;Telecomunicações por satélite;INFORMAÇÃO E COMUNICAÇÃO;J;61;61.3;SP
EED;40.901.359/0001-54;DOBSLIT SERVIÇOS E TECNOLOGIAS QUÂNTICAS LTDA;18/02/2021;EPP;206-2;61.90-6-01;2889;27/05/2026;Outras atividades de telecomunicações;INFORMAÇÃO E COMUNICAÇÃO;J;61;61.9;SP
EED;40.901.359/0001-54;DOBSLIT SERVIÇOS E TECNOLOGIAS QUÂNTICAS LTDA;18/02/2021;EPP;206-2;62.01-5-01;2889;27/05/2026;Desenvolvimento de programas de computador sob encomenda;INFORMAÇÃO E COMUNICAÇÃO;J;62;62.0;SP
EED;40.901.359/0001-54;DOBSLIT SERVIÇOS E TECNOLOGIAS QUÂNTICAS LTDA;18/02/2021;EPP;206-2;62.03-1-00;2889;27/05/2026;Desenvolvimento e licenciamento de programas de computador não-customizáveis;INFORMAÇÃO E COMUNICAÇÃO;J;62;62.0;SP
EED;40.901.359/0001-54;DOBSLIT SERVIÇOS E TECNOLOGIAS QUÂNTICAS LTDA;18/02/2021;EPP;206-2;62.04-0-00;2889;27/05/2026;Consultoria em tecnologia da informação;INFORMAÇÃO E COMUNICAÇÃO;J;62;62.0;SP
EED;40.901.359/0001-54;DOBSLIT SERVIÇOS E TECNOLOGIAS QUÂNTICAS LTDA;18/02/2021;EPP;206-2;63.19-4-00;2889;27/05/2026;Portais, provedores de conteúdo e outros serviços de informação na internet;INFORMAÇÃO E COMUNICAÇÃO;J;63;63.1;SP
EED;40.901.359/0001-54;DOBSLIT SERVIÇOS E TECNOLOGIAS QUÂNTICAS LTDA;18/02/2021;EPP;206-2;72.10-0-00;2889;27/05/2026;Pesquisa e desenvolvimento experimental em ciências físicas e naturais;ATIVIDADES PROFISSIONAIS, CIENTÍFICAS E TÉCNICAS;M;72;72.1;SP
EED;40.901.359/0001-54;DOBSLIT SERVIÇOS E TECNOLOGIAS QUÂNTICAS LTDA;18/02/2021;EPP;206-2;82.30-0-01;2889;27/05/2026;Atividades de organização de eventos, exceto culturais e esportivos;ATIVIDADES ADMINISTRATIVAS E SERVIÇOS COMPLEMENTARES;N;82;82.3;SP
EED;40.901.359/0001-54;DOBSLIT SERVIÇOS E TECNOLOGIAS QUÂNTICAS LTDA;18/02/2021;EPP;206-2;85.92-9-99;2889;27/05/2026;Ensino de arte e cultura;EDUCAÇÃO;P;85;85.9;SP
EED;40.901.359/0001-54;DOBSLIT SERVIÇOS E TECNOLOGIAS QUÂNTICAS LTDA;18/02/2021;EPP;206-2;85.99-6-03;2889;27/05/2026;Atividades de ensino não especificadas anteriormente;EDUCAÇÃO;P;85;85.9;SP
EED;40.901.359/0001-54;DOBSLIT SERVIÇOS E TECNOLOGIAS QUÂNTICAS LTDA;18/02/2021;EPP;206-2;95.12-6-00;2889;27/05/2026;Reparação e manutenção de equipamentos de comunicação;OUTRAS ATIVIDADES DE SERVIÇOS;S;95;95.1;SP
EED;82.643.537/0001-34;ELECTRO AÇO ALTONA S A;07/05/1971;DEMAIS;204-6;24.51-2-00;2889;27/05/2026;Fundição de ferro e aço;INDÚSTRIAS DE TRANSFORMAÇÃO;C;24;24.5;SC
EED;82.643.537/0001-34;ELECTRO AÇO ALTONA S A;07/05/1971;DEMAIS;204-6;25.99-3-99;2889;27/05/2026;Fabricação de produtos de metal não especificados anteriormente;INDÚSTRIAS DE TRANSFORMAÇÃO;C;25;25.9;SC
EED;82.643.537/0001-34;ELECTRO AÇO ALTONA S A;07/05/1971;DEMAIS;204-6;38.12-2-00;2889;27/05/2026;Coleta de resíduos perigosos;ÁGUA, ESGOTO, ATIVIDADES DE GESTÃO DE RESÍDUOS E DESCONTAMINAÇÃO;E;38;38.1;SC
EED;82.643.537/0001-34;ELECTRO AÇO ALTONA S A;07/05/1971;DEMAIS;204-6;46.63-0-00;2889;27/05/2026;"Comércio atacadista de máquinas e equipamentos para uso industrial; partes e peças";"COMÉRCIO; REPARAÇÃO DE VEÍCULOS AUTOMOTORES E MOTOCICLETAS";G;46;46.6;SC
EED;82.643.537/0001-34;ELECTRO AÇO ALTONA S A;07/05/1971;DEMAIS;204-6;49.30-2-02;2889;27/05/2026;Transporte rodoviário de carga;TRANSPORTE, ARMAZENAGEM E CORREIO;H;49;49.3;SC
EED;82.643.537/0001-34;ELECTRO AÇO ALTONA S A;07/05/1971;DEMAIS;204-6;49.30-2-03;2889;27/05/2026;Transporte rodoviário de carga;TRANSPORTE, ARMAZENAGEM E CORREIO;H;49;49.3;SC
EED;00.717.484/0001-94;EMBRAVANT ENGENHARIA DE SISTEMAS LTDA;02/06/1995;EPP;206-2;71.12-0-00;2889;27/05/2026;Serviços de engenharia;ATIVIDADES PROFISSIONAIS, CIENTÍFICAS E TÉCNICAS;M;71;71.1;RJ
EED;00.717.484/0001-94;EMBRAVANT ENGENHARIA DE SISTEMAS LTDA;02/06/1995;EPP;206-2;69.11-7-03;2889;27/05/2026;Atividades jurídicas, exceto cartórios;ATIVIDADES PROFISSIONAIS, CIENTÍFICAS E TÉCNICAS;M;69;69.1;RJ
EED;00.717.484/0001-94;EMBRAVANT ENGENHARIA DE SISTEMAS LTDA;02/06/1995;EPP;206-2;72.10-0-00;2889;27/05/2026;Pesquisa e desenvolvimento experimental em ciências físicas e naturais;ATIVIDADES PROFISSIONAIS, CIENTÍFICAS E TÉCNICAS;M;72;72.1;RJ
EED;00.717.484/0001-94;EMBRAVANT ENGENHARIA DE SISTEMAS LTDA;02/06/1995;EPP;206-2;85.99-6-02;2889;27/05/2026;Atividades de ensino não especificadas anteriormente;EDUCAÇÃO;P;85;85.9;RJ
EED;00.717.484/0001-94;EMBRAVANT ENGENHARIA DE SISTEMAS LTDA;02/06/1995;EPP;206-2;85.99-6-04;2889;27/05/2026;Atividades de ensino não especificadas anteriormente;EDUCAÇÃO;P;85;85.9;RJ
EED;54.705.099/0001-56;FCX AERO LTDA;12/04/2024;ME;206-2;72.10-0-00;2889;27/05/2026;Pesquisa e desenvolvimento experimental em ciências físicas e naturais;ATIVIDADES PROFISSIONAIS, CIENTÍFICAS E TÉCNICAS;M;72;72.1;SP
EED;54.705.099/0001-56;FCX AERO LTDA;12/04/2024;ME;206-2;01.61-0-01;2889;27/05/2026;Atividades de apoio à agricultura;AGRICULTURA, PECUÁRIA E SERVIÇOS RELACIONADOS;A;01;01.6;SP
EED;54.705.099/0001-56;FCX AERO LTDA;12/04/2024;ME;206-2;01.61-0-99;2889;27/05/2026;Atividades de apoio à agricultura;AGRICULTURA, PECUÁRIA E SERVIÇOS RELACIONADOS;A;01;01.6;SP
EED;54.705.099/0001-56;FCX AERO LTDA;12/04/2024;ME;206-2;77.19-5-02;2889;27/05/2026;Locação de meios de transporte, exceto automóveis, sem condutor;ATIVIDADES ADMINISTRATIVAS E SERVIÇOS COMPLEMENTARES;N;77;77.1;SP
EED;54.705.099/0001-56;FCX AERO LTDA;12/04/2024;ME;206-2;80.11-1-01;2889;27/05/2026;Atividades de vigilância e segurança privada;ATIVIDADES ADMINISTRATIVAS E SERVIÇOS COMPLEMENTARES;N;80;80.1;SP
EED;14.785.345/0001-02;HI-MIX ELETRÔNICOS S/A;15/12/2011;DEMAIS;205-4;27.90-2-99;2889;27/05/2026;Fabricação de equipamentos e aparelhos elétricos não especificados anteriormente;INDÚSTRIAS DE TRANSFORMAÇÃO;C;27;27.9;PR
EED;14.785.345/0001-02;HI-MIX ELETRÔNICOS S/A;15/12/2011;DEMAIS;205-4;26.60-4-00;2889;27/05/2026;Fabricação de aparelhos eletromédicos e eletroterapêuticos e equipamentos de irradiação;INDÚSTRIAS DE TRANSFORMAÇÃO;C;26;26.6;PR
EED;14.785.345/0001-02;HI-MIX ELETRÔNICOS S/A;15/12/2011;DEMAIS;205-4;27.10-4-01;2889;27/05/2026;Fabricação de geradores, transformadores e motores elétricos;INDÚSTRIAS DE TRANSFORMAÇÃO;C;27;27.1;PR
EED;14.785.345/0001-02;HI-MIX ELETRÔNICOS S/A;15/12/2011;DEMAIS;205-4;33.13-9-99;2889;27/05/2026;Manutenção e reparação de máquinas e equipamentos elétricos;INDÚSTRIAS DE TRANSFORMAÇÃO;C;33;33.1;PR
EED;14.785.345/0001-02;HI-MIX ELETRÔNICOS S/A;15/12/2011;DEMAIS;205-4;46.45-1-01;2889;27/05/2026;Comércio atacadista de instrumentos e materiais para uso médico, cirúrgico, ortopédico e odontológico;"COMÉRCIO; REPARAÇÃO DE VEÍCULOS AUTOMOTORES E MOTOCICLETAS";G;46;46.4;PR
EED;14.785.345/0001-02;HI-MIX ELETRÔNICOS S/A;15/12/2011;DEMAIS;205-4;46.49-4-01;2889;27/05/2026;Comércio atacadista de equipamentos e artigos de uso pessoal e doméstico não especificados anteriormente;"COMÉRCIO; REPARAÇÃO DE VEÍCULOS AUTOMOTORES E MOTOCICLETAS";G;46;46.4;PR
EED;14.785.345/0001-02;HI-MIX ELETRÔNICOS S/A;15/12/2011;DEMAIS;205-4;46.49-4-02;2889;27/05/2026;Comércio atacadista de equipamentos e artigos de uso pessoal e doméstico não especificados anteriormente;"COMÉRCIO; REPARAÇÃO DE VEÍCULOS AUTOMOTORES E MOTOCICLETAS";G;46;46.4;PR
EED;14.785.345/0001-02;HI-MIX ELETRÔNICOS S/A;15/12/2011;DEMAIS;205-4;46.51-6-01;2889;27/05/2026;Comércio atacadista de computadores, periféricos e suprimentos de informática;"COMÉRCIO; REPARAÇÃO DE VEÍCULOS AUTOMOTORES E MOTOCICLETAS";G;46;46.5;PR
EED;14.785.345/0001-02;HI-MIX ELETRÔNICOS S/A;15/12/2011;DEMAIS;205-4;46.52-4-00;2889;27/05/2026;Comércio atacadista de componentes eletrônicos e equipamentos de telefonia e comunicação;"COMÉRCIO; REPARAÇÃO DE VEÍCULOS AUTOMOTORES E MOTOCICLETAS";G;46;46.5;PR
EED;14.785.345/0001-02;HI-MIX ELETRÔNICOS S/A;15/12/2011;DEMAIS;205-4;46.69-9-99;2889;27/05/2026;"Comércio atacadista de máquinas, aparelhos e equipamentos não especificados anteriormente; partes e peças";"COMÉRCIO; REPARAÇÃO DE VEÍCULOS AUTOMOTORES E MOTOCICLETAS";G;46;46.6;PR
EED;14.785.345/0001-02;HI-MIX ELETRÔNICOS S/A;15/12/2011;DEMAIS;205-4;47.53-9-00;2889;27/05/2026;Comércio varejista especializado de eletrodomésticos e equipamentos de áudio e vídeo;"COMÉRCIO; REPARAÇÃO DE VEÍCULOS AUTOMOTORES E MOTOCICLETAS";G;47;47.5;PR
EED;14.785.345/0001-02;HI-MIX ELETRÔNICOS S/A;15/12/2011;DEMAIS;205-4;47.89-0-08;2889;27/05/2026;Comércio varejista de outros produtos novos não especificados anteriormente;"COMÉRCIO; REPARAÇÃO DE VEÍCULOS AUTOMOTORES E MOTOCICLETAS";G;47;47.8;PR
EED;14.785.345/0001-02;HI-MIX ELETRÔNICOS S/A;15/12/2011;DEMAIS;205-4;52.11-7-99;2889;27/05/2026;Armazenamento;TRANSPORTE, ARMAZENAGEM E CORREIO;H;52;52.1;PR
EED;14.785.345/0001-02;HI-MIX ELETRÔNICOS S/A;15/12/2011;DEMAIS;205-4;64.63-8-00;2889;27/05/2026;Outras sociedades de participação, exceto holdings;ATIVIDADES FINANCEIRAS, DE SEGUROS E SERVIÇOS RELACIONADOS;K;64;64.6;PR
EED;14.785.345/0001-02;HI-MIX ELETRÔNICOS S/A;15/12/2011;DEMAIS;205-4;71.12-0-00;2889;27/05/2026;Serviços de engenharia;ATIVIDADES PROFISSIONAIS, CIENTÍFICAS E TÉCNICAS;M;71;71.1;PR
EED;14.785.345/0001-02;HI-MIX ELETRÔNICOS S/A;15/12/2011;DEMAIS;205-4;72.10-0-00;2889;27/05/2026;Pesquisa e desenvolvimento experimental em ciências físicas e naturais;ATIVIDADES PROFISSIONAIS, CIENTÍFICAS E TÉCNICAS;M;72;72.1;PR
EED;14.785.345/0001-02;HI-MIX ELETRÔNICOS S/A;15/12/2011;DEMAIS;205-4;77.33-1-00;2889;27/05/2026;Aluguel de máquinas e equipamentos para escritório;ATIVIDADES ADMINISTRATIVAS E SERVIÇOS COMPLEMENTARES;N;77;77.3;PR
EED;14.785.345/0001-02;HI-MIX ELETRÔNICOS S/A;15/12/2011;DEMAIS;205-4;95.11-8-00;2889;27/05/2026;Reparação e manutenção de computadores e de equipamentos periféricos;OUTRAS ATIVIDADES DE SERVIÇOS;S;95;95.1;PR
EED;19.235.134/0001-10;LABOROIL LTDA;07/07/1976;DEMAIS;206-2;71.20-1-00;2889;27/05/2026;Testes e análises técnicas;ATIVIDADES PROFISSIONAIS, CIENTÍFICAS E TÉCNICAS;M;71;71.2;MG
EED;19.235.134/0001-10;LABOROIL LTDA;07/07/1976;DEMAIS;206-2;46.86-9-02;2889;27/05/2026;Comércio atacadista de papel e papelão em bruto e de embalagens;"COMÉRCIO; REPARAÇÃO DE VEÍCULOS AUTOMOTORES E MOTOCICLETAS";G;46;46.8;MG
EED;02.162.259/0001-64;MWM - TUPY DO BRASIL LTDA;12/09/1997;DEMAIS;206-2;82.11-3-00;2889;27/05/2026;Serviços combinados de escritório e apoio administrativo;ATIVIDADES ADMINISTRATIVAS E SERVIÇOS COMPLEMENTARES;N;82;82.1;SP
EED;34.960.636/0001-05;NANONIB NANOTECNOLOGIA E INOVAÇÃO EM NIÓBIO LTDA;23/09/2019;EPP;206-2;20.19-3-99;2889;27/05/2026;Fabricação de produtos químicos inorgânicos não especificados anteriormente;INDÚSTRIAS DE TRANSFORMAÇÃO;C;20;20.1;MG
EED;34.960.636/0001-05;NANONIB NANOTECNOLOGIA E INOVAÇÃO EM NIÓBIO LTDA;23/09/2019;EPP;206-2;20.29-1-00;2889;27/05/2026;Fabricação de produtos químicos orgânicos não especificados anteriormente;INDÚSTRIAS DE TRANSFORMAÇÃO;C;20;20.2;MG
EED;34.960.636/0001-05;NANONIB NANOTECNOLOGIA E INOVAÇÃO EM NIÓBIO LTDA;23/09/2019;EPP;206-2;20.51-7-00;2889;27/05/2026;Fabricação de defensivos agrícolas;INDÚSTRIAS DE TRANSFORMAÇÃO;C;20;20.5;MG
EED;34.960.636/0001-05;NANONIB NANOTECNOLOGIA E INOVAÇÃO EM NIÓBIO LTDA;23/09/2019;EPP;206-2;20.99-1-99;2889;27/05/2026;Fabricação de produtos químicos não especificados anteriormente;INDÚSTRIAS DE TRANSFORMAÇÃO;C;20;20.9;MG
EED;34.960.636/0001-05;NANONIB NANOTECNOLOGIA E INOVAÇÃO EM NIÓBIO LTDA;23/09/2019;EPP;206-2;72.10-0-00;2889;27/05/2026;Pesquisa e desenvolvimento experimental em ciências físicas e naturais;ATIVIDADES PROFISSIONAIS, CIENTÍFICAS E TÉCNICAS;M;72;72.1;MG
EED;19.537.752/0034-82;ORGUEL INDÚSTRIA E LOCAÇÃO DE EQUIPAMENTOS S/A;14/08/2009;DEMAIS;205-4;77.32-2-01;2889;27/05/2026;Aluguel de máquinas e equipamentos para construção sem operador;ATIVIDADES ADMINISTRATIVAS E SERVIÇOS COMPLEMENTARES;N;77;77.3;MG
EED;19.537.752/0034-82;ORGUEL INDÚSTRIA E LOCAÇÃO DE EQUIPAMENTOS S/A;14/08/2009;DEMAIS;205-4;25.11-0-00;2889;27/05/2026;Fabricação de estruturas metálicas;INDÚSTRIAS DE TRANSFORMAÇÃO;C;25;25.1;MG
EED;19.537.752/0034-82;ORGUEL INDÚSTRIA E LOCAÇÃO DE EQUIPAMENTOS S/A;14/08/2009;DEMAIS;205-4;25.39-0-01;2889;27/05/2026;Serviços de usinagem, solda, tratamento e revestimento em metais;INDÚSTRIAS DE TRANSFORMAÇÃO;C;25;25.3;MG
EED;19.537.752/0034-82;ORGUEL INDÚSTRIA E LOCAÇÃO DE EQUIPAMENTOS S/A;14/08/2009;DEMAIS;205-4;25.39-0-02;2889;27/05/2026;Serviços de usinagem, solda, tratamento e revestimento em metais;INDÚSTRIAS DE TRANSFORMAÇÃO;C;25;25.3;MG
EED;19.537.752/0034-82;ORGUEL INDÚSTRIA E LOCAÇÃO DE EQUIPAMENTOS S/A;14/08/2009;DEMAIS;205-4;25.99-3-02;2889;27/05/2026;Fabricação de produtos de metal não especificados anteriormente;INDÚSTRIAS DE TRANSFORMAÇÃO;C;25;25.9;MG
EED;19.537.752/0034-82;ORGUEL INDÚSTRIA E LOCAÇÃO DE EQUIPAMENTOS S/A;14/08/2009;DEMAIS;205-4;25.99-3-99;2889;27/05/2026;Fabricação de produtos de metal não especificados anteriormente;INDÚSTRIAS DE TRANSFORMAÇÃO;C;25;25.9;MG
EED;19.537.752/0034-82;ORGUEL INDÚSTRIA E LOCAÇÃO DE EQUIPAMENTOS S/A;14/08/2009;DEMAIS;205-4;27.40-6-02;2889;27/05/2026;Fabricação de lâmpadas e outros equipamentos de iluminação;INDÚSTRIAS DE TRANSFORMAÇÃO;C;27;27.4;MG
EED;19.537.752/0034-82;ORGUEL INDÚSTRIA E LOCAÇÃO DE EQUIPAMENTOS S/A;14/08/2009;DEMAIS;205-4;28.22-4-01;2889;27/05/2026;Fabricação de máquinas, equipamentos e aparelhos para transporte e elevação de cargas e pessoas;INDÚSTRIAS DE TRANSFORMAÇÃO;C;28;28.2;MG
EED;19.537.752/0034-82;ORGUEL INDÚSTRIA E LOCAÇÃO DE EQUIPAMENTOS S/A;14/08/2009;DEMAIS;205-4;28.22-4-02;2889;27/05/2026;Fabricação de máquinas, equipamentos e aparelhos para transporte e elevação de cargas e pessoas;INDÚSTRIAS DE TRANSFORMAÇÃO;C;28;28.2;MG
EED;19.537.752/0034-82;ORGUEL INDÚSTRIA E LOCAÇÃO DE EQUIPAMENTOS S/A;14/08/2009;DEMAIS;205-4;28.29-1-99;2889;27/05/2026;Fabricação de máquinas e equipamentos de uso geral não especificados anteriormente;INDÚSTRIAS DE TRANSFORMAÇÃO;C;28;28.2;MG
EED;19.537.752/0034-82;ORGUEL INDÚSTRIA E LOCAÇÃO DE EQUIPAMENTOS S/A;14/08/2009;DEMAIS;205-4;33.13-9-01;2889;27/05/2026;Manutenção e reparação de máquinas e equipamentos elétricos;INDÚSTRIAS DE TRANSFORMAÇÃO;C;33;33.1;MG
EED;19.537.752/0034-82;ORGUEL INDÚSTRIA E LOCAÇÃO DE EQUIPAMENTOS S/A;14/08/2009;DEMAIS;205-4;33.14-7-02;2889;27/05/2026;Manutenção e reparação de máquinas e equipamentos da indústria mecânica;INDÚSTRIAS DE TRANSFORMAÇÃO;C;33;33.1;MG
EED;19.537.752/0034-82;ORGUEL INDÚSTRIA E LOCAÇÃO DE EQUIPAMENTOS S/A;14/08/2009;DEMAIS;205-4;33.14-7-08;2889;27/05/2026;Manutenção e reparação de máquinas e equipamentos da indústria mecânica;INDÚSTRIAS DE TRANSFORMAÇÃO;C;33;33.1;MG
EED;19.537.752/0034-82;ORGUEL INDÚSTRIA E LOCAÇÃO DE EQUIPAMENTOS S/A;14/08/2009;DEMAIS;205-4;33.14-7-13;2889;27/05/2026;Manutenção e reparação de máquinas e equipamentos da indústria mecânica;INDÚSTRIAS DE TRANSFORMAÇÃO;C;33;33.1;MG
EED;19.537.752/0034-82;ORGUEL INDÚSTRIA E LOCAÇÃO DE EQUIPAMENTOS S/A;14/08/2009;DEMAIS;205-4;43.99-1-02;2889;27/05/2026;Serviços especializados para construção não especificados anteriormente;CONSTRUÇÃO;F;43;43.9;MG
EED;19.537.752/0034-82;ORGUEL INDÚSTRIA E LOCAÇÃO DE EQUIPAMENTOS S/A;14/08/2009;DEMAIS;205-4;43.99-1-04;2889;27/05/2026;Serviços especializados para construção não especificados anteriormente;CONSTRUÇÃO;F;43;43.9;MG
EED;19.537.752/0034-82;ORGUEL INDÚSTRIA E LOCAÇÃO DE EQUIPAMENTOS S/A;14/08/2009;DEMAIS;205-4;43.99-1-99;2889;27/05/2026;Serviços especializados para construção não especificados anteriormente;CONSTRUÇÃO;F;43;43.9;MG
EED;19.537.752/0034-82;ORGUEL INDÚSTRIA E LOCAÇÃO DE EQUIPAMENTOS S/A;14/08/2009;DEMAIS;205-4;46.14-1-00;2889;27/05/2026;Representantes comerciais e agentes do comércio de máquinas, equipamentos, embarcações e aeronaves;"COMÉRCIO; REPARAÇÃO DE VEÍCULOS AUTOMOTORES E MOTOCICLETAS";G;46;46.1;MG
EED;19.537.752/0034-82;ORGUEL INDÚSTRIA E LOCAÇÃO DE EQUIPAMENTOS S/A;14/08/2009;DEMAIS;205-4;46.18-4-99;2889;27/05/2026;Representantes comerciais e agentes do comércio especializado em produtos não especificados anteriormente;"COMÉRCIO; REPARAÇÃO DE VEÍCULOS AUTOMOTORES E MOTOCICLETAS";G;46;46.1;MG
EED;19.537.752/0034-82;ORGUEL INDÚSTRIA E LOCAÇÃO DE EQUIPAMENTOS S/A;14/08/2009;DEMAIS;205-4;46.19-2-00;2889;27/05/2026;Representantes comerciais e agentes do comércio de mercadorias em geral não especializado;"COMÉRCIO; REPARAÇÃO DE VEÍCULOS AUTOMOTORES E MOTOCICLETAS";G;46;46.1;MG
EED;19.537.752/0034-82;ORGUEL INDÚSTRIA E LOCAÇÃO DE EQUIPAMENTOS S/A;14/08/2009;DEMAIS;205-4;46.62-1-00;2889;27/05/2026;"Comércio atacadista de máquinas, equipamentos para terraplenagem, mineração e construção; partes e peças";"COMÉRCIO; REPARAÇÃO DE VEÍCULOS AUTOMOTORES E MOTOCICLETAS";G;46;46.6;MG
EED;19.537.752/0034-82;ORGUEL INDÚSTRIA E LOCAÇÃO DE EQUIPAMENTOS S/A;14/08/2009;DEMAIS;205-4;46.63-0-00;2889;27/05/2026;"Comércio atacadista de máquinas e equipamentos para uso industrial; partes e peças";"COMÉRCIO; REPARAÇÃO DE VEÍCULOS AUTOMOTORES E MOTOCICLETAS";G;46;46.6;MG
EED;19.537.752/0034-82;ORGUEL INDÚSTRIA E LOCAÇÃO DE EQUIPAMENTOS S/A;14/08/2009;DEMAIS;205-4;46.69-9-99;2889;27/05/2026;"Comércio atacadista de máquinas, aparelhos e equipamentos não especificados anteriormente; partes e peças";"COMÉRCIO; REPARAÇÃO DE VEÍCULOS AUTOMOTORES E MOTOCICLETAS";G;46;46.6;MG
EED;19.537.752/0034-82;ORGUEL INDÚSTRIA E LOCAÇÃO DE EQUIPAMENTOS S/A;14/08/2009;DEMAIS;205-4;64.62-0-00;2889;27/05/2026;Holdings de instituições não-financeiras;ATIVIDADES FINANCEIRAS, DE SEGUROS E SERVIÇOS RELACIONADOS;K;64;64.6;MG
EED;19.537.752/0034-82;ORGUEL INDÚSTRIA E LOCAÇÃO DE EQUIPAMENTOS S/A;14/08/2009;DEMAIS;205-4;71.12-0-00;2889;27/05/2026;Serviços de engenharia;ATIVIDADES PROFISSIONAIS, CIENTÍFICAS E TÉCNICAS;M;71;71.1;MG
EED;19.537.752/0034-82;ORGUEL INDÚSTRIA E LOCAÇÃO DE EQUIPAMENTOS S/A;14/08/2009;DEMAIS;205-4;77.32-2-02;2889;27/05/2026;Aluguel de máquinas e equipamentos para construção sem operador;ATIVIDADES ADMINISTRATIVAS E SERVIÇOS COMPLEMENTARES;N;77;77.3;MG
EED;19.537.752/0034-82;ORGUEL INDÚSTRIA E LOCAÇÃO DE EQUIPAMENTOS S/A;14/08/2009;DEMAIS;205-4;77.39-0-99;2889;27/05/2026;Aluguel de máquinas e equipamentos não especificados anteriormente;ATIVIDADES ADMINISTRATIVAS E SERVIÇOS COMPLEMENTARES;N;77;77.3;MG
EED;19.537.752/0034-82;ORGUEL INDÚSTRIA E LOCAÇÃO DE EQUIPAMENTOS S/A;14/08/2009;DEMAIS;205-4;78.20-5-00;2889;27/05/2026;Locação de mão-de-obra temporária;ATIVIDADES ADMINISTRATIVAS E SERVIÇOS COMPLEMENTARES;N;78;78.2;MG
EED;19.537.752/0034-82;ORGUEL INDÚSTRIA E LOCAÇÃO DE EQUIPAMENTOS S/A;14/08/2009;DEMAIS;205-4;82.11-3-00;2889;27/05/2026;Serviços combinados de escritório e apoio administrativo;ATIVIDADES ADMINISTRATIVAS E SERVIÇOS COMPLEMENTARES;N;82;82.1;MG
EED;19.537.752/0034-82;ORGUEL INDÚSTRIA E LOCAÇÃO DE EQUIPAMENTOS S/A;14/08/2009;DEMAIS;205-4;85.99-6-99;2889;27/05/2026;Atividades de ensino não especificadas anteriormente;EDUCAÇÃO;P;85;85.9;MG
EED;13.883.037/0001-57;VENTURUS CENTRO DE INOVAÇÃO TECNOLÓGICA-AM;24/05/2011;DEMAIS;399-9;62.01-5-01;2889;27/05/2026;Desenvolvimento de programas de computador sob encomenda;INFORMAÇÃO E COMUNICAÇÃO;J;62;62.0;AM
EED;13.883.037/0001-57;VENTURUS CENTRO DE INOVAÇÃO TECNOLÓGICA-AM;24/05/2011;DEMAIS;399-9;62.02-3-00;2889;27/05/2026;Desenvolvimento e licenciamento de programas de computador customizáveis;INFORMAÇÃO E COMUNICAÇÃO;J;62;62.0;AM
EED;13.883.037/0001-57;VENTURUS CENTRO DE INOVAÇÃO TECNOLÓGICA-AM;24/05/2011;DEMAIS;399-9;62.03-1-00;2889;27/05/2026;Desenvolvimento e licenciamento de programas de computador não-customizáveis;INFORMAÇÃO E COMUNICAÇÃO;J;62;62.0;AM
EED;13.883.037/0001-57;VENTURUS CENTRO DE INOVAÇÃO TECNOLÓGICA-AM;24/05/2011;DEMAIS;399-9;62.04-0-00;2889;27/05/2026;Consultoria em tecnologia da informação;INFORMAÇÃO E COMUNICAÇÃO;J;62;62.0;AM
EED;13.883.037/0001-57;VENTURUS CENTRO DE INOVAÇÃO TECNOLÓGICA-AM;24/05/2011;DEMAIS;399-9;71.20-1-00;2889;27/05/2026;Testes e análises técnicas;ATIVIDADES PROFISSIONAIS, CIENTÍFICAS E TÉCNICAS;M;71;71.2;AM
EED;13.883.037/0001-57;VENTURUS CENTRO DE INOVAÇÃO TECNOLÓGICA-AM;24/05/2011;DEMAIS;399-9;85.99-6-03;2889;27/05/2026;Atividades de ensino não especificadas anteriormente;EDUCAÇÃO;P;85;85.9;AM
EED;23.870.018/0001-40;ZERUM RESEARCH AND TECHNOLOGY DO BRASIL LTDA;21/12/2015;DEMAIS;206-2;62.02-3-00;2889;27/05/2026;Desenvolvimento e licenciamento de programas de computador customizáveis;INFORMAÇÃO E COMUNICAÇÃO;J;62;62.0;DF
EED;23.870.018/0001-40;ZERUM RESEARCH AND TECHNOLOGY DO BRASIL LTDA;21/12/2015;DEMAIS;206-2;47.51-2-01;2889;27/05/2026;Comércio varejista especializado de equipamentos e suprimentos de informática;"COMÉRCIO; REPARAÇÃO DE VEÍCULOS AUTOMOTORES E MOTOCICLETAS";G;47;47.5;DF
EED;23.870.018/0001-40;ZERUM RESEARCH AND TECHNOLOGY DO BRASIL LTDA;21/12/2015;DEMAIS;206-2;62.01-5-01;2889;27/05/2026;Desenvolvimento de programas de computador sob encomenda;INFORMAÇÃO E COMUNICAÇÃO;J;62;62.0;DF
EED;23.870.018/0001-40;ZERUM RESEARCH AND TECHNOLOGY DO BRASIL LTDA;21/12/2015;DEMAIS;206-2;26.21-3-00;2889;27/05/2026;Fabricação de equipamentos de informática;INDÚSTRIAS DE TRANSFORMAÇÃO;C;26;26.2;DF
ED;60.055.695/0001-30;IDV BRASIL LTDA;24/03/2025;DEMAIS;206-2;30.50-4-00;2888;27/05/2026;Fabricação de veículos militares de combate;INDÚSTRIAS DE TRANSFORMAÇÃO;C;30;30.5;MG
ED;60.055.695/0001-30;IDV BRASIL LTDA;24/03/2025;DEMAIS;206-2;29.10-7-01;2888;27/05/2026;Fabricação de automóveis, camionetas e utilitários;INDÚSTRIAS DE TRANSFORMAÇÃO;C;29;29.1;MG
ED;60.055.695/0001-30;IDV BRASIL LTDA;24/03/2025;DEMAIS;206-2;29.20-4-01;2888;27/05/2026;Fabricação de caminhões e ônibus;INDÚSTRIAS DE TRANSFORMAÇÃO;C;29;29.2;MG
ED;60.055.695/0001-30;IDV BRASIL LTDA;24/03/2025;DEMAIS;206-2;45.11-1-03;2888;27/05/2026;Comércio a varejo e por atacado de veículos automotores;"COMÉRCIO; REPARAÇÃO DE VEÍCULOS AUTOMOTORES E MOTOCICLETAS";G;45;45.1;MG
ED;60.055.695/0001-30;IDV BRASIL LTDA;24/03/2025;DEMAIS;206-2;45.11-1-04;2888;27/05/2026;Comércio a varejo e por atacado de veículos automotores;"COMÉRCIO; REPARAÇÃO DE VEÍCULOS AUTOMOTORES E MOTOCICLETAS";G;45;45.1;MG
ED;60.055.695/0001-30;IDV BRASIL LTDA;24/03/2025;DEMAIS;206-2;45.20-0-01;2888;27/05/2026;Manutenção e reparação de veículos automotores;"COMÉRCIO; REPARAÇÃO DE VEÍCULOS AUTOMOTORES E MOTOCICLETAS";G;45;45.2;MG
ED;60.055.695/0001-30;IDV BRASIL LTDA;24/03/2025;DEMAIS;206-2;45.30-7-01;2888;27/05/2026;Comércio de peças e acessórios para veículos automotores;"COMÉRCIO; REPARAÇÃO DE VEÍCULOS AUTOMOTORES E MOTOCICLETAS";G;45;45.3;MG
ED;60.055.695/0001-30;IDV BRASIL LTDA;24/03/2025;DEMAIS;206-2;71.12-0-00;2888;27/05/2026;Serviços de engenharia;ATIVIDADES PROFISSIONAIS, CIENTÍFICAS E TÉCNICAS;M;71;71.1;MG
ED;60.055.695/0001-30;IDV BRASIL LTDA;24/03/2025;DEMAIS;206-2;71.20-1-00;2888;27/05/2026;Testes e análises técnicas;ATIVIDADES PROFISSIONAIS, CIENTÍFICAS E TÉCNICAS;M;71;71.2;MG
ED;43.996.693/0001-27;PPG INDUSTRIAL DO BRASIL - TINTAS E VERNIZES - LTDA;07/01/1974;DEMAIS;206-2;20.71-1-00;2888;27/05/2026;Fabricação de tintas, vernizes, esmaltes e lacas;INDÚSTRIAS DE TRANSFORMAÇÃO;C;20;20.7;SP
ED;43.996.693/0001-27;PPG INDUSTRIAL DO BRASIL - TINTAS E VERNIZES - LTDA;07/01/1974;DEMAIS;206-2;23.19-2-00;2888;27/05/2026;Fabricação de artigos de vidro;INDÚSTRIAS DE TRANSFORMAÇÃO;C;23;23.1;SP
ED;43.996.693/0001-27;PPG INDUSTRIAL DO BRASIL - TINTAS E VERNIZES - LTDA;07/01/1974;DEMAIS;206-2;25.39-0-02;2888;27/05/2026;Serviços de usinagem, solda, tratamento e revestimento em metais;INDÚSTRIAS DE TRANSFORMAÇÃO;C;25;25.3;SP
ED;43.996.693/0001-27;PPG INDUSTRIAL DO BRASIL - TINTAS E VERNIZES - LTDA;07/01/1974;DEMAIS;206-2;43.30-4-04;2888;27/05/2026;Obras de acabamento;CONSTRUÇÃO;F;43;43.3;SP
ED;43.996.693/0001-27;PPG INDUSTRIAL DO BRASIL - TINTAS E VERNIZES - LTDA;07/01/1974;DEMAIS;206-2;46.79-6-01;2888;27/05/2026;Comércio atacadista especializado de materiais de construção não especificados anteriormente e de materiais de construção em geral;"COMÉRCIO; REPARAÇÃO DE VEÍCULOS AUTOMOTORES E MOTOCICLETAS";G;46;46.7;SP
ED;43.996.693/0001-27;PPG INDUSTRIAL DO BRASIL - TINTAS E VERNIZES - LTDA;07/01/1974;DEMAIS;206-2;46.79-6-03;2888;27/05/2026;Comércio atacadista especializado de materiais de construção não especificados anteriormente e de materiais de construção em geral;"COMÉRCIO; REPARAÇÃO DE VEÍCULOS AUTOMOTORES E MOTOCICLETAS";G;46;46.7;SP
ED;43.996.693/0001-27;PPG INDUSTRIAL DO BRASIL - TINTAS E VERNIZES - LTDA;07/01/1974;DEMAIS;206-2;64.63-8-00;2888;27/05/2026;Outras sociedades de participação, exceto holdings;ATIVIDADES FINANCEIRAS, DE SEGUROS E SERVIÇOS RELACIONADOS;K;64;64.6;SP
ED;43.996.693/0001-27;PPG INDUSTRIAL DO BRASIL - TINTAS E VERNIZES - LTDA;07/01/1974;DEMAIS;206-2;71.20-1-00;2888;27/05/2026;Testes e análises técnicas;ATIVIDADES PROFISSIONAIS, CIENTÍFICAS E TÉCNICAS;M;71;71.2;SP
ED;43.996.693/0001-27;PPG INDUSTRIAL DO BRASIL - TINTAS E VERNIZES - LTDA;07/01/1974;DEMAIS;206-2;74.90-1-99;2888;27/05/2026;Atividades profissionais, científicas e técnicas não especificadas anteriormente;ATIVIDADES PROFISSIONAIS, CIENTÍFICAS E TÉCNICAS;M;74;74.9;SP
EED;34.032.252/0002-03;ACTATEC INDÚSTRIA E COMÉRCIO DE PEÇAS E ACESSÓRIOS PARA VEÍCULOS LTDA.;23/10/2020;DEMAIS;206-2;30.91-1-02;4433;28/08/2026;Fabricação de motocicletas;INDÚSTRIAS DE TRANSFORMAÇÃO;C;30;30.9;SP
EED;34.032.252/0002-03;ACTATEC INDÚSTRIA E COMÉRCIO DE PEÇAS E ACESSÓRIOS PARA VEÍCULOS LTDA.;23/10/2020;DEMAIS;206-2;13.23-5-00;4433;28/08/2026;Tecelagem de fios de fibras artificiais e sintéticas;INDÚSTRIAS DE TRANSFORMAÇÃO;C;13;13.2;SP
EED;34.032.252/0002-03;ACTATEC INDÚSTRIA E COMÉRCIO DE PEÇAS E ACESSÓRIOS PARA VEÍCULOS LTDA.;23/10/2020;DEMAIS;206-2;13.54-5-00;4433;28/08/2026;Fabricação de tecidos especiais, inclusive artefatos;INDÚSTRIAS DE TRANSFORMAÇÃO;C;13;13.5;SP
EED;34.032.252/0002-03;ACTATEC INDÚSTRIA E COMÉRCIO DE PEÇAS E ACESSÓRIOS PARA VEÍCULOS LTDA.;23/10/2020;DEMAIS;206-2;14.12-6-01;4433;28/08/2026;Confecção de peças do vestuário, exceto roupas íntimas;INDÚSTRIAS DE TRANSFORMAÇÃO;C;14;14.1;SP
EED;34.032.252/0002-03;ACTATEC INDÚSTRIA E COMÉRCIO DE PEÇAS E ACESSÓRIOS PARA VEÍCULOS LTDA.;23/10/2020;DEMAIS;206-2;14.13-4-01;4433;28/08/2026;Confecção de roupas profissionais;INDÚSTRIAS DE TRANSFORMAÇÃO;C;14;14.1;SP
EED;34.032.252/0002-03;ACTATEC INDÚSTRIA E COMÉRCIO DE PEÇAS E ACESSÓRIOS PARA VEÍCULOS LTDA.;23/10/2020;DEMAIS;206-2;18.30-0-03;4433;28/08/2026;Reprodução de materiais gravados em qualquer suporte;INDÚSTRIAS DE TRANSFORMAÇÃO;C;18;18.3;SP
EED;34.032.252/0002-03;ACTATEC INDÚSTRIA E COMÉRCIO DE PEÇAS E ACESSÓRIOS PARA VEÍCULOS LTDA.;23/10/2020;DEMAIS;206-2;23.11-7-00;4433;28/08/2026;Fabricação de vidro plano e de segurança;INDÚSTRIAS DE TRANSFORMAÇÃO;C;23;23.1;SP
EED;34.032.252/0002-03;ACTATEC INDÚSTRIA E COMÉRCIO DE PEÇAS E ACESSÓRIOS PARA VEÍCULOS LTDA.;23/10/2020;DEMAIS;206-2;23.19-2-00;4433;28/08/2026;Fabricação de artigos de vidro;INDÚSTRIAS DE TRANSFORMAÇÃO;C;23;23.1;SP
EED;34.032.252/0002-03;ACTATEC INDÚSTRIA E COMÉRCIO DE PEÇAS E ACESSÓRIOS PARA VEÍCULOS LTDA.;23/10/2020;DEMAIS;206-2;26.70-1-01;4433;28/08/2026;Fabricação de equipamentos e instrumentos ópticos, fotográficos e cinematográficos;INDÚSTRIAS DE TRANSFORMAÇÃO;C;26;26.7;SP
EED;34.032.252/0002-03;ACTATEC INDÚSTRIA E COMÉRCIO DE PEÇAS E ACESSÓRIOS PARA VEÍCULOS LTDA.;23/10/2020;DEMAIS;206-2;27.90-2-02;4433;28/08/2026;Fabricação de equipamentos e aparelhos elétricos não especificados anteriormente;INDÚSTRIAS DE TRANSFORMAÇÃO;C;27;27.9;SP
EED;34.032.252/0002-03;ACTATEC INDÚSTRIA E COMÉRCIO DE PEÇAS E ACESSÓRIOS PARA VEÍCULOS LTDA.;23/10/2020;DEMAIS;206-2;29.10-7-01;4433;28/08/2026;Fabricação de automóveis, camionetas e utilitários;INDÚSTRIAS DE TRANSFORMAÇÃO;C;29;29.1;SP
EED;34.032.252/0002-03;ACTATEC INDÚSTRIA E COMÉRCIO DE PEÇAS E ACESSÓRIOS PARA VEÍCULOS LTDA.;23/10/2020;DEMAIS;206-2;29.20-4-01;4433;28/08/2026;Fabricação de caminhões e ônibus;INDÚSTRIAS DE TRANSFORMAÇÃO;C;29;29.2;SP
EED;34.032.252/0002-03;ACTATEC INDÚSTRIA E COMÉRCIO DE PEÇAS E ACESSÓRIOS PARA VEÍCULOS LTDA.;23/10/2020;DEMAIS;206-2;29.30-1-01;4433;28/08/2026;Fabricação de cabines, carrocerias e reboques para veículos automotores;INDÚSTRIAS DE TRANSFORMAÇÃO;C;29;29.3;SP
EED;34.032.252/0002-03;ACTATEC INDÚSTRIA E COMÉRCIO DE PEÇAS E ACESSÓRIOS PARA VEÍCULOS LTDA.;23/10/2020;DEMAIS;206-2;29.30-1-02;4433;28/08/2026;Fabricação de cabines, carrocerias e reboques para veículos automotores;INDÚSTRIAS DE TRANSFORMAÇÃO;C;29;29.3;SP
EED;34.032.252/0002-03;ACTATEC INDÚSTRIA E COMÉRCIO DE PEÇAS E ACESSÓRIOS PARA VEÍCULOS LTDA.;23/10/2020;DEMAIS;206-2;29.30-1-03;4433;28/08/2026;Fabricação de cabines, carrocerias e reboques para veículos automotores;INDÚSTRIAS DE TRANSFORMAÇÃO;C;29;29.3;SP
EED;34.032.252/0002-03;ACTATEC INDÚSTRIA E COMÉRCIO DE PEÇAS E ACESSÓRIOS PARA VEÍCULOS LTDA.;23/10/2020;DEMAIS;206-2;29.49-2-99;4433;28/08/2026;Fabricação de peças e acessórios para veículos automotores não especificados anteriormente;INDÚSTRIAS DE TRANSFORMAÇÃO;C;29;29.4;SP
EED;34.032.252/0002-03;ACTATEC INDÚSTRIA E COMÉRCIO DE PEÇAS E ACESSÓRIOS PARA VEÍCULOS LTDA.;23/10/2020;DEMAIS;206-2;30.50-4-00;4433;28/08/2026;Fabricação de veículos militares de combate;INDÚSTRIAS DE TRANSFORMAÇÃO;C;30;30.5;SP
EED;34.032.252/0002-03;ACTATEC INDÚSTRIA E COMÉRCIO DE PEÇAS E ACESSÓRIOS PARA VEÍCULOS LTDA.;23/10/2020;DEMAIS;206-2;32.92-2-01;4433;28/08/2026;Fabricação de equipamentos e acessórios para segurança e proteção pessoal e profissional;INDÚSTRIAS DE TRANSFORMAÇÃO;C;32;32.9;SP
EED;34.032.252/0002-03;ACTATEC INDÚSTRIA E COMÉRCIO DE PEÇAS E ACESSÓRIOS PARA VEÍCULOS LTDA.;23/10/2020;DEMAIS;206-2;32.92-2-02;4433;28/08/2026;Fabricação de equipamentos e acessórios para segurança e proteção pessoal e profissional;INDÚSTRIAS DE TRANSFORMAÇÃO;C;32;32.9;SP
EED;34.032.252/0002-03;ACTATEC INDÚSTRIA E COMÉRCIO DE PEÇAS E ACESSÓRIOS PARA VEÍCULOS LTDA.;23/10/2020;DEMAIS;206-2;33.12-1-02;4433;28/08/2026;Manutenção e reparação de equipamentos eletrônicos e ópticos;INDÚSTRIAS DE TRANSFORMAÇÃO;C;33;33.1;SP
EED;34.032.252/0002-03;ACTATEC INDÚSTRIA E COMÉRCIO DE PEÇAS E ACESSÓRIOS PARA VEÍCULOS LTDA.;23/10/2020;DEMAIS;206-2;33.29-5-99;4433;28/08/2026;Instalação de equipamentos não especificados anteriormente;INDÚSTRIAS DE TRANSFORMAÇÃO;C;33;33.2;SP
EED;34.032.252/0002-03;ACTATEC INDÚSTRIA E COMÉRCIO DE PEÇAS E ACESSÓRIOS PARA VEÍCULOS LTDA.;23/10/2020;DEMAIS;206-2;43.22-3-02;4433;28/08/2026;Instalações hidráulicas, de sistemas de ventilação e refrigeração;CONSTRUÇÃO;F;43;43.2;SP
EED;34.032.252/0002-03;ACTATEC INDÚSTRIA E COMÉRCIO DE PEÇAS E ACESSÓRIOS PARA VEÍCULOS LTDA.;23/10/2020;DEMAIS;206-2;43.29-1-99;4433;28/08/2026;Obras de instalações em construções não especificadas anteriormente;CONSTRUÇÃO;F;43;43.2;SP
EED;34.032.252/0002-03;ACTATEC INDÚSTRIA E COMÉRCIO DE PEÇAS E ACESSÓRIOS PARA VEÍCULOS LTDA.;23/10/2020;DEMAIS;206-2;43.30-4-99;4433;28/08/2026;Obras de acabamento;CONSTRUÇÃO;F;43;43.3;SP
EED;34.032.252/0002-03;ACTATEC INDÚSTRIA E COMÉRCIO DE PEÇAS E ACESSÓRIOS PARA VEÍCULOS LTDA.;23/10/2020;DEMAIS;206-2;45.11-1-01;4433;28/08/2026;Comércio a varejo e por atacado de veículos automotores;"COMÉRCIO; REPARAÇÃO DE VEÍCULOS AUTOMOTORES E MOTOCICLETAS";G;45;45.1;SP
EED;34.032.252/0002-03;ACTATEC INDÚSTRIA E COMÉRCIO DE PEÇAS E ACESSÓRIOS PARA VEÍCULOS LTDA.;23/10/2020;DEMAIS;206-2;45.11-1-02;4433;28/08/2026;Comércio a varejo e por atacado de veículos automotores;"COMÉRCIO; REPARAÇÃO DE VEÍCULOS AUTOMOTORES E MOTOCICLETAS";G;45;45.1;SP
EED;34.032.252/0002-03;ACTATEC INDÚSTRIA E COMÉRCIO DE PEÇAS E ACESSÓRIOS PARA VEÍCULOS LTDA.;23/10/2020;DEMAIS;206-2;45.11-1-03;4433;28/08/2026;Comércio a varejo e por atacado de veículos automotores;"COMÉRCIO; REPARAÇÃO DE VEÍCULOS AUTOMOTORES E MOTOCICLETAS";G;45;45.1;SP
EED;34.032.252/0002-03;ACTATEC INDÚSTRIA E COMÉRCIO DE PEÇAS E ACESSÓRIOS PARA VEÍCULOS LTDA.;23/10/2020;DEMAIS;206-2;45.11-1-04;4433;28/08/2026;Comércio a varejo e por atacado de veículos automotores;"COMÉRCIO; REPARAÇÃO DE VEÍCULOS AUTOMOTORES E MOTOCICLETAS";G;45;45.1;SP
EED;34.032.252/0002-03;ACTATEC INDÚSTRIA E COMÉRCIO DE PEÇAS E ACESSÓRIOS PARA VEÍCULOS LTDA.;23/10/2020;DEMAIS;206-2;45.11-1-06;4433;28/08/2026;Comércio a varejo e por atacado de veículos automotores;"COMÉRCIO; REPARAÇÃO DE VEÍCULOS AUTOMOTORES E MOTOCICLETAS";G;45;45.1;SP
EED;34.032.252/0002-03;ACTATEC INDÚSTRIA E COMÉRCIO DE PEÇAS E ACESSÓRIOS PARA VEÍCULOS LTDA.;23/10/2020;DEMAIS;206-2;45.12-9-01;4433;28/08/2026;Representantes comerciais e agentes do comércio de veículos automotores;"COMÉRCIO; REPARAÇÃO DE VEÍCULOS AUTOMOTORES E MOTOCICLETAS";G;45;45.1;SP
EED;34.032.252/0002-03;ACTATEC INDÚSTRIA E COMÉRCIO DE PEÇAS E ACESSÓRIOS PARA VEÍCULOS LTDA.;23/10/2020;DEMAIS;206-2;45.20-0-01;4433;28/08/2026;Manutenção e reparação de veículos automotores;"COMÉRCIO; REPARAÇÃO DE VEÍCULOS AUTOMOTORES E MOTOCICLETAS";G;45;45.2;SP
EED;34.032.252/0002-03;ACTATEC INDÚSTRIA E COMÉRCIO DE PEÇAS E ACESSÓRIOS PARA VEÍCULOS LTDA.;23/10/2020;DEMAIS;206-2;45.20-0-02;4433;28/08/2026;Manutenção e reparação de veículos automotores;"COMÉRCIO; REPARAÇÃO DE VEÍCULOS AUTOMOTORES E MOTOCICLETAS";G;45;45.2;SP
EED;34.032.252/0002-03;ACTATEC INDÚSTRIA E COMÉRCIO DE PEÇAS E ACESSÓRIOS PARA VEÍCULOS LTDA.;23/10/2020;DEMAIS;206-2;45.20-0-03;4433;28/08/2026;Manutenção e reparação de veículos automotores;"COMÉRCIO; REPARAÇÃO DE VEÍCULOS AUTOMOTORES E MOTOCICLETAS";G;45;45.2;SP
EED;34.032.252/0002-03;ACTATEC INDÚSTRIA E COMÉRCIO DE PEÇAS E ACESSÓRIOS PARA VEÍCULOS LTDA.;23/10/2020;DEMAIS;206-2;45.20-0-04;4433;28/08/2026;Manutenção e reparação de veículos automotores;"COMÉRCIO; REPARAÇÃO DE VEÍCULOS AUTOMOTORES E MOTOCICLETAS";G;45;45.2;SP
EED;34.032.252/0002-03;ACTATEC INDÚSTRIA E COMÉRCIO DE PEÇAS E ACESSÓRIOS PARA VEÍCULOS LTDA.;23/10/2020;DEMAIS;206-2;45.20-0-05;4433;28/08/2026;Manutenção e reparação de veículos automotores;"COMÉRCIO; REPARAÇÃO DE VEÍCULOS AUTOMOTORES E MOTOCICLETAS";G;45;45.2;SP
EED;34.032.252/0002-03;ACTATEC INDÚSTRIA E COMÉRCIO DE PEÇAS E ACESSÓRIOS PARA VEÍCULOS LTDA.;23/10/2020;DEMAIS;206-2;45.20-0-07;4433;28/08/2026;Manutenção e reparação de veículos automotores;"COMÉRCIO; REPARAÇÃO DE VEÍCULOS AUTOMOTORES E MOTOCICLETAS";G;45;45.2;SP
EED;34.032.252/0002-03;ACTATEC INDÚSTRIA E COMÉRCIO DE PEÇAS E ACESSÓRIOS PARA VEÍCULOS LTDA.;23/10/2020;DEMAIS;206-2;45.30-7-01;4433;28/08/2026;Comércio de peças e acessórios para veículos automotores;"COMÉRCIO; REPARAÇÃO DE VEÍCULOS AUTOMOTORES E MOTOCICLETAS";G;45;45.3;SP
EED;34.032.252/0002-03;ACTATEC INDÚSTRIA E COMÉRCIO DE PEÇAS E ACESSÓRIOS PARA VEÍCULOS LTDA.;23/10/2020;DEMAIS;206-2;45.30-7-03;4433;28/08/2026;Comércio de peças e acessórios para veículos automotores;"COMÉRCIO; REPARAÇÃO DE VEÍCULOS AUTOMOTORES E MOTOCICLETAS";G;45;45.3;SP
EED;34.032.252/0002-03;ACTATEC INDÚSTRIA E COMÉRCIO DE PEÇAS E ACESSÓRIOS PARA VEÍCULOS LTDA.;23/10/2020;DEMAIS;206-2;45.30-7-06;4433;28/08/2026;Comércio de peças e acessórios para veículos automotores;"COMÉRCIO; REPARAÇÃO DE VEÍCULOS AUTOMOTORES E MOTOCICLETAS";G;45;45.3;SP
EED;34.032.252/0002-03;ACTATEC INDÚSTRIA E COMÉRCIO DE PEÇAS E ACESSÓRIOS PARA VEÍCULOS LTDA.;23/10/2020;DEMAIS;206-2;45.41-2-01;4433;28/08/2026;Comércio por atacado e a varejo de motocicletas, peças e acessórios;"COMÉRCIO; REPARAÇÃO DE VEÍCULOS AUTOMOTORES E MOTOCICLETAS";G;45;45.4;SP
EED;34.032.252/0002-03;ACTATEC INDÚSTRIA E COMÉRCIO DE PEÇAS E ACESSÓRIOS PARA VEÍCULOS LTDA.;23/10/2020;DEMAIS;206-2;45.41-2-03;4433;28/08/2026;Comércio por atacado e a varejo de motocicletas, peças e acessórios;"COMÉRCIO; REPARAÇÃO DE VEÍCULOS AUTOMOTORES E MOTOCICLETAS";G;45;45.4;SP
EED;34.032.252/0002-03;ACTATEC INDÚSTRIA E COMÉRCIO DE PEÇAS E ACESSÓRIOS PARA VEÍCULOS LTDA.;23/10/2020;DEMAIS;206-2;45.41-2-04;4433;28/08/2026;Comércio por atacado e a varejo de motocicletas, peças e acessórios;"COMÉRCIO; REPARAÇÃO DE VEÍCULOS AUTOMOTORES E MOTOCICLETAS";G;45;45.4;SP
EED;34.032.252/0002-03;ACTATEC INDÚSTRIA E COMÉRCIO DE PEÇAS E ACESSÓRIOS PARA VEÍCULOS LTDA.;23/10/2020;DEMAIS;206-2;45.41-2-06;4433;28/08/2026;Comércio por atacado e a varejo de motocicletas, peças e acessórios;"COMÉRCIO; REPARAÇÃO DE VEÍCULOS AUTOMOTORES E MOTOCICLETAS";G;45;45.4;SP
EED;34.032.252/0002-03;ACTATEC INDÚSTRIA E COMÉRCIO DE PEÇAS E ACESSÓRIOS PARA VEÍCULOS LTDA.;23/10/2020;DEMAIS;206-2;46.42-7-02;4433;28/08/2026;Comércio atacadista de artigos do vestuário e acessórios;"COMÉRCIO; REPARAÇÃO DE VEÍCULOS AUTOMOTORES E MOTOCICLETAS";G;46;46.4;SP
EED;34.032.252/0002-03;ACTATEC INDÚSTRIA E COMÉRCIO DE PEÇAS E ACESSÓRIOS PARA VEÍCULOS LTDA.;23/10/2020;DEMAIS;206-2;46.65-6-00;4433;28/08/2026;"Comércio atacadista de máquinas e equipamentos para uso comercial; partes e peças";"COMÉRCIO; REPARAÇÃO DE VEÍCULOS AUTOMOTORES E MOTOCICLETAS";G;46;46.6;SP
EED;34.032.252/0002-03;ACTATEC INDÚSTRIA E COMÉRCIO DE PEÇAS E ACESSÓRIOS PARA VEÍCULOS LTDA.;23/10/2020;DEMAIS;206-2;46.79-6-03;4433;28/08/2026;Comércio atacadista especializado de materiais de construção não especificados anteriormente e de materiais de construção em geral;"COMÉRCIO; REPARAÇÃO DE VEÍCULOS AUTOMOTORES E MOTOCICLETAS";G;46;46.7;SP
EED;34.032.252/0002-03;ACTATEC INDÚSTRIA E COMÉRCIO DE PEÇAS E ACESSÓRIOS PARA VEÍCULOS LTDA.;23/10/2020;DEMAIS;206-2;47.42-3-00;4433;28/08/2026;Comércio varejista de material elétrico;"COMÉRCIO; REPARAÇÃO DE VEÍCULOS AUTOMOTORES E MOTOCICLETAS";G;47;47.4;SP
EED;34.032.252/0002-03;ACTATEC INDÚSTRIA E COMÉRCIO DE PEÇAS E ACESSÓRIOS PARA VEÍCULOS LTDA.;23/10/2020;DEMAIS;206-2;47.51-2-01;4433;28/08/2026;Comércio varejista especializado de equipamentos e suprimentos de informática;"COMÉRCIO; REPARAÇÃO DE VEÍCULOS AUTOMOTORES E MOTOCICLETAS";G;47;47.5;SP
EED;34.032.252/0002-03;ACTATEC INDÚSTRIA E COMÉRCIO DE PEÇAS E ACESSÓRIOS PARA VEÍCULOS LTDA.;23/10/2020;DEMAIS;206-2;47.53-9-00;4433;28/08/2026;Comércio varejista especializado de eletrodomésticos e equipamentos de áudio e vídeo;"COMÉRCIO; REPARAÇÃO DE VEÍCULOS AUTOMOTORES E MOTOCICLETAS";G;47;47.5;SP
EED;34.032.252/0002-03;ACTATEC INDÚSTRIA E COMÉRCIO DE PEÇAS E ACESSÓRIOS PARA VEÍCULOS LTDA.;23/10/2020;DEMAIS;206-2;47.82-2-01;4433;28/08/2026;Comércio varejista de calçados e artigos de viagem;"COMÉRCIO; REPARAÇÃO DE VEÍCULOS AUTOMOTORES E MOTOCICLETAS";G;47;47.8;SP
EED;34.032.252/0002-03;ACTATEC INDÚSTRIA E COMÉRCIO DE PEÇAS E ACESSÓRIOS PARA VEÍCULOS LTDA.;23/10/2020;DEMAIS;206-2;47.89-0-99;4433;28/08/2026;Comércio varejista de outros produtos novos não especificados anteriormente;"COMÉRCIO; REPARAÇÃO DE VEÍCULOS AUTOMOTORES E MOTOCICLETAS";G;47;47.8;SP
EED;34.032.252/0002-03;ACTATEC INDÚSTRIA E COMÉRCIO DE PEÇAS E ACESSÓRIOS PARA VEÍCULOS LTDA.;23/10/2020;DEMAIS;206-2;49.30-2-02;4433;28/08/2026;Transporte rodoviário de carga;TRANSPORTE, ARMAZENAGEM E CORREIO;H;49;49.3;SP
EED;34.032.252/0002-03;ACTATEC INDÚSTRIA E COMÉRCIO DE PEÇAS E ACESSÓRIOS PARA VEÍCULOS LTDA.;23/10/2020;DEMAIS;206-2;49.30-2-03;4433;28/08/2026;Transporte rodoviário de carga;TRANSPORTE, ARMAZENAGEM E CORREIO;H;49;49.3;SP
EED;34.032.252/0002-03;ACTATEC INDÚSTRIA E COMÉRCIO DE PEÇAS E ACESSÓRIOS PARA VEÍCULOS LTDA.;23/10/2020;DEMAIS;206-2;52.11-7-99;4433;28/08/2026;Armazenamento;TRANSPORTE, ARMAZENAGEM E CORREIO;H;52;52.1;SP
EED;34.032.252/0002-03;ACTATEC INDÚSTRIA E COMÉRCIO DE PEÇAS E ACESSÓRIOS PARA VEÍCULOS LTDA.;23/10/2020;DEMAIS;206-2;52.29-0-02;4433;28/08/2026;Atividades auxiliares dos transportes terrestres não especificadas anteriormente;TRANSPORTE, ARMAZENAGEM E CORREIO;H;52;52.2;SP
EED;34.032.252/0002-03;ACTATEC INDÚSTRIA E COMÉRCIO DE PEÇAS E ACESSÓRIOS PARA VEÍCULOS LTDA.;23/10/2020;DEMAIS;206-2;62.01-5-01;4433;28/08/2026;Desenvolvimento de programas de computador sob encomenda;INFORMAÇÃO E COMUNICAÇÃO;J;62;62.0;SP
EED;34.032.252/0002-03;ACTATEC INDÚSTRIA E COMÉRCIO DE PEÇAS E ACESSÓRIOS PARA VEÍCULOS LTDA.;23/10/2020;DEMAIS;206-2;62.02-3-00;4433;28/08/2026;Desenvolvimento e licenciamento de programas de computador customizáveis;INFORMAÇÃO E COMUNICAÇÃO;J;62;62.0;SP
EED;34.032.252/0002-03;ACTATEC INDÚSTRIA E COMÉRCIO DE PEÇAS E ACESSÓRIOS PARA VEÍCULOS LTDA.;23/10/2020;DEMAIS;206-2;62.03-1-00;4433;28/08/2026;Desenvolvimento e licenciamento de programas de computador não-customizáveis;INFORMAÇÃO E COMUNICAÇÃO;J;62;62.0;SP
EED;34.032.252/0002-03;ACTATEC INDÚSTRIA E COMÉRCIO DE PEÇAS E ACESSÓRIOS PARA VEÍCULOS LTDA.;23/10/2020;DEMAIS;206-2;62.04-0-00;4433;28/08/2026;Consultoria em tecnologia da informação;INFORMAÇÃO E COMUNICAÇÃO;J;62;62.0;SP
EED;34.032.252/0002-03;ACTATEC INDÚSTRIA E COMÉRCIO DE PEÇAS E ACESSÓRIOS PARA VEÍCULOS LTDA.;23/10/2020;DEMAIS;206-2;62.09-1-00;4433;28/08/2026;Suporte técnico, manutenção e outros serviços em tecnologia da informação;INFORMAÇÃO E COMUNICAÇÃO;J;62;62.0;SP
EED;34.032.252/0002-03;ACTATEC INDÚSTRIA E COMÉRCIO DE PEÇAS E ACESSÓRIOS PARA VEÍCULOS LTDA.;23/10/2020;DEMAIS;206-2;63.11-9-00;4433;28/08/2026;Tratamento de dados, provedores de serviços de aplicação e serviços de hospedagem na internet;INFORMAÇÃO E COMUNICAÇÃO;J;63;63.1;SP
EED;34.032.252/0002-03;ACTATEC INDÚSTRIA E COMÉRCIO DE PEÇAS E ACESSÓRIOS PARA VEÍCULOS LTDA.;23/10/2020;DEMAIS;206-2;71.12-0-00;4433;28/08/2026;Serviços de engenharia;ATIVIDADES PROFISSIONAIS, CIENTÍFICAS E TÉCNICAS;M;71;71.1;SP
EED;34.032.252/0002-03;ACTATEC INDÚSTRIA E COMÉRCIO DE PEÇAS E ACESSÓRIOS PARA VEÍCULOS LTDA.;23/10/2020;DEMAIS;206-2;71.19-7-03;4433;28/08/2026;Atividades técnicas relacionadas à arquitetura e engenharia;ATIVIDADES PROFISSIONAIS, CIENTÍFICAS E TÉCNICAS;M;71;71.1;SP
EED;34.032.252/0002-03;ACTATEC INDÚSTRIA E COMÉRCIO DE PEÇAS E ACESSÓRIOS PARA VEÍCULOS LTDA.;23/10/2020;DEMAIS;206-2;71.19-7-99;4433;28/08/2026;Atividades técnicas relacionadas à arquitetura e engenharia;ATIVIDADES PROFISSIONAIS, CIENTÍFICAS E TÉCNICAS;M;71;71.1;SP
EED;34.032.252/0002-03;ACTATEC INDÚSTRIA E COMÉRCIO DE PEÇAS E ACESSÓRIOS PARA VEÍCULOS LTDA.;23/10/2020;DEMAIS;206-2;71.20-1-00;4433;28/08/2026;Testes e análises técnicas;ATIVIDADES PROFISSIONAIS, CIENTÍFICAS E TÉCNICAS;M;71;71.2;SP
EED;34.032.252/0002-03;ACTATEC INDÚSTRIA E COMÉRCIO DE PEÇAS E ACESSÓRIOS PARA VEÍCULOS LTDA.;23/10/2020;DEMAIS;206-2;74.90-1-04;4433;28/08/2026;Atividades profissionais, científicas e técnicas não especificadas anteriormente;ATIVIDADES PROFISSIONAIS, CIENTÍFICAS E TÉCNICAS;M;74;74.9;SP
EED;34.032.252/0002-03;ACTATEC INDÚSTRIA E COMÉRCIO DE PEÇAS E ACESSÓRIOS PARA VEÍCULOS LTDA.;23/10/2020;DEMAIS;206-2;74.90-1-99;4433;28/08/2026;Atividades profissionais, científicas e técnicas não especificadas anteriormente;ATIVIDADES PROFISSIONAIS, CIENTÍFICAS E TÉCNICAS;M;74;74.9;SP
EED;34.032.252/0002-03;ACTATEC INDÚSTRIA E COMÉRCIO DE PEÇAS E ACESSÓRIOS PARA VEÍCULOS LTDA.;23/10/2020;DEMAIS;206-2;77.19-5-99;4433;28/08/2026;Locação de meios de transporte, exceto automóveis, sem condutor;ATIVIDADES ADMINISTRATIVAS E SERVIÇOS COMPLEMENTARES;N;77;77.1;SP
EED;34.032.252/0002-03;ACTATEC INDÚSTRIA E COMÉRCIO DE PEÇAS E ACESSÓRIOS PARA VEÍCULOS LTDA.;23/10/2020;DEMAIS;206-2;82.11-3-00;4433;28/08/2026;Serviços combinados de escritório e apoio administrativo;ATIVIDADES ADMINISTRATIVAS E SERVIÇOS COMPLEMENTARES;N;82;82.1;SP
EED;30.046.596/0001-21;ALFA TECNOLOGIA E SERVIÇOS EM SENSORIAMENTO DE FIBRA ÓPTICA LTDA;27/03/2018;ME;206-2;26.51-5-00;4433;28/08/2026;Fabricação de aparelhos e equipamentos de medida, teste e controle;INDÚSTRIAS DE TRANSFORMAÇÃO;C;26;26.5;SP
EED;30.046.596/0001-21;ALFA TECNOLOGIA E SERVIÇOS EM SENSORIAMENTO DE FIBRA ÓPTICA LTDA;27/03/2018;ME;206-2;26.10-8-00;4433;28/08/2026;Fabricação de componentes eletrônicos;INDÚSTRIAS DE TRANSFORMAÇÃO;C;26;26.1;SP
EED;30.046.596/0001-21;ALFA TECNOLOGIA E SERVIÇOS EM SENSORIAMENTO DE FIBRA ÓPTICA LTDA;27/03/2018;ME;206-2;26.22-1-00;4433;28/08/2026;Fabricação de periféricos para equipamentos de informática;INDÚSTRIAS DE TRANSFORMAÇÃO;C;26;26.2;SP
EED;30.046.596/0001-21;ALFA TECNOLOGIA E SERVIÇOS EM SENSORIAMENTO DE FIBRA ÓPTICA LTDA;27/03/2018;ME;206-2;26.31-1-00;4433;28/08/2026;Fabricação de equipamentos transmissores de comunicação;INDÚSTRIAS DE TRANSFORMAÇÃO;C;26;26.3;SP
EED;30.046.596/0001-21;ALFA TECNOLOGIA E SERVIÇOS EM SENSORIAMENTO DE FIBRA ÓPTICA LTDA;27/03/2018;ME;206-2;26.70-1-01;4433;28/08/2026;Fabricação de equipamentos e instrumentos ópticos, fotográficos e cinematográficos;INDÚSTRIAS DE TRANSFORMAÇÃO;C;26;26.7;SP
EED;30.046.596/0001-21;ALFA TECNOLOGIA E SERVIÇOS EM SENSORIAMENTO DE FIBRA ÓPTICA LTDA;27/03/2018;ME;206-2;33.12-1-04;4433;28/08/2026;Manutenção e reparação de equipamentos eletrônicos e ópticos;INDÚSTRIAS DE TRANSFORMAÇÃO;C;33;33.1;SP
EED;30.046.596/0001-21;ALFA TECNOLOGIA E SERVIÇOS EM SENSORIAMENTO DE FIBRA ÓPTICA LTDA;27/03/2018;ME;206-2;47.51-2-01;4433;28/08/2026;Comércio varejista especializado de equipamentos e suprimentos de informática;"COMÉRCIO; REPARAÇÃO DE VEÍCULOS AUTOMOTORES E MOTOCICLETAS";G;47;47.5;SP
EED;30.046.596/0001-21;ALFA TECNOLOGIA E SERVIÇOS EM SENSORIAMENTO DE FIBRA ÓPTICA LTDA;27/03/2018;ME;206-2;61.90-6-99;4433;28/08/2026;Outras atividades de telecomunicações;INFORMAÇÃO E COMUNICAÇÃO;J;61;61.9;SP
EED;30.046.596/0001-21;ALFA TECNOLOGIA E SERVIÇOS EM SENSORIAMENTO DE FIBRA ÓPTICA LTDA;27/03/2018;ME;206-2;62.01-5-01;4433;28/08/2026;Desenvolvimento de programas de computador sob encomenda;INFORMAÇÃO E COMUNICAÇÃO;J;62;62.0;SP
EED;30.046.596/0001-21;ALFA TECNOLOGIA E SERVIÇOS EM SENSORIAMENTO DE FIBRA ÓPTICA LTDA;27/03/2018;ME;206-2;62.03-1-00;4433;28/08/2026;Desenvolvimento e licenciamento de programas de computador não-customizáveis;INFORMAÇÃO E COMUNICAÇÃO;J;62;62.0;SP
EED;30.046.596/0001-21;ALFA TECNOLOGIA E SERVIÇOS EM SENSORIAMENTO DE FIBRA ÓPTICA LTDA;27/03/2018;ME;206-2;62.04-0-00;4433;28/08/2026;Consultoria em tecnologia da informação;INFORMAÇÃO E COMUNICAÇÃO;J;62;62.0;SP
EED;30.046.596/0001-21;ALFA TECNOLOGIA E SERVIÇOS EM SENSORIAMENTO DE FIBRA ÓPTICA LTDA;27/03/2018;ME;206-2;62.09-1-00;4433;28/08/2026;Suporte técnico, manutenção e outros serviços em tecnologia da informação;INFORMAÇÃO E COMUNICAÇÃO;J;62;62.0;SP
EED;30.046.596/0001-21;ALFA TECNOLOGIA E SERVIÇOS EM SENSORIAMENTO DE FIBRA ÓPTICA LTDA;27/03/2018;ME;206-2;71.19-7-99;4433;28/08/2026;Atividades técnicas relacionadas à arquitetura e engenharia;ATIVIDADES PROFISSIONAIS, CIENTÍFICAS E TÉCNICAS;M;71;71.1;SP
EED;30.046.596/0001-21;ALFA TECNOLOGIA E SERVIÇOS EM SENSORIAMENTO DE FIBRA ÓPTICA LTDA;27/03/2018;ME;206-2;77.39-0-99;4433;28/08/2026;Aluguel de máquinas e equipamentos não especificados anteriormente;ATIVIDADES ADMINISTRATIVAS E SERVIÇOS COMPLEMENTARES;N;77;77.3;SP
EED;30.046.596/0001-21;ALFA TECNOLOGIA E SERVIÇOS EM SENSORIAMENTO DE FIBRA ÓPTICA LTDA;27/03/2018;ME;206-2;85.99-6-04;4433;28/08/2026;Atividades de ensino não especificadas anteriormente;EDUCAÇÃO;P;85;85.9;SP
EED;30.046.596/0001-21;ALFA TECNOLOGIA E SERVIÇOS EM SENSORIAMENTO DE FIBRA ÓPTICA LTDA;27/03/2018;ME;206-2;95.11-8-00;4433;28/08/2026;Reparação e manutenção de computadores e de equipamentos periféricos;OUTRAS ATIVIDADES DE SERVIÇOS;S;95;95.1;SP
EED;15.136.883/0001-39;ALIANÇA MILITAR INDÚSTRIA COMÉRCIO LTDA;05/03/2012;EPP;206-2;32.92-2-02;4433;28/08/2026;Fabricação de equipamentos e acessórios para segurança e proteção pessoal e profissional;INDÚSTRIAS DE TRANSFORMAÇÃO;C;32;32.9;MG
EED;15.136.883/0001-39;ALIANÇA MILITAR INDÚSTRIA COMÉRCIO LTDA;05/03/2012;EPP;206-2;14.13-4-03;4433;28/08/2026;Confecção de roupas profissionais;INDÚSTRIAS DE TRANSFORMAÇÃO;C;14;14.1;MG
EED;96.238.134/0001-14;CENIC ENGENHARIA INDÚSTRIA E COMÉRCIO LTDA;12/02/1993;DEMAIS;206-2;22.29-3-02;4433;28/08/2026;Fabricação de artefatos de material plástico não especificados anteriormente;INDÚSTRIAS DE TRANSFORMAÇÃO;C;22;22.2;SP
EED;96.238.134/0001-14;CENIC ENGENHARIA INDÚSTRIA E COMÉRCIO LTDA;12/02/1993;DEMAIS;206-2;71.12-0-00;4433;28/08/2026;Serviços de engenharia;ATIVIDADES PROFISSIONAIS, CIENTÍFICAS E TÉCNICAS;M;71;71.1;SP
EED;04.443.961/0001-21;COMÉRCIO E NAVEGAÇÃO PRATES LTDA;16/05/2001;DEMAIS;206-2;50.21-1-02;4433;28/08/2026;Transporte por navegação interior de carga;TRANSPORTE, ARMAZENAGEM E CORREIO;H;50;50.2;AM
EED;04.443.961/0001-21;COMÉRCIO E NAVEGAÇÃO PRATES LTDA;16/05/2001;DEMAIS;206-2;25.39-0-01;4433;28/08/2026;Serviços de usinagem, solda, tratamento e revestimento em metais;INDÚSTRIAS DE TRANSFORMAÇÃO;C;25;25.3;AM
EED;04.443.961/0001-21;COMÉRCIO E NAVEGAÇÃO PRATES LTDA;16/05/2001;DEMAIS;206-2;25.39-0-02;4433;28/08/2026;Serviços de usinagem, solda, tratamento e revestimento em metais;INDÚSTRIAS DE TRANSFORMAÇÃO;C;25;25.3;AM
EED;04.443.961/0001-21;COMÉRCIO E NAVEGAÇÃO PRATES LTDA;16/05/2001;DEMAIS;206-2;30.11-3-01;4433;28/08/2026;Construção de embarcações e estruturas flutuantes;INDÚSTRIAS DE TRANSFORMAÇÃO;C;30;30.1;AM
EED;04.443.961/0001-21;COMÉRCIO E NAVEGAÇÃO PRATES LTDA;16/05/2001;DEMAIS;206-2;30.11-3-02;4433;28/08/2026;Construção de embarcações e estruturas flutuantes;INDÚSTRIAS DE TRANSFORMAÇÃO;C;30;30.1;AM
EED;04.443.961/0001-21;COMÉRCIO E NAVEGAÇÃO PRATES LTDA;16/05/2001;DEMAIS;206-2;30.12-1-00;4433;28/08/2026;Construção de embarcações para esporte e lazer;INDÚSTRIAS DE TRANSFORMAÇÃO;C;30;30.1;AM
EED;04.443.961/0001-21;COMÉRCIO E NAVEGAÇÃO PRATES LTDA;16/05/2001;DEMAIS;206-2;33.14-7-01;4433;28/08/2026;Manutenção e reparação de máquinas e equipamentos da indústria mecânica;INDÚSTRIAS DE TRANSFORMAÇÃO;C;33;33.1;AM
EED;04.443.961/0001-21;COMÉRCIO E NAVEGAÇÃO PRATES LTDA;16/05/2001;DEMAIS;206-2;33.17-1-01;4433;28/08/2026;Manutenção e reparação de embarcações;INDÚSTRIAS DE TRANSFORMAÇÃO;C;33;33.1;AM
EED;04.443.961/0001-21;COMÉRCIO E NAVEGAÇÃO PRATES LTDA;16/05/2001;DEMAIS;206-2;33.17-1-02;4433;28/08/2026;Manutenção e reparação de embarcações;INDÚSTRIAS DE TRANSFORMAÇÃO;C;33;33.1;AM
EED;04.443.961/0001-21;COMÉRCIO E NAVEGAÇÃO PRATES LTDA;16/05/2001;DEMAIS;206-2;42.21-9-04;4433;28/08/2026;Obras para geração e distribuição de energia elétrica e para telecomunicações;CONSTRUÇÃO;F;42;42.2;AM
EED;04.443.961/0001-21;COMÉRCIO E NAVEGAÇÃO PRATES LTDA;16/05/2001;DEMAIS;206-2;42.21-9-05;4433;28/08/2026;Obras para geração e distribuição de energia elétrica e para telecomunicações;CONSTRUÇÃO;F;42;42.2;AM
EED;04.443.961/0001-21;COMÉRCIO E NAVEGAÇÃO PRATES LTDA;16/05/2001;DEMAIS;206-2;42.91-0-00;4433;28/08/2026;Obras portuárias, marítimas e fluviais;CONSTRUÇÃO;F;42;42.9;AM
EED;04.443.961/0001-21;COMÉRCIO E NAVEGAÇÃO PRATES LTDA;16/05/2001;DEMAIS;206-2;43.12-6-00;4433;28/08/2026;Perfurações e sondagens;CONSTRUÇÃO;F;43;43.1;AM
EED;04.443.961/0001-21;COMÉRCIO E NAVEGAÇÃO PRATES LTDA;16/05/2001;DEMAIS;206-2;43.99-1-04;4433;28/08/2026;Serviços especializados para construção não especificados anteriormente;CONSTRUÇÃO;F;43;43.9;AM
EED;04.443.961/0001-21;COMÉRCIO E NAVEGAÇÃO PRATES LTDA;16/05/2001;DEMAIS;206-2;46.61-3-00;4433;28/08/2026;"Comércio atacadista de máquinas, aparelhos e equipamentos para uso agropecuário; partes e peças";"COMÉRCIO; REPARAÇÃO DE VEÍCULOS AUTOMOTORES E MOTOCICLETAS";G;46;46.6;AM
EED;04.443.961/0001-21;COMÉRCIO E NAVEGAÇÃO PRATES LTDA;16/05/2001;DEMAIS;206-2;46.65-6-00;4433;28/08/2026;"Comércio atacadista de máquinas e equipamentos para uso comercial; partes e peças";"COMÉRCIO; REPARAÇÃO DE VEÍCULOS AUTOMOTORES E MOTOCICLETAS";G;46;46.6;AM
EED;04.443.961/0001-21;COMÉRCIO E NAVEGAÇÃO PRATES LTDA;16/05/2001;DEMAIS;206-2;46.69-9-99;4433;28/08/2026;"Comércio atacadista de máquinas, aparelhos e equipamentos não especificados anteriormente; partes e peças";"COMÉRCIO; REPARAÇÃO DE VEÍCULOS AUTOMOTORES E MOTOCICLETAS";G;46;46.6;AM
EED;04.443.961/0001-21;COMÉRCIO E NAVEGAÇÃO PRATES LTDA;16/05/2001;DEMAIS;206-2;46.83-4-00;4433;28/08/2026;Comércio atacadista de defensivos agrícolas, adubos, fertilizantes e corretivos do solo;"COMÉRCIO; REPARAÇÃO DE VEÍCULOS AUTOMOTORES E MOTOCICLETAS";G;46;46.8;AM
EED;04.443.961/0001-21;COMÉRCIO E NAVEGAÇÃO PRATES LTDA;16/05/2001;DEMAIS;206-2;47.44-0-04;4433;28/08/2026;Comércio varejista de ferragens, madeira e materiais de construção;"COMÉRCIO; REPARAÇÃO DE VEÍCULOS AUTOMOTORES E MOTOCICLETAS";G;47;47.4;AM
EED;04.443.961/0001-21;COMÉRCIO E NAVEGAÇÃO PRATES LTDA;16/05/2001;DEMAIS;206-2;47.44-0-99;4433;28/08/2026;Comércio varejista de ferragens, madeira e materiais de construção;"COMÉRCIO; REPARAÇÃO DE VEÍCULOS AUTOMOTORES E MOTOCICLETAS";G;47;47.4;AM
EED;04.443.961/0001-21;COMÉRCIO E NAVEGAÇÃO PRATES LTDA;16/05/2001;DEMAIS;206-2;49.30-2-02;4433;28/08/2026;Transporte rodoviário de carga;TRANSPORTE, ARMAZENAGEM E CORREIO;H;49;49.3;AM
EED;04.443.961/0001-21;COMÉRCIO E NAVEGAÇÃO PRATES LTDA;16/05/2001;DEMAIS;206-2;49.30-2-03;4433;28/08/2026;Transporte rodoviário de carga;TRANSPORTE, ARMAZENAGEM E CORREIO;H;49;49.3;AM
EED;04.443.961/0001-21;COMÉRCIO E NAVEGAÇÃO PRATES LTDA;16/05/2001;DEMAIS;206-2;50.11-4-01;4433;28/08/2026;Transporte marítimo de cabotagem;TRANSPORTE, ARMAZENAGEM E CORREIO;H;50;50.1;AM
EED;04.443.961/0001-21;COMÉRCIO E NAVEGAÇÃO PRATES LTDA;16/05/2001;DEMAIS;206-2;50.11-4-02;4433;28/08/2026;Transporte marítimo de cabotagem;TRANSPORTE, ARMAZENAGEM E CORREIO;H;50;50.1;AM
EED;04.443.961/0001-21;COMÉRCIO E NAVEGAÇÃO PRATES LTDA;16/05/2001;DEMAIS;206-2;50.12-2-01;4433;28/08/2026;Transporte marítimo de longo curso;TRANSPORTE, ARMAZENAGEM E CORREIO;H;50;50.1;AM
EED;04.443.961/0001-21;COMÉRCIO E NAVEGAÇÃO PRATES LTDA;16/05/2001;DEMAIS;206-2;50.21-1-01;4433;28/08/2026;Transporte por navegação interior de carga;TRANSPORTE, ARMAZENAGEM E CORREIO;H;50;50.2;AM
EED;04.443.961/0001-21;COMÉRCIO E NAVEGAÇÃO PRATES LTDA;16/05/2001;DEMAIS;206-2;50.22-0-01;4433;28/08/2026;Transporte por navegação interior de passageiros em linhas regulares;TRANSPORTE, ARMAZENAGEM E CORREIO;H;50;50.2;AM
EED;04.443.961/0001-21;COMÉRCIO E NAVEGAÇÃO PRATES LTDA;16/05/2001;DEMAIS;206-2;50.22-0-02;4433;28/08/2026;Transporte por navegação interior de passageiros em linhas regulares;TRANSPORTE, ARMAZENAGEM E CORREIO;H;50;50.2;AM
EED;04.443.961/0001-21;COMÉRCIO E NAVEGAÇÃO PRATES LTDA;16/05/2001;DEMAIS;206-2;50.30-1-01;4433;28/08/2026;Navegação de apoio;TRANSPORTE, ARMAZENAGEM E CORREIO;H;50;50.3;AM
EED;04.443.961/0001-21;COMÉRCIO E NAVEGAÇÃO PRATES LTDA;16/05/2001;DEMAIS;206-2;50.30-1-02;4433;28/08/2026;Navegação de apoio;TRANSPORTE, ARMAZENAGEM E CORREIO;H;50;50.3;AM
EED;04.443.961/0001-21;COMÉRCIO E NAVEGAÇÃO PRATES LTDA;16/05/2001;DEMAIS;206-2;50.91-2-01;4433;28/08/2026;Transporte por navegação de travessia;TRANSPORTE, ARMAZENAGEM E CORREIO;H;50;50.9;AM
EED;04.443.961/0001-21;COMÉRCIO E NAVEGAÇÃO PRATES LTDA;16/05/2001;DEMAIS;206-2;50.91-2-02;4433;28/08/2026;Transporte por navegação de travessia;TRANSPORTE, ARMAZENAGEM E CORREIO;H;50;50.9;AM
EED;04.443.961/0001-21;COMÉRCIO E NAVEGAÇÃO PRATES LTDA;16/05/2001;DEMAIS;206-2;50.99-8-99;4433;28/08/2026;Transportes aquaviários não especificados anteriormente;TRANSPORTE, ARMAZENAGEM E CORREIO;H;50;50.9;AM
EED;04.443.961/0001-21;COMÉRCIO E NAVEGAÇÃO PRATES LTDA;16/05/2001;DEMAIS;206-2;52.11-7-01;4433;28/08/2026;Armazenamento;TRANSPORTE, ARMAZENAGEM E CORREIO;H;52;52.1;AM
EED;04.443.961/0001-21;COMÉRCIO E NAVEGAÇÃO PRATES LTDA;16/05/2001;DEMAIS;206-2;52.12-5-00;4433;28/08/2026;Carga e descarga;TRANSPORTE, ARMAZENAGEM E CORREIO;H;52;52.1;AM
EED;04.443.961/0001-21;COMÉRCIO E NAVEGAÇÃO PRATES LTDA;16/05/2001;DEMAIS;206-2;52.31-1-01;4433;28/08/2026;Gestão de portos e terminais;TRANSPORTE, ARMAZENAGEM E CORREIO;H;52;52.3;AM
EED;04.443.961/0001-21;COMÉRCIO E NAVEGAÇÃO PRATES LTDA;16/05/2001;DEMAIS;206-2;52.31-1-02;4433;28/08/2026;Gestão de portos e terminais;TRANSPORTE, ARMAZENAGEM E CORREIO;H;52;52.3;AM
EED;04.443.961/0001-21;COMÉRCIO E NAVEGAÇÃO PRATES LTDA;16/05/2001;DEMAIS;206-2;52.31-1-03;4433;28/08/2026;Gestão de portos e terminais;TRANSPORTE, ARMAZENAGEM E CORREIO;H;52;52.3;AM
EED;04.443.961/0001-21;COMÉRCIO E NAVEGAÇÃO PRATES LTDA;16/05/2001;DEMAIS;206-2;52.32-0-00;4433;28/08/2026;Atividades de agenciamento marítimo;TRANSPORTE, ARMAZENAGEM E CORREIO;H;52;52.3;AM
EED;04.443.961/0001-21;COMÉRCIO E NAVEGAÇÃO PRATES LTDA;16/05/2001;DEMAIS;206-2;52.50-8-05;4433;28/08/2026;Atividades relacionadas à organização do transporte de carga;TRANSPORTE, ARMAZENAGEM E CORREIO;H;52;52.5;AM
EED;04.443.961/0001-21;COMÉRCIO E NAVEGAÇÃO PRATES LTDA;16/05/2001;DEMAIS;206-2;61.10-8-03;4433;28/08/2026;Telecomunicações por fio;INFORMAÇÃO E COMUNICAÇÃO;J;61;61.1;AM
EED;04.443.961/0001-21;COMÉRCIO E NAVEGAÇÃO PRATES LTDA;16/05/2001;DEMAIS;206-2;61.90-6-99;4433;28/08/2026;Outras atividades de telecomunicações;INFORMAÇÃO E COMUNICAÇÃO;J;61;61.9;AM
EED;04.443.961/0001-21;COMÉRCIO E NAVEGAÇÃO PRATES LTDA;16/05/2001;DEMAIS;206-2;71.12-0-00;4433;28/08/2026;Serviços de engenharia;ATIVIDADES PROFISSIONAIS, CIENTÍFICAS E TÉCNICAS;M;71;71.1;AM
EED;04.443.961/0001-21;COMÉRCIO E NAVEGAÇÃO PRATES LTDA;16/05/2001;DEMAIS;206-2;71.19-7-01;4433;28/08/2026;Atividades técnicas relacionadas à arquitetura e engenharia;ATIVIDADES PROFISSIONAIS, CIENTÍFICAS E TÉCNICAS;M;71;71.1;AM
EED;04.443.961/0001-21;COMÉRCIO E NAVEGAÇÃO PRATES LTDA;16/05/2001;DEMAIS;206-2;71.19-7-02;4433;28/08/2026;Atividades técnicas relacionadas à arquitetura e engenharia;ATIVIDADES PROFISSIONAIS, CIENTÍFICAS E TÉCNICAS;M;71;71.1;AM
EED;04.443.961/0001-21;COMÉRCIO E NAVEGAÇÃO PRATES LTDA;16/05/2001;DEMAIS;206-2;71.19-7-03;4433;28/08/2026;Atividades técnicas relacionadas à arquitetura e engenharia;ATIVIDADES PROFISSIONAIS, CIENTÍFICAS E TÉCNICAS;M;71;71.1;AM
EED;04.443.961/0001-21;COMÉRCIO E NAVEGAÇÃO PRATES LTDA;16/05/2001;DEMAIS;206-2;71.19-7-99;4433;28/08/2026;Atividades técnicas relacionadas à arquitetura e engenharia;ATIVIDADES PROFISSIONAIS, CIENTÍFICAS E TÉCNICAS;M;71;71.1;AM
EED;04.443.961/0001-21;COMÉRCIO E NAVEGAÇÃO PRATES LTDA;16/05/2001;DEMAIS;206-2;71.20-1-00;4433;28/08/2026;Testes e análises técnicas;ATIVIDADES PROFISSIONAIS, CIENTÍFICAS E TÉCNICAS;M;71;71.2;AM
EED;04.443.961/0001-21;COMÉRCIO E NAVEGAÇÃO PRATES LTDA;16/05/2001;DEMAIS;206-2;74.20-0-02;4433;28/08/2026;Atividades fotográficas e similares;ATIVIDADES PROFISSIONAIS, CIENTÍFICAS E TÉCNICAS;M;74;74.2;AM
EED;04.443.961/0001-21;COMÉRCIO E NAVEGAÇÃO PRATES LTDA;16/05/2001;DEMAIS;206-2;74.90-1-02;4433;28/08/2026;Atividades profissionais, científicas e técnicas não especificadas anteriormente;ATIVIDADES PROFISSIONAIS, CIENTÍFICAS E TÉCNICAS;M;74;74.9;AM
EED;04.443.961/0001-21;COMÉRCIO E NAVEGAÇÃO PRATES LTDA;16/05/2001;DEMAIS;206-2;77.19-5-01;4433;28/08/2026;Locação de meios de transporte, exceto automóveis, sem condutor;ATIVIDADES ADMINISTRATIVAS E SERVIÇOS COMPLEMENTARES;N;77;77.1;AM
EED;04.443.961/0001-21;COMÉRCIO E NAVEGAÇÃO PRATES LTDA;16/05/2001;DEMAIS;206-2;77.32-2-01;4433;28/08/2026;Aluguel de máquinas e equipamentos para construção sem operador;ATIVIDADES ADMINISTRATIVAS E SERVIÇOS COMPLEMENTARES;N;77;77.3;AM
EED;04.443.961/0001-21;COMÉRCIO E NAVEGAÇÃO PRATES LTDA;16/05/2001;DEMAIS;206-2;78.20-5-00;4433;28/08/2026;Locação de mão-de-obra temporária;ATIVIDADES ADMINISTRATIVAS E SERVIÇOS COMPLEMENTARES;N;78;78.2;AM
EED;04.443.961/0001-21;COMÉRCIO E NAVEGAÇÃO PRATES LTDA;16/05/2001;DEMAIS;206-2;95.12-6-00;4433;28/08/2026;Reparação e manutenção de equipamentos de comunicação;OUTRAS ATIVIDADES DE SERVIÇOS;S;95;95.1;AM
EED;09.586.433/0001-45;DOCK BRASIL ENGENHARIA E SERVIÇOS S.A.;25/04/2008;DEMAIS;205-4;33.17-1-01;4433;28/08/2026;Manutenção e reparação de embarcações;INDÚSTRIAS DE TRANSFORMAÇÃO;C;33;33.1;RJ
EED;09.586.433/0001-45;DOCK BRASIL ENGENHARIA E SERVIÇOS S.A.;25/04/2008;DEMAIS;205-4;30.11-3-01;4433;28/08/2026;Construção de embarcações e estruturas flutuantes;INDÚSTRIAS DE TRANSFORMAÇÃO;C;30;30.1;RJ
EED;09.586.433/0001-45;DOCK BRASIL ENGENHARIA E SERVIÇOS S.A.;25/04/2008;DEMAIS;205-4;33.13-9-01;4433;28/08/2026;Manutenção e reparação de máquinas e equipamentos elétricos;INDÚSTRIAS DE TRANSFORMAÇÃO;C;33;33.1;RJ
EED;09.586.433/0001-45;DOCK BRASIL ENGENHARIA E SERVIÇOS S.A.;25/04/2008;DEMAIS;205-4;33.14-7-99;4433;28/08/2026;Manutenção e reparação de máquinas e equipamentos da indústria mecânica;INDÚSTRIAS DE TRANSFORMAÇÃO;C;33;33.1;RJ
EED;09.586.433/0001-45;DOCK BRASIL ENGENHARIA E SERVIÇOS S.A.;25/04/2008;DEMAIS;205-4;42.91-0-00;4433;28/08/2026;Obras portuárias, marítimas e fluviais;CONSTRUÇÃO;F;42;42.9;RJ
EED;09.586.433/0001-45;DOCK BRASIL ENGENHARIA E SERVIÇOS S.A.;25/04/2008;DEMAIS;205-4;42.92-8-02;4433;28/08/2026;Montagem de instalações industriais e de estruturas metálicas;CONSTRUÇÃO;F;42;42.9;RJ
EED;09.586.433/0001-45;DOCK BRASIL ENGENHARIA E SERVIÇOS S.A.;25/04/2008;DEMAIS;205-4;46.63-0-00;4433;28/08/2026;"Comércio atacadista de máquinas e equipamentos para uso industrial; partes e peças";"COMÉRCIO; REPARAÇÃO DE VEÍCULOS AUTOMOTORES E MOTOCICLETAS";G;46;46.6;RJ
EED;09.586.433/0001-45;DOCK BRASIL ENGENHARIA E SERVIÇOS S.A.;25/04/2008;DEMAIS;205-4;68.10-2-02;4433;28/08/2026;Atividades imobiliárias de imóveis próprios;ATIVIDADES IMOBILIÁRIAS;L;68;68.1;RJ
EED;09.586.433/0001-45;DOCK BRASIL ENGENHARIA E SERVIÇOS S.A.;25/04/2008;DEMAIS;205-4;74.90-1-99;4433;28/08/2026;Atividades profissionais, científicas e técnicas não especificadas anteriormente;ATIVIDADES PROFISSIONAIS, CIENTÍFICAS E TÉCNICAS;M;74;74.9;RJ
EED;09.586.433/0001-45;DOCK BRASIL ENGENHARIA E SERVIÇOS S.A.;25/04/2008;DEMAIS;205-4;77.19-5-01;4433;28/08/2026;Locação de meios de transporte, exceto automóveis, sem condutor;ATIVIDADES ADMINISTRATIVAS E SERVIÇOS COMPLEMENTARES;N;77;77.1;RJ
EED;09.586.433/0001-45;DOCK BRASIL ENGENHARIA E SERVIÇOS S.A.;25/04/2008;DEMAIS;205-4;77.19-5-99;4433;28/08/2026;Locação de meios de transporte, exceto automóveis, sem condutor;ATIVIDADES ADMINISTRATIVAS E SERVIÇOS COMPLEMENTARES;N;77;77.1;RJ
EED;09.586.433/0001-45;DOCK BRASIL ENGENHARIA E SERVIÇOS S.A.;25/04/2008;DEMAIS;205-4;77.39-0-99;4433;28/08/2026;Aluguel de máquinas e equipamentos não especificados anteriormente;ATIVIDADES ADMINISTRATIVAS E SERVIÇOS COMPLEMENTARES;N;77;77.3;RJ
EED;09.586.433/0001-45;DOCK BRASIL ENGENHARIA E SERVIÇOS S.A.;25/04/2008;DEMAIS;205-4;81.29-0-00;4433;28/08/2026;Atividades de limpeza não especificadas anteriormente;ATIVIDADES ADMINISTRATIVAS E SERVIÇOS COMPLEMENTARES;N;81;81.2;RJ
EED;43.842.943/0001-74;ENOÁ AMAZÔNIA ENERGY SYSTEM LTDA;11/10/2021;DEMAIS;206-2;30.11-3-02;4433;28/08/2026;Construção de embarcações e estruturas flutuantes;INDÚSTRIAS DE TRANSFORMAÇÃO;C;30;30.1;AM
EED;43.842.943/0001-74;ENOÁ AMAZÔNIA ENERGY SYSTEM LTDA;11/10/2021;DEMAIS;206-2;20.12-6-00;4433;28/08/2026;Fabricação de intermediários para fertilizantes;INDÚSTRIAS DE TRANSFORMAÇÃO;C;20;20.1;AM
EED;43.842.943/0001-74;ENOÁ AMAZÔNIA ENERGY SYSTEM LTDA;11/10/2021;DEMAIS;206-2;20.19-3-99;4433;28/08/2026;Fabricação de produtos químicos inorgânicos não especificados anteriormente;INDÚSTRIAS DE TRANSFORMAÇÃO;C;20;20.1;AM
EED;43.842.943/0001-74;ENOÁ AMAZÔNIA ENERGY SYSTEM LTDA;11/10/2021;DEMAIS;206-2;20.99-1-99;4433;28/08/2026;Fabricação de produtos químicos não especificados anteriormente;INDÚSTRIAS DE TRANSFORMAÇÃO;C;20;20.9;AM
EED;43.842.943/0001-74;ENOÁ AMAZÔNIA ENERGY SYSTEM LTDA;11/10/2021;DEMAIS;206-2;23.99-1-99;4433;28/08/2026;Fabricação de produtos de minerais não-metálicos não especificados anteriormente;INDÚSTRIAS DE TRANSFORMAÇÃO;C;23;23.9;AM
EED;43.842.943/0001-74;ENOÁ AMAZÔNIA ENERGY SYSTEM LTDA;11/10/2021;DEMAIS;206-2;25.11-0-00;4433;28/08/2026;Fabricação de estruturas metálicas;INDÚSTRIAS DE TRANSFORMAÇÃO;C;25;25.1;AM
EED;43.842.943/0001-74;ENOÁ AMAZÔNIA ENERGY SYSTEM LTDA;11/10/2021;DEMAIS;206-2;25.12-8-00;4433;28/08/2026;Fabricação de esquadrias de metal;INDÚSTRIAS DE TRANSFORMAÇÃO;C;25;25.1;AM
EED;43.842.943/0001-74;ENOÁ AMAZÔNIA ENERGY SYSTEM LTDA;11/10/2021;DEMAIS;206-2;25.39-0-01;4433;28/08/2026;Serviços de usinagem, solda, tratamento e revestimento em metais;INDÚSTRIAS DE TRANSFORMAÇÃO;C;25;25.3;AM
EED;43.842.943/0001-74;ENOÁ AMAZÔNIA ENERGY SYSTEM LTDA;11/10/2021;DEMAIS;206-2;26.10-8-00;4433;28/08/2026;Fabricação de componentes eletrônicos;INDÚSTRIAS DE TRANSFORMAÇÃO;C;26;26.1;AM
EED;43.842.943/0001-74;ENOÁ AMAZÔNIA ENERGY SYSTEM LTDA;11/10/2021;DEMAIS;206-2;27.10-4-01;4433;28/08/2026;Fabricação de geradores, transformadores e motores elétricos;INDÚSTRIAS DE TRANSFORMAÇÃO;C;27;27.1;AM
EED;43.842.943/0001-74;ENOÁ AMAZÔNIA ENERGY SYSTEM LTDA;11/10/2021;DEMAIS;206-2;27.10-4-03;4433;28/08/2026;Fabricação de geradores, transformadores e motores elétricos;INDÚSTRIAS DE TRANSFORMAÇÃO;C;27;27.1;AM
EED;43.842.943/0001-74;ENOÁ AMAZÔNIA ENERGY SYSTEM LTDA;11/10/2021;DEMAIS;206-2;27.21-0-00;4433;28/08/2026;Fabricação de pilhas, baterias e acumuladores elétricos, exceto para veículos automotores;INDÚSTRIAS DE TRANSFORMAÇÃO;C;27;27.2;AM
EED;43.842.943/0001-74;ENOÁ AMAZÔNIA ENERGY SYSTEM LTDA;11/10/2021;DEMAIS;206-2;27.22-8-01;4433;28/08/2026;Fabricação de baterias e acumuladores para veículos automotores;INDÚSTRIAS DE TRANSFORMAÇÃO;C;27;27.2;AM
EED;43.842.943/0001-74;ENOÁ AMAZÔNIA ENERGY SYSTEM LTDA;11/10/2021;DEMAIS;206-2;27.22-8-02;4433;28/08/2026;Fabricação de baterias e acumuladores para veículos automotores;INDÚSTRIAS DE TRANSFORMAÇÃO;C;27;27.2;AM
EED;43.842.943/0001-74;ENOÁ AMAZÔNIA ENERGY SYSTEM LTDA;11/10/2021;DEMAIS;206-2;27.31-7-00;4433;28/08/2026;Fabricação de aparelhos e equipamentos para distribuição e controle de energia elétrica;INDÚSTRIAS DE TRANSFORMAÇÃO;C;27;27.3;AM
EED;43.842.943/0001-74;ENOÁ AMAZÔNIA ENERGY SYSTEM LTDA;11/10/2021;DEMAIS;206-2;27.32-5-00;4433;28/08/2026;Fabricação de material elétrico para instalações em circuito de consumo;INDÚSTRIAS DE TRANSFORMAÇÃO;C;27;27.3;AM
EED;43.842.943/0001-74;ENOÁ AMAZÔNIA ENERGY SYSTEM LTDA;11/10/2021;DEMAIS;206-2;28.12-7-00;4433;28/08/2026;Fabricação de equipamentos hidráulicos e pneumáticos, exceto válvulas;INDÚSTRIAS DE TRANSFORMAÇÃO;C;28;28.1;AM
EED;43.842.943/0001-74;ENOÁ AMAZÔNIA ENERGY SYSTEM LTDA;11/10/2021;DEMAIS;206-2;28.21-6-01;4433;28/08/2026;Fabricação de aparelhos e equipamentos para instalações térmicas;INDÚSTRIAS DE TRANSFORMAÇÃO;C;28;28.2;AM
EED;43.842.943/0001-74;ENOÁ AMAZÔNIA ENERGY SYSTEM LTDA;11/10/2021;DEMAIS;206-2;28.29-1-99;4433;28/08/2026;Fabricação de máquinas e equipamentos de uso geral não especificados anteriormente;INDÚSTRIAS DE TRANSFORMAÇÃO;C;28;28.2;AM
EED;43.842.943/0001-74;ENOÁ AMAZÔNIA ENERGY SYSTEM LTDA;11/10/2021;DEMAIS;206-2;28.33-0-00;4433;28/08/2026;Fabricação de máquinas e equipamentos para a agricultura e pecuária, exceto para irrigação;INDÚSTRIAS DE TRANSFORMAÇÃO;C;28;28.3;AM
EED;43.842.943/0001-74;ENOÁ AMAZÔNIA ENERGY SYSTEM LTDA;11/10/2021;DEMAIS;206-2;28.69-1-00;4433;28/08/2026;Fabricação de máquinas e equipamentos para uso industrial específico não especificados anteriormente;INDÚSTRIAS DE TRANSFORMAÇÃO;C;28;28.6;AM
EED;43.842.943/0001-74;ENOÁ AMAZÔNIA ENERGY SYSTEM LTDA;11/10/2021;DEMAIS;206-2;29.10-7-01;4433;28/08/2026;Fabricação de automóveis, camionetas e utilitários;INDÚSTRIAS DE TRANSFORMAÇÃO;C;29;29.1;AM
EED;43.842.943/0001-74;ENOÁ AMAZÔNIA ENERGY SYSTEM LTDA;11/10/2021;DEMAIS;206-2;29.20-4-01;4433;28/08/2026;Fabricação de caminhões e ônibus;INDÚSTRIAS DE TRANSFORMAÇÃO;C;29;29.2;AM
EED;43.842.943/0001-74;ENOÁ AMAZÔNIA ENERGY SYSTEM LTDA;11/10/2021;DEMAIS;206-2;29.30-1-03;4433;28/08/2026;Fabricação de cabines, carrocerias e reboques para veículos automotores;INDÚSTRIAS DE TRANSFORMAÇÃO;C;29;29.3;AM
EED;43.842.943/0001-74;ENOÁ AMAZÔNIA ENERGY SYSTEM LTDA;11/10/2021;DEMAIS;206-2;29.49-2-99;4433;28/08/2026;Fabricação de peças e acessórios para veículos automotores não especificados anteriormente;INDÚSTRIAS DE TRANSFORMAÇÃO;C;29;29.4;AM
EED;43.842.943/0001-74;ENOÁ AMAZÔNIA ENERGY SYSTEM LTDA;11/10/2021;DEMAIS;206-2;30.11-3-01;4433;28/08/2026;Construção de embarcações e estruturas flutuantes;INDÚSTRIAS DE TRANSFORMAÇÃO;C;30;30.1;AM
EED;43.842.943/0001-74;ENOÁ AMAZÔNIA ENERGY SYSTEM LTDA;11/10/2021;DEMAIS;206-2;46.69-9-99;4433;28/08/2026;"Comércio atacadista de máquinas, aparelhos e equipamentos não especificados anteriormente; partes e peças";"COMÉRCIO; REPARAÇÃO DE VEÍCULOS AUTOMOTORES E MOTOCICLETAS";G;46;46.6;AM
EED;43.842.943/0001-74;ENOÁ AMAZÔNIA ENERGY SYSTEM LTDA;11/10/2021;DEMAIS;206-2;62.01-5-01;4433;28/08/2026;Desenvolvimento de programas de computador sob encomenda;INFORMAÇÃO E COMUNICAÇÃO;J;62;62.0;AM
EED;43.842.943/0001-74;ENOÁ AMAZÔNIA ENERGY SYSTEM LTDA;11/10/2021;DEMAIS;206-2;62.02-3-00;4433;28/08/2026;Desenvolvimento e licenciamento de programas de computador customizáveis;INFORMAÇÃO E COMUNICAÇÃO;J;62;62.0;AM
EED;43.842.943/0001-74;ENOÁ AMAZÔNIA ENERGY SYSTEM LTDA;11/10/2021;DEMAIS;206-2;62.03-1-00;4433;28/08/2026;Desenvolvimento e licenciamento de programas de computador não-customizáveis;INFORMAÇÃO E COMUNICAÇÃO;J;62;62.0;AM
EED;43.842.943/0001-74;ENOÁ AMAZÔNIA ENERGY SYSTEM LTDA;11/10/2021;DEMAIS;206-2;72.10-0-00;4433;28/08/2026;Pesquisa e desenvolvimento experimental em ciências físicas e naturais;ATIVIDADES PROFISSIONAIS, CIENTÍFICAS E TÉCNICAS;M;72;72.1;AM
EED;51.251.014/0001-19;INSTITUTO 2D DE INOVAÇÃO E TECNOLOGIA DA AMAZÔNIA;10/05/2023;DEMAIS;399-9;72.10-0-00;4433;28/08/2026;Pesquisa e desenvolvimento experimental em ciências físicas e naturais;ATIVIDADES PROFISSIONAIS, CIENTÍFICAS E TÉCNICAS;M;72;72.1;AM
EED;51.251.014/0001-19;INSTITUTO 2D DE INOVAÇÃO E TECNOLOGIA DA AMAZÔNIA;10/05/2023;DEMAIS;399-9;71.20-1-00;4433;28/08/2026;Testes e análises técnicas;ATIVIDADES PROFISSIONAIS, CIENTÍFICAS E TÉCNICAS;M;71;71.2;AM
EED;63.700.553/0001-77;JURUÁ ESTALEIROS E NAVEGAÇÃO LTDA;04/06/1991;DEMAIS;206-2;30.11-3-01;4433;28/08/2026;Construção de embarcações e estruturas flutuantes;INDÚSTRIAS DE TRANSFORMAÇÃO;C;30;30.1;AM
EED;63.700.553/0001-77;JURUÁ ESTALEIROS E NAVEGAÇÃO LTDA;04/06/1991;DEMAIS;206-2;25.11-0-00;4433;28/08/2026;Fabricação de estruturas metálicas;INDÚSTRIAS DE TRANSFORMAÇÃO;C;25;25.1;AM
EED;63.700.553/0001-77;JURUÁ ESTALEIROS E NAVEGAÇÃO LTDA;04/06/1991;DEMAIS;206-2;25.13-6-00;4433;28/08/2026;Fabricação de obras de caldeiraria pesada;INDÚSTRIAS DE TRANSFORMAÇÃO;C;25;25.1;AM
EED;63.700.553/0001-77;JURUÁ ESTALEIROS E NAVEGAÇÃO LTDA;04/06/1991;DEMAIS;206-2;25.21-7-00;4433;28/08/2026;Fabricação de tanques, reservatórios metálicos e caldeiras para aquecimento central;INDÚSTRIAS DE TRANSFORMAÇÃO;C;25;25.2;AM
EED;63.700.553/0001-77;JURUÁ ESTALEIROS E NAVEGAÇÃO LTDA;04/06/1991;DEMAIS;206-2;30.11-3-02;4433;28/08/2026;Construção de embarcações e estruturas flutuantes;INDÚSTRIAS DE TRANSFORMAÇÃO;C;30;30.1;AM
EED;63.700.553/0001-77;JURUÁ ESTALEIROS E NAVEGAÇÃO LTDA;04/06/1991;DEMAIS;206-2;33.17-1-01;4433;28/08/2026;Manutenção e reparação de embarcações;INDÚSTRIAS DE TRANSFORMAÇÃO;C;33;33.1;AM
EED;63.700.553/0001-77;JURUÁ ESTALEIROS E NAVEGAÇÃO LTDA;04/06/1991;DEMAIS;206-2;42.91-0-00;4433;28/08/2026;Obras portuárias, marítimas e fluviais;CONSTRUÇÃO;F;42;42.9;AM
EED;63.700.553/0001-77;JURUÁ ESTALEIROS E NAVEGAÇÃO LTDA;04/06/1991;DEMAIS;206-2;43.99-1-99;4433;28/08/2026;Serviços especializados para construção não especificados anteriormente;CONSTRUÇÃO;F;43;43.9;AM
EED;63.700.553/0001-77;JURUÁ ESTALEIROS E NAVEGAÇÃO LTDA;04/06/1991;DEMAIS;206-2;50.11-4-01;4433;28/08/2026;Transporte marítimo de cabotagem;TRANSPORTE, ARMAZENAGEM E CORREIO;H;50;50.1;AM
EED;63.700.553/0001-77;JURUÁ ESTALEIROS E NAVEGAÇÃO LTDA;04/06/1991;DEMAIS;206-2;50.12-2-01;4433;28/08/2026;Transporte marítimo de longo curso;TRANSPORTE, ARMAZENAGEM E CORREIO;H;50;50.1;AM
EED;63.700.553/0001-77;JURUÁ ESTALEIROS E NAVEGAÇÃO LTDA;04/06/1991;DEMAIS;206-2;50.21-1-01;4433;28/08/2026;Transporte por navegação interior de carga;TRANSPORTE, ARMAZENAGEM E CORREIO;H;50;50.2;AM
EED;63.700.553/0001-77;JURUÁ ESTALEIROS E NAVEGAÇÃO LTDA;04/06/1991;DEMAIS;206-2;50.21-1-02;4433;28/08/2026;Transporte por navegação interior de carga;TRANSPORTE, ARMAZENAGEM E CORREIO;H;50;50.2;AM
EED;63.700.553/0001-77;JURUÁ ESTALEIROS E NAVEGAÇÃO LTDA;04/06/1991;DEMAIS;206-2;50.30-1-01;4433;28/08/2026;Navegação de apoio;TRANSPORTE, ARMAZENAGEM E CORREIO;H;50;50.3;AM
EED;63.700.553/0001-77;JURUÁ ESTALEIROS E NAVEGAÇÃO LTDA;04/06/1991;DEMAIS;206-2;50.30-1-02;4433;28/08/2026;Navegação de apoio;TRANSPORTE, ARMAZENAGEM E CORREIO;H;50;50.3;AM
EED;63.700.553/0001-77;JURUÁ ESTALEIROS E NAVEGAÇÃO LTDA;04/06/1991;DEMAIS;206-2;50.91-2-01;4433;28/08/2026;Transporte por navegação de travessia;TRANSPORTE, ARMAZENAGEM E CORREIO;H;50;50.9;AM
EED;63.700.553/0001-77;JURUÁ ESTALEIROS E NAVEGAÇÃO LTDA;04/06/1991;DEMAIS;206-2;50.91-2-02;4433;28/08/2026;Transporte por navegação de travessia;TRANSPORTE, ARMAZENAGEM E CORREIO;H;50;50.9;AM
EED;63.700.553/0001-77;JURUÁ ESTALEIROS E NAVEGAÇÃO LTDA;04/06/1991;DEMAIS;206-2;86.30-5-03;4433;28/08/2026;Atividades de atenção ambulatorial executadas por médicos e odontólogos;SAÚDE HUMANA E SERVIÇOS SOCIAIS;Q;86;86.3;AM
EED;50.738.928/0001-46;L C DE SOUZA EMBARCAÇÕES NAVAIS LTDA;19/05/2023;ME;206-2;30.12-1-00;4433;28/08/2026;Construção de embarcações para esporte e lazer;INDÚSTRIAS DE TRANSFORMAÇÃO;C;30;30.1;SC
EED;50.738.928/0001-46;L C DE SOUZA EMBARCAÇÕES NAVAIS LTDA;19/05/2023;ME;206-2;33.17-1-02;4433;28/08/2026;Manutenção e reparação de embarcações;INDÚSTRIAS DE TRANSFORMAÇÃO;C;33;33.1;SC
EED;50.738.928/0001-46;L C DE SOUZA EMBARCAÇÕES NAVAIS LTDA;19/05/2023;ME;206-2;47.63-6-05;4433;28/08/2026;Comércio varejista de artigos recreativos e esportivos;"COMÉRCIO; REPARAÇÃO DE VEÍCULOS AUTOMOTORES E MOTOCICLETAS";G;47;47.6;SC
EED;57.804.237/0001-42;LYNX INDÚSTRIA DE EQUIPAMENTOS DE SEGURANÇA DA INFORMAÇÃO LTDA;23/10/2024;ME;206-2;26.10-8-00;4433;28/08/2026;Fabricação de componentes eletrônicos;INDÚSTRIAS DE TRANSFORMAÇÃO;C;26;26.1;DF
EED;57.804.237/0001-42;LYNX INDÚSTRIA DE EQUIPAMENTOS DE SEGURANÇA DA INFORMAÇÃO LTDA;23/10/2024;ME;206-2;47.51-2-01;4433;28/08/2026;Comércio varejista especializado de equipamentos e suprimentos de informática;"COMÉRCIO; REPARAÇÃO DE VEÍCULOS AUTOMOTORES E MOTOCICLETAS";G;47;47.5;DF
EED;18.697.295/0001-62;MS TELECOM SERVICES LTDA;16/08/2013;EPP;206-2;95.12-6-00;4433;28/08/2026;Reparação e manutenção de equipamentos de comunicação;OUTRAS ATIVIDADES DE SERVIÇOS;S;95;95.1;SP
EED;18.697.295/0001-62;MS TELECOM SERVICES LTDA;16/08/2013;EPP;206-2;46.52-4-00;4433;28/08/2026;Comércio atacadista de componentes eletrônicos e equipamentos de telefonia e comunicação;"COMÉRCIO; REPARAÇÃO DE VEÍCULOS AUTOMOTORES E MOTOCICLETAS";G;46;46.5;SP
EED;18.697.295/0001-62;MS TELECOM SERVICES LTDA;16/08/2013;EPP;206-2;62.09-1-00;4433;28/08/2026;Suporte técnico, manutenção e outros serviços em tecnologia da informação;INFORMAÇÃO E COMUNICAÇÃO;J;62;62.0;SP
EED;03.017.428/0001-35;NCT INFORMÁTICA LTDA;04/03/1999;DEMAIS;206-2;62.04-0-00;4433;28/08/2026;Consultoria em tecnologia da informação;INFORMAÇÃO E COMUNICAÇÃO;J;62;62.0;DF
EED;03.017.428/0001-35;NCT INFORMÁTICA LTDA;04/03/1999;DEMAIS;206-2;47.51-2-01;4433;28/08/2026;Comércio varejista especializado de equipamentos e suprimentos de informática;"COMÉRCIO; REPARAÇÃO DE VEÍCULOS AUTOMOTORES E MOTOCICLETAS";G;47;47.5;DF
EED;03.017.428/0001-35;NCT INFORMÁTICA LTDA;04/03/1999;DEMAIS;206-2;47.52-1-00;4433;28/08/2026;Comércio varejista especializado de equipamentos de telefonia e comunicação;"COMÉRCIO; REPARAÇÃO DE VEÍCULOS AUTOMOTORES E MOTOCICLETAS";G;47;47.5;DF
EED;03.017.428/0001-35;NCT INFORMÁTICA LTDA;04/03/1999;DEMAIS;206-2;61.10-8-03;4433;28/08/2026;Telecomunicações por fio;INFORMAÇÃO E COMUNICAÇÃO;J;61;61.1;DF
EED;03.017.428/0001-35;NCT INFORMÁTICA LTDA;04/03/1999;DEMAIS;206-2;61.10-8-99;4433;28/08/2026;Telecomunicações por fio;INFORMAÇÃO E COMUNICAÇÃO;J;61;61.1;DF
EED;03.017.428/0001-35;NCT INFORMÁTICA LTDA;04/03/1999;DEMAIS;206-2;62.02-3-00;4433;28/08/2026;Desenvolvimento e licenciamento de programas de computador customizáveis;INFORMAÇÃO E COMUNICAÇÃO;J;62;62.0;DF
EED;03.017.428/0001-35;NCT INFORMÁTICA LTDA;04/03/1999;DEMAIS;206-2;62.03-1-00;4433;28/08/2026;Desenvolvimento e licenciamento de programas de computador não-customizáveis;INFORMAÇÃO E COMUNICAÇÃO;J;62;62.0;DF
EED;03.017.428/0001-35;NCT INFORMÁTICA LTDA;04/03/1999;DEMAIS;206-2;62.09-1-00;4433;28/08/2026;Suporte técnico, manutenção e outros serviços em tecnologia da informação;INFORMAÇÃO E COMUNICAÇÃO;J;62;62.0;DF
EED;03.017.428/0001-35;NCT INFORMÁTICA LTDA;04/03/1999;DEMAIS;206-2;68.21-8-02;4433;28/08/2026;Intermediação na compra, venda e aluguel de imóveis;ATIVIDADES IMOBILIÁRIAS;L;68;68.2;DF
EED;03.017.428/0001-35;NCT INFORMÁTICA LTDA;04/03/1999;DEMAIS;206-2;77.33-1-00;4433;28/08/2026;Aluguel de máquinas e equipamentos para escritório;ATIVIDADES ADMINISTRATIVAS E SERVIÇOS COMPLEMENTARES;N;77;77.3;DF
EED;03.017.428/0001-35;NCT INFORMÁTICA LTDA;04/03/1999;DEMAIS;206-2;77.39-0-99;4433;28/08/2026;Aluguel de máquinas e equipamentos não especificados anteriormente;ATIVIDADES ADMINISTRATIVAS E SERVIÇOS COMPLEMENTARES;N;77;77.3;DF
EED;03.017.428/0001-35;NCT INFORMÁTICA LTDA;04/03/1999;DEMAIS;206-2;85.99-6-04;4433;28/08/2026;Atividades de ensino não especificadas anteriormente;EDUCAÇÃO;P;85;85.9;DF
EED;03.017.428/0001-35;NCT INFORMÁTICA LTDA;04/03/1999;DEMAIS;206-2;95.11-8-00;4433;28/08/2026;Reparação e manutenção de computadores e de equipamentos periféricos;OUTRAS ATIVIDADES DE SERVIÇOS;S;95;95.1;DF
EED;03.017.428/0001-35;NCT INFORMÁTICA LTDA;04/03/1999;DEMAIS;206-2;95.12-6-00;4433;28/08/2026;Reparação e manutenção de equipamentos de comunicação;OUTRAS ATIVIDADES DE SERVIÇOS;S;95;95.1;DF
EED;48.697.609/0001-98;OUTER SPACE LTDA;23/11/2022;ME;206-2;72.10-0-00;4433;28/08/2026;Pesquisa e desenvolvimento experimental em ciências físicas e naturais;ATIVIDADES PROFISSIONAIS, CIENTÍFICAS E TÉCNICAS;M;72;72.1;SC
EED;48.697.609/0001-98;OUTER SPACE LTDA;23/11/2022;ME;206-2;28.11-9-00;4433;28/08/2026;Fabricação de motores e turbinas, exceto para aviões e veículos rodoviários;INDÚSTRIAS DE TRANSFORMAÇÃO;C;28;28.1;SC
EED;48.697.609/0001-98;OUTER SPACE LTDA;23/11/2022;ME;206-2;71.12-0-00;4433;28/08/2026;Serviços de engenharia;ATIVIDADES PROFISSIONAIS, CIENTÍFICAS E TÉCNICAS;M;71;71.1;SC
EED;48.697.609/0001-98;OUTER SPACE LTDA;23/11/2022;ME;206-2;71.19-7-03;4433;28/08/2026;Atividades técnicas relacionadas à arquitetura e engenharia;ATIVIDADES PROFISSIONAIS, CIENTÍFICAS E TÉCNICAS;M;71;71.1;SC
EED;48.697.609/0001-98;OUTER SPACE LTDA;23/11/2022;ME;206-2;71.19-7-99;4433;28/08/2026;Atividades técnicas relacionadas à arquitetura e engenharia;ATIVIDADES PROFISSIONAIS, CIENTÍFICAS E TÉCNICAS;M;71;71.1;SC
EED;26.800.308/0001-05;RADAZ INDÚSTRIA E COMÉRCIO DE PRODUTOS ELETRÔNICOS S.A.;04/01/2017;DEMAIS;205-4;26.51-5-00;4433;28/08/2026;Fabricação de aparelhos e equipamentos de medida, teste e controle;INDÚSTRIAS DE TRANSFORMAÇÃO;C;26;26.5;SP
EED;26.800.308/0001-05;RADAZ INDÚSTRIA E COMÉRCIO DE PRODUTOS ELETRÔNICOS S.A.;04/01/2017;DEMAIS;205-4;46.62-1-00;4433;28/08/2026;"Comércio atacadista de máquinas, equipamentos para terraplenagem, mineração e construção; partes e peças";"COMÉRCIO; REPARAÇÃO DE VEÍCULOS AUTOMOTORES E MOTOCICLETAS";G;46;46.6;SP
EED;26.800.308/0001-05;RADAZ INDÚSTRIA E COMÉRCIO DE PRODUTOS ELETRÔNICOS S.A.;04/01/2017;DEMAIS;205-4;62.03-1-00;4433;28/08/2026;Desenvolvimento e licenciamento de programas de computador não-customizáveis;INFORMAÇÃO E COMUNICAÇÃO;J;62;62.0;SP
EED;26.800.308/0001-05;RADAZ INDÚSTRIA E COMÉRCIO DE PRODUTOS ELETRÔNICOS S.A.;04/01/2017;DEMAIS;205-4;71.12-0-00;4433;28/08/2026;Serviços de engenharia;ATIVIDADES PROFISSIONAIS, CIENTÍFICAS E TÉCNICAS;M;71;71.1;SP
EED;26.800.308/0001-05;RADAZ INDÚSTRIA E COMÉRCIO DE PRODUTOS ELETRÔNICOS S.A.;04/01/2017;DEMAIS;205-4;71.19-7-01;4433;28/08/2026;Atividades técnicas relacionadas à arquitetura e engenharia;ATIVIDADES PROFISSIONAIS, CIENTÍFICAS E TÉCNICAS;M;71;71.1;SP
EED;26.800.308/0001-05;RADAZ INDÚSTRIA E COMÉRCIO DE PRODUTOS ELETRÔNICOS S.A.;04/01/2017;DEMAIS;205-4;72.10-0-00;4433;28/08/2026;Pesquisa e desenvolvimento experimental em ciências físicas e naturais;ATIVIDADES PROFISSIONAIS, CIENTÍFICAS E TÉCNICAS;M;72;72.1;SP
EED;26.800.308/0001-05;RADAZ INDÚSTRIA E COMÉRCIO DE PRODUTOS ELETRÔNICOS S.A.;04/01/2017;DEMAIS;205-4;77.39-0-99;4433;28/08/2026;Aluguel de máquinas e equipamentos não especificados anteriormente;ATIVIDADES ADMINISTRATIVAS E SERVIÇOS COMPLEMENTARES;N;77;77.3;SP
EED;46.717.032/0001-03;VIGILANT SOLUÇÕES INTELIGENTES DE SEGURANÇA LTDA;08/06/2022;DEMAIS;206-2;62.09-1-00;4433;28/08/2026;Suporte técnico, manutenção e outros serviços em tecnologia da informação;INFORMAÇÃO E COMUNICAÇÃO;J;62;62.0;SP
EED;46.717.032/0001-03;VIGILANT SOLUÇÕES INTELIGENTES DE SEGURANÇA LTDA;08/06/2022;DEMAIS;206-2;62.01-5-01;4433;28/08/2026;Desenvolvimento de programas de computador sob encomenda;INFORMAÇÃO E COMUNICAÇÃO;J;62;62.0;SP
EED;46.717.032/0001-03;VIGILANT SOLUÇÕES INTELIGENTES DE SEGURANÇA LTDA;08/06/2022;DEMAIS;206-2;62.02-3-00;4433;28/08/2026;Desenvolvimento e licenciamento de programas de computador customizáveis;INFORMAÇÃO E COMUNICAÇÃO;J;62;62.0;SP
EED;46.717.032/0001-03;VIGILANT SOLUÇÕES INTELIGENTES DE SEGURANÇA LTDA;08/06/2022;DEMAIS;206-2;62.03-1-00;4433;28/08/2026;Desenvolvimento e licenciamento de programas de computador não-customizáveis;INFORMAÇÃO E COMUNICAÇÃO;J;62;62.0;SP
EED;46.717.032/0001-03;VIGILANT SOLUÇÕES INTELIGENTES DE SEGURANÇA LTDA;08/06/2022;DEMAIS;206-2;62.04-0-00;4433;28/08/2026;Consultoria em tecnologia da informação;INFORMAÇÃO E COMUNICAÇÃO;J;62;62.0;SP
EED;46.717.032/0001-03;VIGILANT SOLUÇÕES INTELIGENTES DE SEGURANÇA LTDA;08/06/2022;DEMAIS;206-2;63.11-9-00;4433;28/08/2026;Tratamento de dados, provedores de serviços de aplicação e serviços de hospedagem na internet;INFORMAÇÃO E COMUNICAÇÃO;J;63;63.1;SP
EED;46.717.032/0001-03;VIGILANT SOLUÇÕES INTELIGENTES DE SEGURANÇA LTDA;08/06/2022;DEMAIS;206-2;85.99-6-03;4433;28/08/2026;Atividades de ensino não especificadas anteriormente;EDUCAÇÃO;P;85;85.9;SP
